--Stacy Davis
--Exam 3

use F20_stacyrh
go

--Drop tables:
--Old tables:
if exists (select 1 from sys.tables where name = 'OrderLine')			
Drop table OrderLine;
if exists (select 1 from sys.tables where name = 'Orders')				
Drop table Orders;
if exists (select 1 from sys.tables where name = 'Customer')			
Drop table Customer;
if exists (select 1 from sys.tables where name = 'OrderSource')			
Drop table OrderSource;
if exists (select 1 from sys.tables where name = 'ShipmentLine')		
Drop table ShipmentLine;
if exists (select 1 from sys.tables where name = 'Inventory')			
Drop table Inventory;
if exists (select 1 from sys.tables where name = 'Category')			
Drop table Category;
if exists (select 1 from sys.tables where name = 'Shipment')			
Drop table Shipment;
if exists (select 1 from sys.tables where name = 'dog')			
Drop table dog;
if exists (select 1 from sys.tables where name = 'owner')			
Drop table owner;
if exists (select 1 from sys.tables where name = 'dependent')			
Drop table dependent;
if exists (select 1 from sys.tables where name = 'employee')			
Drop table employee;
if exists (select 1 from sys.tables where name = 'Field')			
Drop table Field;
if exists (select 1 from sys.tables where name = 'Cattle')			
Drop table Cattle;
if exists (select 1 from sys.tables where name = 'Crop')		
Drop table Crop;
if exists (select 1 from sys.tables where name = 'SystemAccount')			
Drop table SystemAccount;
if exists (select 1 from sys.tables where name = 'Policy')			
Drop table Policy;
if exists (select 1 from sys.tables where name = 'Section')			
Drop table Section;
if exists (select 1 from sys.tables where name = 'PrimaryInsured')			
Drop table PrimaryInsured;
if exists (select 1 from sys.tables where name = 'Agency')			
Drop table Agency;
if exists (select 1 from sys.tables where name = 'Supervisor')			
Drop table Supervisor;
if exists (select 1 from sys.tables where name = 'Employee')			
Drop table employee;
go

--Current tables:
if exists (select 1 from sys.tables where name = 'BadThing')			
Drop table BadThing;
if exists (select 1 from sys.tables where name = 'Oversight')			
Drop table Oversight;
if exists (select 1 from sys.tables where name = 'TaintedCitizen')			
Drop table TaintedCitizen;
if exists (select 1 from sys.tables where name = 'Rebel')			
Drop table Rebel;
if exists (select 1 from sys.tables where name = 'Citizen')			
Drop table Citizen;
if exists (select 1 from sys.tables where name = 'AI')			
Drop table AI;
if exists (select 1 from sys.tables where name = 'Trope')			
Drop table Trope;
if exists (select 1 from sys.tables where name = 'PCP')			
Drop table PCP;
if exists (select 1 from sys.tables where name = 'Shell')			
Drop table Shell;
if exists (select 1 from sys.tables where name = 'Robot')			
Drop table Robot;
go

--Create tables:
create table Robot (
RobotName varchar(20) not null,								--pk Reference Const #1; fk Reference Const #2
Sound varchar(20),
FCoMB decimal(2,2),
BuilderName varchar(20) not null);							--fk Reference Const #2

--Const #1
alter table Robot add constraint Robotpk primary key (RobotName);
--Const #2
alter table Robot add constraint RobotBuilderNamefk foreign key (BuilderName) references Robot(RobotName); 

create table Shell (
SerialNo varchar(10) not null,								--pk Reference Const #3
Color varchar(25),
Weight smallint,
Pattern varchar(15),
RobotName varchar(20) not null);							--fk Reference Const #4

--Const #3
alter table Shell add constraint Shellpk primary key (SerialNo); 
--Const #4
alter table Shell add constraint ShellRobotNamefk foreign key (RobotName) references Robot(RobotName);

create table PCP (
HexValue varchar(20) not null,								--pk Reference Const #5
Language varchar(20),
Version decimal(3,1));

--Const #5
alter table PCP add constraint PCPpk primary key (HexValue);

create table Trope (
TropeID int identity (1,1) not null,						--pk Reference Const #6
SharkJumpLevel tinyint);

--Const #6
alter table Trope add constraint Tropepk primary key (TropeID);

create table AI ( 
HexValue varchar(20) not null,								--pk Reference Const #7; fk Reference Const #8
Attitude varchar(15),
TropeID int not null,										--pk Reference Const #7; fk Reference Const #9
SerialNo  varchar(10) not null,								--pk Reference Const #7; fk Reference Const #10
CreationDate date);

--Const #7
alter table AI add constraint AIfkpk primary key (HexValue, TropeID, SerialNo);
--Const #8
alter table AI add constraint AIHexValuefk foreign key (HexValue) references PCP(HexValue);
--Const #9
alter table AI add constraint AITropeIDfk foreign key (TropeID) references Trope(TropeID);
--Const #10
alter table AI add constraint AISerialNofk foreign key (SerialNo) references Shell(SerialNo);

create table Citizen (										--Supertype
SSSN smallint not null,										--pk Reference Const #11
StorageLocation varchar(15),
SneezeVelocity tinyint);

--Const #11
alter table Citizen add constraint Citizenpk primary key (SSSN);

create table Rebel (										--Subtype
R_SSSN smallint not null,									--pk Reference Const #12; fk Reference Const #13
RCN varchar(20),
CatchPhrase varchar(45));

--Const #12
alter table Rebel add constraint Rebelpk primary key (R_SSSN);
--Const #13
alter table Rebel add constraint RebelR_SSSNfk foreign key (R_SSSN) references Citizen(SSSN) on delete cascade;

create table TaintedCitizen (								--Subtype
TC_SSSN smallint not null,									--pk Reference Const #14; fk Reference Const #15
Cleanliness varchar(10));

--Const #14
alter table TaintedCitizen add constraint TaintedCitizenpk primary key (TC_SSSN);
--Const #15
alter table TaintedCitizen add constraint TaintedCitizenTC_SSSNfk foreign key (TC_SSSN) references Citizen(SSSN) on delete cascade;

create table Oversight (
OversightID smallint not null,								--pk Reference Const #16
StartDate date not null,
EndDate date,
Grade char(1),
SerialNo varchar(10) not null,								--fk Reference Const #17
TropeID int not null,										--fk Reference Const #17
HexValue varchar(20) not null,								--fk Reference Const #17
SSSN smallint not null);									--fk Reference Const #18
 
--Const #16
alter table Oversight add constraint Oversightpk primary key (OversightID);
--Const #17
alter table Oversight add constraint OversightHexValueTropeIDSerialNofk foreign key (HexValue, TropeID, SerialNo) references AI(HexValue, TropeID, SerialNo);
--Const #18
alter table Oversight add constraint OversightSSSNfk foreign key (SSSN) references Citizen(SSSN);

create table BadThing (										--Weak Entity
BTID smallint not null,										--pk Reference Const #19
TC_SSSN smallint not null,									--pk Reference Const #19; fk Reference Const #20
IncidentDate date,
Location varchar(15),
Action varchar(30),
PenaltyMonths smallint);

--Const #19
alter table BadThing add constraint BadThingpk primary key (BTID, TC_SSSN);
--Const #20
alter table BadThing add constraint BadThingTC_SSSNfk foreign key (TC_SSSN) references TaintedCitizen(TC_SSSN) on delete cascade;

--Insert values in tables:
--Change BuilderName to null:
alter table Robot alter column BuilderName varchar(20) null;

--Insert Robot table Values with "NULL" as BuilderName:
Insert into Robot values ('Botty', 'grind', 0.96, NULL);
Insert into Robot values ('Marvin PA', 'wub-wub', 0.55, NULL);
Insert into Robot values ('Iron Giant', 'warble', 0.29, NULL);
Insert into Robot values ('Automated Protection', 'growl', 0.46, NULL);
Insert into Robot values ('Clank', 'crackle', 0.49, NULL);
Insert into Robot values ('King Joe', 'grump', 0.61, NULL);
Insert into Robot values ('Astro Boy', 'rumble', 0.67, NULL);
Insert into Robot values ('Mega Man', 'spray', 0.04, NULL);
Insert into Robot values ('GERTY', 'blub', 0.09, NULL);
Insert into Robot values ('Awesom-O', 'thunder', 0.17, NULL);
Insert into Robot values ('Tachikoma', 'chirp', 0.42, NULL);
Insert into Robot values ('Bet Bot', 'babble', 0.7, NULL);
Insert into Robot values ('Bishop', 'putt-putt', 0.4, NULL);
Insert into Robot values ('Robo Man', 'flutter', 0.82, NULL);
Insert into Robot values ('Mr Roboto', 'groan', 0.67, NULL);
Insert into Robot values ('The Robo of Robovile', 'whimper', 0.62, NULL);
Insert into Robot values ('AI Expert', 'scurry', 0.79, NULL);
Insert into Robot values ('Wall-E', 'whack', 0.41, NULL);
Insert into Robot values ('Dot Matrix', 'trumpet', 0.15, NULL);
Insert into Robot values ('Sojourner', 'slash', 0.98, NULL);
Insert into Robot values ('Buttery Bot', 'bellow', 0.48, NULL);
Insert into Robot values ('Doraemon', 'whop', 0.02, NULL);
Insert into Robot values ('Cement Giant', 'cock-a-doodle-doo', 0.08, NULL);
Insert into Robot values ('Ready to Rob-OT', 'tweet', 0.53, NULL);
Insert into Robot values ('Crow T. Robot', 'lisp', 0.47, NULL);
Insert into Robot values ('Phitti Bot', 'chirr', 0.52, NULL);
Insert into Robot values ('Vector', 'haw', 0.59, NULL);
Insert into Robot values ('Johnny 5', 'pulse', 0.17, NULL);
Insert into Robot values ('HK-47', 'blip', 0.89, NULL);
Insert into Robot values ('ED-209', 'splosh', 0.93, NULL);
Insert into Robot values ('Data', 'pooh-pooh', 0.13, NULL);
Insert into Robot values ('H.E.L.P.eR.', 'moo', 0.56, NULL);
Insert into Robot values ('Obotify', 'hock', 0.8, NULL);
Insert into Robot values ('Rosie', 'tinkle', 0.51, NULL);
Insert into Robot values ('Roomba', 'blare', 0.07, NULL);
Insert into Robot values ('GLaDOS', 'purr', 0.1, NULL);
Insert into Robot values ('Captivator RII', 'croon', 0.97, NULL);
Insert into Robot values ('R.A.I.N', 'tee-hee', 0.39, NULL);
Insert into Robot values ('King Obot', 'tinkle', 0.75, NULL);
Insert into Robot values ('Operate-Bot', 'drum', 0.99, NULL);
Insert into Robot values ('Tom Servo', 'boing', 0.46, NULL);
Insert into Robot values ('Brainstormer', 'putt-putt', 0.66, NULL);
Insert into Robot values ('Robestocrat', 'blare', 0.9, NULL);
Insert into Robot values ('K-9', 'oompah', 0.59, NULL);
Insert into Robot values ('HAL 9000', 'bubble', 0.46, NULL);
Insert into Robot values ('Optimus Prime', 'whap', 0, NULL);
Insert into Robot values ('Revolutionized Man', 'trill', 0.44, NULL);
Insert into Robot values ('ASIMO', 'burp', 0.16, NULL);
Insert into Robot values ('Bender', 'sputter', 0.86, NULL);
Insert into Robot values ('Electric Veins', 'waft', 0.89, NULL);
Insert into Robot values ('KITT', 'clack', 0.46, NULL);
Insert into Robot values ('Robistic Heart', 'bing', 0.14, NULL);
Insert into Robot values ('Sci Bot', 'snort', 0.11, NULL);
Insert into Robot values ('Machinenmensch', 'rawr', 0.07, NULL);
Insert into Robot values ('R2D2', 'woof', 0.14, NULL);
Insert into Robot values ('Mobby', 'splat', 0.24, NULL);
Insert into Robot values ('I.F.E', 'low', 0.57, NULL);

--Update BuilderName with the correct value:
update Robot set BuilderName = 'Mr Roboto' where RobotName = 'Botty';
update Robot set BuilderName = 'Roomba' where RobotName = 'Marvin PA';
update Robot set BuilderName = 'Botty' where RobotName = 'Iron Giant';
update Robot set BuilderName = 'Astro Boy' where RobotName = 'Automated Protection';
update Robot set BuilderName = 'Captivator RII' where RobotName = 'Clank';
update Robot set BuilderName = 'Mobby' where RobotName = 'King Joe';
update Robot set BuilderName = 'K-9' where RobotName = 'Astro Boy';
update Robot set BuilderName = 'KITT' where RobotName = 'Mega Man';
update Robot set BuilderName = 'ED-209' where RobotName = 'GERTY';
update Robot set BuilderName = 'Robestocrat' where RobotName = 'Awesom-O';
update Robot set BuilderName = 'King Joe' where RobotName = 'Tachikoma';
update Robot set BuilderName = 'GERTY' where RobotName = 'Bet Bot';
update Robot set BuilderName = 'Data' where RobotName = 'Bishop';
update Robot set BuilderName = 'Iron Giant' where RobotName = 'Robo Man';
update Robot set BuilderName = 'R2D2' where RobotName = 'Mr Roboto';
update Robot set BuilderName = 'Robo Man' where RobotName = 'The Robo of Robovile';
update Robot set BuilderName = 'Bet Bot' where RobotName = 'AI Expert';
update Robot set BuilderName = 'Johnny 5' where RobotName = 'Wall-E';
update Robot set BuilderName = 'Brainstormer' where RobotName = 'Dot Matrix';
update Robot set BuilderName = 'Buttery Bot' where RobotName = 'Sojourner';
update Robot set BuilderName = 'Operate-Bot' where RobotName = 'Buttery Bot';
update Robot set BuilderName = 'Mobby' where RobotName = 'Doraemon';
update Robot set BuilderName = 'Crow T. Robot' where RobotName = 'Cement Giant';
update Robot set BuilderName = 'Astro Boy' where RobotName = 'Ready to Rob-OT';
update Robot set BuilderName = 'Astro Boy' where RobotName = 'Crow T. Robot';
update Robot set BuilderName = 'ASIMO' where RobotName = 'Phitti Bot';
update Robot set BuilderName = 'Mobby' where RobotName = 'Vector';
update Robot set BuilderName = 'Ready to Rob-OT' where RobotName = 'Johnny 5';
update Robot set BuilderName = 'AI Expert' where RobotName = 'HK-47';
update Robot set BuilderName = 'Operate-Bot' where RobotName = 'ED-209';
update Robot set BuilderName = 'Ready to Rob-OT' where RobotName = 'Data';
update Robot set BuilderName = 'The Robo of Robovile' where RobotName = 'H.E.L.P.eR.';
update Robot set BuilderName = 'Robo Man' where RobotName = 'Obotify';
update Robot set BuilderName = 'Roomba' where RobotName = 'Rosie';
update Robot set BuilderName = 'Revolutionized Man' where RobotName = 'Roomba';
update Robot set BuilderName = 'Data' where RobotName = 'GLaDOS';
update Robot set BuilderName = 'Awesom-O' where RobotName = 'Captivator RII';
update Robot set BuilderName = 'Phitti Bot' where RobotName = 'R.A.I.N';
update Robot set BuilderName = 'GERTY' where RobotName = 'King Obot';
update Robot set BuilderName = 'Mega Man' where RobotName = 'Operate-Bot';
update Robot set BuilderName = 'Mega Man' where RobotName = 'Tom Servo';
update Robot set BuilderName = 'GERTY' where RobotName = 'Brainstormer';
update Robot set BuilderName = 'Robistic Heart' where RobotName = 'Robestocrat';
update Robot set BuilderName = 'HK-47' where RobotName = 'K-9';
update Robot set BuilderName = 'Mr Roboto' where RobotName = 'HAL 9000';
update Robot set BuilderName = 'Sojourner' where RobotName = 'Optimus Prime';
update Robot set BuilderName = 'Clank' where RobotName = 'Revolutionized Man';
update Robot set BuilderName = 'Mobby' where RobotName = 'ASIMO';
update Robot set BuilderName = 'Tachikoma' where RobotName = 'Bender';
update Robot set BuilderName = 'Captivator RII' where RobotName = 'Electric Veins';
update Robot set BuilderName = 'Cement Giant' where RobotName = 'KITT';
update Robot set BuilderName = 'Vector' where RobotName = 'Robistic Heart';
update Robot set BuilderName = 'Tachikoma' where RobotName = 'Sci Bot';
update Robot set BuilderName = 'Optimus Prime' where RobotName = 'Machinenmensch';
update Robot set BuilderName = 'Bet Bot' where RobotName = 'R2D2';
update Robot set BuilderName = 'KITT' where RobotName = 'Mobby';
update Robot set BuilderName = 'Clank' where RobotName = 'I.F.E';

--Change BuilderName to not null:
alter table Robot alter column BuilderName varchar(20) not null;
 
--Insert Shell table values:
Insert into Shell values ('032T5N', 'Medium Blue ', 4786, 'Jacobean', 'Doraemon');
Insert into Shell values ('04ME81', 'Sapphire ', 7506, 'Suzani', 'Tom Servo');
Insert into Shell values ('05YV6GA8', 'Sandy Taupe ', 5518, 'Gingham', 'Vector');
Insert into Shell values ('08I0E96', 'Cadmium Yellow ', 7604, 'Jacobean', 'GLaDOS');
Insert into Shell values ('0D5U71', 'Dark Turquoise ', 7897, 'Gingham', 'H.E.L.P.eR.');
Insert into Shell values ('0DYUQB', 'Electric Green ', 5062, 'Chevron', 'Captivator RII');
Insert into Shell values ('0FPY4D', 'Fluorescent Yellow ', 1354, 'Matelasse', 'Obotify');
Insert into Shell values ('117U2H', 'Splashed White ', 4946, 'Chinoiserie', 'Botty');
Insert into Shell values ('11D8NS', 'Dark Sienna ', 1736, 'Chinoiserie', 'Botty');
Insert into Shell values ('12XY95', 'Medium Orchid ', 6493, 'Paisley', 'Botty');
Insert into Shell values ('1DY54ZA6W', 'Pansy Purple ', 2092, 'Paisley', 'Mega Man');
Insert into Shell values ('1HNML33X', 'Pale Aqua ', 4005, 'Greek Key', 'ASIMO');
Insert into Shell values ('1JNYMC', 'Dark Khaki ', 4051, 'Polka Dot', 'Botty');
Insert into Shell values ('1OXH5EU', 'Peach-Orange', 215, 'Plaid', 'ED-209');
Insert into Shell values ('1UTMH6', 'Medium Candy Apple Red ', 7941, 'Flamestitch', 'Data');
Insert into Shell values ('1VVSQ46F', 'Dark Gray ', 9536, 'Chevron', 'Crow T. Robot');
Insert into Shell values ('1W8QOX', 'Bright Pink ', 2175, 'Plaid', 'Cement Giant');
Insert into Shell values ('1ZJGV093B5', 'Chestnut ', 5806, 'Flamestitch', 'Data');
Insert into Shell values ('262MFR5', 'Pale Copper ', 740, 'Ikat', 'K-9');
Insert into Shell values ('2A5O0M', 'Egyptian Blue ', 732, 'Damask', 'Doraemon');
Insert into Shell values ('2AN3YY', 'Ruddy Brown ', 8748, 'Quartrefoil', 'Ready to Rob-OT');
Insert into Shell values ('2CG5SS', 'Palatinate Blue ', 5197, 'Herringbone', 'Wall-E');
Insert into Shell values ('2CWXPFB98', 'Azure ', 1198, 'Toile', 'Mobby');
Insert into Shell values ('2D28I9', 'Indian Red ', 576, 'Chevron', 'Mega Man');
Insert into Shell values ('2DBC41287V', 'Medium Persian Blue ', 4716, 'Herringbone', 'Iron Giant');
Insert into Shell values ('2ICSFP', 'Electric Purple ', 3906, 'Jacobean', 'Mega Man');
Insert into Shell values ('2N7CUAT68D', 'Vanilla ', 1002, 'Toile', 'Clank');
Insert into Shell values ('2P57MY', 'Laurel Green ', 661, 'Chevron', 'Robistic Heart');
Insert into Shell values ('2VPIZK', 'Teal Green ', 4415, 'Houndstooth', 'Iron Giant');
Insert into Shell values ('2Y4T5C', 'Deep Jungle Green ', 6817, 'Chinoiserie', 'Tachikoma');
Insert into Shell values ('2YS4KG', 'Bottle Green ', 7010, 'Plaid', 'Cement Giant');
Insert into Shell values ('30PEJ7UWSQ', 'Mountain Meadow ', 7106, 'Damask', 'Automated Protection');
Insert into Shell values ('34TC0D', 'Turquoise ', 6712, 'Herringbone', 'Mobby');
Insert into Shell values ('3D6I59', 'Peach ', 7892, 'Matelasse', 'Machinenmensch');
Insert into Shell values ('3M11Y71QSO', 'Mountain Meadow ', 5021, 'Jacobean', 'Tom Servo');
Insert into Shell values ('3NVM0A', 'Rose Quartz ', 6491, 'Ikat', 'Roomba');
Insert into Shell values ('3TVPOK', 'Light Salmon Pink ', 8655, 'Toile', 'King Joe');
Insert into Shell values ('3VS36Y', 'French Beige ', 6060, 'Damask', 'Robistic Heart');
Insert into Shell values ('3YRHXR', 'Light Pink ', 3539, 'Toile', 'Bender');
Insert into Shell values ('423FD511', 'Black ', 1344, 'Toile', 'Mega Man');
Insert into Shell values ('4BR55VJ', 'Fire Engine Red ', 3792, 'Herringbone', 'King Joe');
Insert into Shell values ('4E88SJ3', 'Medium Orchid ', 791, 'Suzani', 'Sojourner');
Insert into Shell values ('4M2QFM', 'Medium Teal Blue ', 185, 'Ikat', 'Wall-E');
Insert into Shell values ('4M2QLFE', 'Dark Jungle Green ', 7950, 'Herringbone', 'Revolutionized Man');
Insert into Shell values ('57VXH4', 'Screamin'' Green ', 2299, 'Polka Dot', 'Buttery Bot');
Insert into Shell values ('5GUSUX6P1', 'Paris Green ', 6044, 'Animal', 'The Robo of Robovile');
Insert into Shell values ('5NLLJZ', 'Raw Umber ', 5406, 'Gingham', 'KITT');
Insert into Shell values ('5QE4X6', 'Cocoa Brown ', 8481, 'Animal', 'R.A.I.N');
Insert into Shell values ('6IJNIH', 'Midnight Green', 2760, 'Houndstooth', 'Ready to Rob-OT');
Insert into Shell values ('6J27JRG0', 'Harvest Gold ', 815, 'Paisley', 'Machinenmensch');
Insert into Shell values ('6OKDPYJF', 'Tea Rose', 8944, 'Matelasse', 'Buttery Bot');
Insert into Shell values ('6ZN05N', 'Cornsilk ', 5053, 'Damask', 'King Joe');
Insert into Shell values ('70N4EO', 'Cotton Candy ', 3666, 'Animal', 'Sci Bot');
Insert into Shell values ('7CVMJK8T', 'Old Rose ', 8264, 'Flamestitch', 'Johnny 5');
Insert into Shell values ('7F2UIJ', 'Copper ', 4084, 'Suzani', 'Sojourner');
Insert into Shell values ('7P4Z5E', 'Deep Magenta ', 9580, 'Suzani', 'Wall-E');
Insert into Shell values ('87V4LZJIEO', 'Teal Blue ', 6068, 'Gingham', 'Mr Roboto');
Insert into Shell values ('8CRLN1226', 'Medium Violet-Red ', 4597, 'Plaid', 'I.F.E');
Insert into Shell values ('8DJ2MQGD4D', 'Rich Lavender ', 899, 'Herringbone', 'Robistic Heart');
Insert into Shell values ('8GXHO3IIU0', 'Charcoal ', 4231, 'Chevron', 'The Robo of Robovile');
Insert into Shell values ('8HGO5S', 'Lavender Indigo ', 6290, 'Ogee', 'Robo Man');
Insert into Shell values ('8RCTOX', 'Burlywood ', 9124, 'Paisley', 'Operate-Bot');
Insert into Shell values ('8V36I2', 'Pale Cerulean ', 2702, 'Matelasse', 'Wall-E');
Insert into Shell values ('9A6CKZDB', 'Raspberry Rose ', 2534, 'Paisley', 'Robo Man');
Insert into Shell values ('9BL5KW', 'Magenta', 8226, 'Southwestern', 'Tom Servo');
Insert into Shell values ('9CCEWQNI', 'Umber ', 566, 'Greek Key', 'Electric Veins');
Insert into Shell values ('9EILRM', 'Lavender Pink ', 8125, 'Greek Key', 'Mr Roboto');
Insert into Shell values ('9OUT4C9TB', 'Pale Green ', 6132, 'Polka Dot', 'Optimus Prime');
Insert into Shell values ('9QLSKU', 'Deep Champagne ', 5098, 'Paisley', 'KITT');
Insert into Shell values ('9UD0E1', 'Platinum ', 4503, 'Southwestern', 'Revolutionized Man');
Insert into Shell values ('9Z21I9', 'Electric Purple ', 1951, 'Flamestitch', 'Mobby');
Insert into Shell values ('A19R943N', 'Russet ', 2829, 'Paisley', 'Sojourner');
Insert into Shell values ('A25D3ZTNWP', 'Persian Rose ', 8528, 'Houndstooth', 'Bet Bot');
Insert into Shell values ('A3029U', 'Blue ', 1592, 'Gingham', 'Automated Protection');
Insert into Shell values ('AA2GT7', 'Carnelian ', 2709, 'Herringbone', 'Robo Man');
Insert into Shell values ('AL96I4LT', 'Screamin'' Green ', 6417, 'Jacobean', 'Iron Giant');
Insert into Shell values ('AVM59G', 'Dark Cyan ', 2800, 'Plaid', 'Phitti Bot');
Insert into Shell values ('B8RSBY8BE', 'Cadmium Green ', 517, 'Houndstooth', 'Sci Bot');
Insert into Shell values ('BORXUS', 'Medium Electric Blue ', 8090, 'Chinoiserie', 'I.F.E');
Insert into Shell values ('BTD3I5', 'Blue Bell ', 2875, 'Animal', 'Automated Protection');
Insert into Shell values ('BY8HRJWJ1', 'Powder Blue', 6112, 'Ikat', 'Crow T. Robot');
Insert into Shell values ('BYFIHPY', 'Scarlet ', 8765, 'Matelasse', 'K-9');
Insert into Shell values ('BYMD5I', 'Jade', 2728, 'Southwestern', 'Roomba');
Insert into Shell values ('C2LAEAG', 'Light Slate Gray ', 9757, 'Jacobean', 'Mobby');
Insert into Shell values ('C5AT18N57', 'Medium Persian Blue ', 1069, 'Chevron', 'ED-209');
Insert into Shell values ('CAVYMB', 'Mint Green ', 1066, 'Suzani', 'King Obot');
Insert into Shell values ('CD5SFN', 'Camel ', 7680, 'Jacobean', 'King Joe');
Insert into Shell values ('CZZIHN', 'Scarlet ', 2351, 'Suzani', 'Vector');
Insert into Shell values ('DCZ0IA', 'Golden Brown ', 1980, 'Flamestitch', 'Awesom-O');
Insert into Shell values ('DQC6OMACWK', 'Pistachio ', 2556, 'Ogee', 'Johnny 5');
Insert into Shell values ('DW1P2Q367Y', 'Unmellow Yellow ', 7024, 'Jacobean', 'Johnny 5');
Insert into Shell values ('DW6FSR', 'Ultramarine ', 4795, 'Flamestitch', 'R.A.I.N');
Insert into Shell values ('DWDJMZ6ZW', 'Celestial Blue ', 3230, 'Ikat', 'Sci Bot');
Insert into Shell values ('DX47MCU7QS', 'Dark Taupe ', 6286, 'Houndstooth', 'Johnny 5');
Insert into Shell values ('E5NVD0', 'Blue Green ', 3426, 'Suzani', 'Sci Bot');
Insert into Shell values ('E9HS1E', 'Deep Carmine ', 363, 'Ogee', 'Machinenmensch');
Insert into Shell values ('EBRDKA', 'Medium Red-Violet ', 4140, 'Gingham', 'Brainstormer');
Insert into Shell values ('EC15Y6Z', 'Green Yellow ', 2779, 'Greek Key', 'KITT');
Insert into Shell values ('EVIBKJ', 'Electric Violet ', 7030, 'Chinoiserie', 'R.A.I.N');
Insert into Shell values ('EW6T2L', 'Flame ', 7701, 'Greek Key', 'KITT');
Insert into Shell values ('F3L78PWF7', 'Medium Persian Blue ', 7179, 'Matelasse', 'Cement Giant');
Insert into Shell values ('FAPGGM', 'Olive Drab', 1482, 'Chevron', 'Captivator RII');
Insert into Shell values ('FD2E0JH', 'Auburn ', 78, 'Houndstooth', 'Crow T. Robot');
Insert into Shell values ('FKTWJYEB2', 'Medium Persian Blue ', 1836, 'Damask', 'I.F.E');
Insert into Shell values ('FSHOGMH', 'Electric Lime ', 1379, 'Quartrefoil', 'Obotify');
Insert into Shell values ('GXNBQ1NE3', 'Dark Turquoise ', 5575, 'Damask', 'Iron Giant');
Insert into Shell values ('GZANJA', 'Lavender Mist ', 7117, 'Houndstooth', 'Mr Roboto');
Insert into Shell values ('H4SO62', 'Lavender Blue ', 8203, 'Greek Key', 'Data');
Insert into Shell values ('H7N3ZA', 'Wheat ', 1683, 'Herringbone', 'Operate-Bot');
Insert into Shell values ('H8LDV5R5', 'Mango Tango ', 9722, 'Jacobean', 'Tachikoma');
Insert into Shell values ('H8LPX9O9', 'Otter Brown ', 309, 'Jacobean', 'AI Expert');
Insert into Shell values ('HIES52', 'Han Blue ', 5751, 'Paisley', 'Dot Matrix');
Insert into Shell values ('HMUXRN', 'Cornflower Blue ', 5148, 'Damask', 'Sojourner');
Insert into Shell values ('HVGSCOY', 'Dogwood Rose ', 623, 'Ogee', 'Doraemon');
Insert into Shell values ('HZED6Z', 'Ash Grey ', 4212, 'Damask', 'Bishop');
Insert into Shell values ('I0TXI6NKW', 'Ruddy Brown ', 8300, 'Damask', 'Roomba');
Insert into Shell values ('I5M5WA', 'Dark Khaki ', 4211, 'Suzani', 'Mr Roboto');
Insert into Shell values ('I7WEYW', 'Moonstone Blue ', 7124, 'Damask', 'Vector');
Insert into Shell values ('I9RV30', 'Pale Cerulean ', 8191, 'Houndstooth', 'Wall-E');
Insert into Shell values ('IBEJL2', 'Sky Blue ', 7177, 'Polka Dot', 'Dot Matrix');
Insert into Shell values ('IX51GZSJXS', 'India Green ', 9661, 'Animal', 'Robistic Heart');
Insert into Shell values ('J3IEIO', 'Indigo', 9133, 'Herringbone', 'Sojourner');
Insert into Shell values ('JBIH4N0JMR', 'Electric Yellow ', 6573, 'Houndstooth', 'Buttery Bot');
Insert into Shell values ('JHJCMEV', 'Dark Brown ', 3218, 'Jacobean', 'Revolutionized Man');
Insert into Shell values ('JK3JU5', 'Dark Scarlet ', 8317, 'Herringbone', 'King Joe');
Insert into Shell values ('JL7DK6', 'Russet ', 9487, 'Chinoiserie', 'Buttery Bot');
Insert into Shell values ('JPN8JN', 'Naples Yellow ', 1382, 'Chevron', 'Robo Man');
Insert into Shell values ('JWOPDL', 'Seal Brown ', 2849, 'Paisley', 'Rosie');
Insert into Shell values ('K5X31U', 'Cadet Blue ', 7359, 'Herringbone', 'K-9');
Insert into Shell values ('K6MR1V', 'Tea Green ', 1272, 'Plaid', 'Sci Bot');
Insert into Shell values ('K7KDMD', 'Dark Coral ', 5730, 'Quartrefoil', 'ASIMO');
Insert into Shell values ('K9OTNW7KB', 'Lava ', 740, 'Chevron', 'Wall-E');
Insert into Shell values ('KABVD4UXX', 'Ginger ', 3314, 'Gingham', 'King Obot');
Insert into Shell values ('KJ6JCR', 'Pearl ', 2893, 'Matelasse', 'Bet Bot');
Insert into Shell values ('KM0AN5R', 'White Smoke ', 8482, 'Paisley', 'The Robo of Robovile');
Insert into Shell values ('KP6GCTZVHV', 'Bisque ', 3875, 'Paisley', 'Cement Giant');
Insert into Shell values ('KYSNA7', 'Crimson ', 10000, 'Ogee', 'King Joe');
Insert into Shell values ('L1V1UC', 'Persian Pink ', 8693, 'Flamestitch', 'Bender');
Insert into Shell values ('L62POPM49L', 'Pastel Orange ', 5248, 'Herringbone', 'ASIMO');
Insert into Shell values ('L8R9KG', 'Rose Gold ', 8237, 'Damask', 'Iron Giant');
Insert into Shell values ('LAF3OFZP', 'Arylide Yellow ', 3956, 'Ogee', 'ASIMO');
Insert into Shell values ('LCX2Y5EK', 'Dark Chestnut ', 7046, 'Greek Key', 'Sci Bot');
Insert into Shell values ('LLROC6PI', 'Splashed White ', 1373, 'Herringbone', 'Roomba');
Insert into Shell values ('LLTW5F', 'Wild Watermelon ', 6304, 'Gingham', 'Wall-E');
Insert into Shell values ('LP8QG4', 'Venetian Red ', 5361, 'Southwestern', 'Tom Servo');
Insert into Shell values ('LU2O7WB', 'Robin Egg Blue ', 9414, 'Chinoiserie', 'Botty');
Insert into Shell values ('LUWPJRUF', 'Sunglow ', 6686, 'Jacobean', 'Automated Protection');
Insert into Shell values ('LX65V3', 'Dark Lava ', 62, 'Ogee', 'K-9');
Insert into Shell values ('LXOJYK', 'Sepia ', 5827, 'Gingham', 'Data');
Insert into Shell values ('LYRBZJHS5', 'Dark Gray ', 5522, 'Matelasse', 'Data');
Insert into Shell values ('M9FFL6S3HI', 'Topaz ', 200, 'Southwestern', 'Wall-E');
Insert into Shell values ('MBWX54RW', 'Caribbean Green ', 7554, 'Herringbone', 'Optimus Prime');
Insert into Shell values ('MOXI6AP3KB', 'Goldenrod ', 4703, 'Animal', 'Ready to Rob-OT');
Insert into Shell values ('MP9RT1', 'Blue Gray ', 8530, 'Suzani', 'Marvin PA');
Insert into Shell values ('MWT8FS', 'Medium Aquamarine ', 177, 'Ikat', 'Optimus Prime');
Insert into Shell values ('N9I9ZY9', 'Crimson ', 529, 'Quartrefoil', 'Bender');
Insert into Shell values ('NCBMEKU', 'Pearl ', 5501, 'Herringbone', 'ASIMO');
Insert into Shell values ('NL8CR43H', 'Magenta', 7745, 'Flamestitch', 'Cement Giant');
Insert into Shell values ('NNA5ZY', 'Eggplant ', 9837, 'Suzani', 'K-9');
Insert into Shell values ('NNPK54O0', 'Teal Green ', 9909, 'Chinoiserie', 'Bet Bot');
Insert into Shell values ('NOF28HZ5', 'Tangerine ', 5876, 'Gingham', 'King Joe');
Insert into Shell values ('NOJAQM', 'Pale Cerulean ', 5576, 'Ikat', 'HAL 9000');
Insert into Shell values ('NOX09028MW', 'Honeydew ', 4297, 'Jacobean', 'Mobby');
Insert into Shell values ('NT18XU19VG', 'Pale Green ', 7589, 'Matelasse', 'Optimus Prime');
Insert into Shell values ('OF7UQJHY', 'Dark Slate Blue ', 5550, 'Damask', 'Vector');
Insert into Shell values ('OHBBCM0LQ2', 'Rich Lavender ', 8294, 'Matelasse', 'Machinenmensch');
Insert into Shell values ('ORABD0', 'Pastel Pink ', 8708, 'Flamestitch', 'Tom Servo');
Insert into Shell values ('OTOSFFMLJ', 'Dark Lavender ', 6887, 'Southwestern', 'Obotify');
Insert into Shell values ('OX9X753MBG', 'India Green ', 2322, 'Flamestitch', 'Bender');
Insert into Shell values ('P6PSXM', 'Pale Taupe ', 4636, 'Toile', 'Obotify');
Insert into Shell values ('PDUV6B8TF3', 'Cadmium Green ', 4215, 'Paisley', 'Operate-Bot');
Insert into Shell values ('PE6IW2', 'Deep Lilac ', 6692, 'Flamestitch', 'Obotify');
Insert into Shell values ('PHRL6K39', 'Camel ', 8139, 'Animal', 'Operate-Bot');
Insert into Shell values ('POYSUVKI', 'Straw ', 3013, 'Paisley', 'Doraemon');
Insert into Shell values ('PW1ABBDL2F', 'Tea Rose', 4182, 'Quartrefoil', 'Mobby');
Insert into Shell values ('Q1TU98PR', 'Coffee ', 7607, 'Plaid', 'Operate-Bot');
Insert into Shell values ('Q7LV73', 'Maize ', 1898, 'Matelasse', 'Mr Roboto');
Insert into Shell values ('QD1UQ8', 'Pink ', 2445, 'Paisley', 'I.F.E');
Insert into Shell values ('QNR7RXDBZD', 'Light Apricot ', 5827, 'Chevron', 'KITT');
Insert into Shell values ('QNZ1NUXHHX', 'Light Pastel Purple ', 9561, 'Jacobean', 'R.A.I.N');
Insert into Shell values ('QSOYH2Z', 'Umber ', 3408, 'Paisley', 'Brainstormer');
Insert into Shell values ('QUZVDFP7G', 'Dim Gray ', 216, 'Paisley', 'Marvin PA');
Insert into Shell values ('R3BNDPXK', 'Pastel Yellow ', 4164, 'Southwestern', 'Revolutionized Man');
Insert into Shell values ('R3O5O1', 'Aqua ', 6926, 'Herringbone', 'Awesom-O');
Insert into Shell values ('R61KTH', 'Golden Brown ', 4175, 'Jacobean', 'Wall-E');
Insert into Shell values ('RH4J15LIQ', 'Amber ', 4951, 'Houndstooth', 'Wall-E');
Insert into Shell values ('RT9B1C', 'Blue Violet ', 701, 'Chinoiserie', 'Automated Protection');
Insert into Shell values ('RWN9GS9V', 'Medium Slate Blue ', 8362, 'Southwestern', 'KITT');
Insert into Shell values ('S2MQC4', 'Light Crimson ', 4019, 'Plaid', 'H.E.L.P.eR.');
Insert into Shell values ('S3EHC2', 'Seal Brown ', 7811, 'Chevron', 'ASIMO');
Insert into Shell values ('S4QLODSST', 'Red-Violet ', 6432, 'Ikat', 'Clank');
Insert into Shell values ('S4W0NT', 'Asparagus ', 8301, 'Suzani', 'Wall-E');
Insert into Shell values ('S9SHY98', 'Paris Green ', 718, 'Ikat', 'Dot Matrix');
Insert into Shell values ('SC5AG5', 'Moss Green ', 5909, 'Polka Dot', 'Awesom-O');
Insert into Shell values ('SGNXI12C6', 'Columbia Blue ', 5234, 'Matelasse', 'Bender');
Insert into Shell values ('SO5AYX', 'Dark Tan ', 4749, 'Chevron', 'Robistic Heart');
Insert into Shell values ('SQH15N2I', 'Olive ', 4401, 'Gingham', 'Captivator RII');
Insert into Shell values ('SVN66I', 'Rosy Brown ', 1327, 'Jacobean', 'R2D2');
Insert into Shell values ('SXQLB49S6', 'Dark Sea Green ', 3841, 'Ikat', 'HAL 9000');
Insert into Shell values ('SYP590', 'Dark Midnight Blue ', 9215, 'Polka Dot', 'Optimus Prime');
Insert into Shell values ('TA6XIR', 'Electric Indigo ', 8219, 'Plaid', 'Doraemon');
Insert into Shell values ('TARCJK', 'Cool Black ', 250, 'Matelasse', 'Johnny 5');
Insert into Shell values ('TQO86D8', 'Pale Robin Egg Blue ', 4943, 'Plaid', 'Bishop');
Insert into Shell values ('TW7N642EY', 'Misty Rose ', 1522, 'Paisley', 'Clank');
Insert into Shell values ('TX1N9VP', 'Light Cornflower Blue ', 5304, 'Polka Dot', 'Tachikoma');
Insert into Shell values ('U71PKKQ', 'Sunset ', 5825, 'Gingham', 'GLaDOS');
Insert into Shell values ('U8YH60', 'Pear ', 5407, 'Herringbone', 'Robestocrat');
Insert into Shell values ('U9R9HB', 'Plum', 5574, 'Herringbone', 'Data');
Insert into Shell values ('UHNU2B', 'Lavender Purple ', 4922, 'Animal', 'Operate-Bot');
Insert into Shell values ('UK04D9', 'Light Blue ', 6192, 'Ogee', 'ED-209');
Insert into Shell values ('UOQ5NAA', 'Orchid ', 7509, 'Matelasse', 'Roomba');
Insert into Shell values ('UXO6V6', 'Dark Pastel Green ', 5688, 'Matelasse', 'Johnny 5');
Insert into Shell values ('UZ6Q321I41', 'Red ', 8, 'Toile', 'Sojourner');
Insert into Shell values ('V0VQ4K8CWG', 'Cornflower Blue ', 8994, 'Suzani', 'Mr Roboto');
Insert into Shell values ('V3B1QM1U', 'Pastel Purple ', 5276, 'Herringbone', 'Cement Giant');
Insert into Shell values ('V40GELZ', 'Pale Spring Bud ', 8769, 'Chinoiserie', 'Captivator RII');
Insert into Shell values ('V50J4K', 'Puce ', 6135, 'Ikat', 'Robo Man');
Insert into Shell values ('VA3VQQXJ', 'Indian Red ', 5583, 'Chevron', 'Robistic Heart');
Insert into Shell values ('VBPNN8', 'Cardinal ', 506, 'Houndstooth', 'Awesom-O');
Insert into Shell values ('VKM2F6MUE', 'Quartz ', 1112, 'Ikat', 'Electric Veins');
Insert into Shell values ('W6QBTW0UE0', 'Paris Green ', 8660, 'Flamestitch', 'GERTY');
Insert into Shell values ('W8VBVM', 'Harlequin ', 5815, 'Ogee', 'Electric Veins');
Insert into Shell values ('WDC3CEA5B', 'Electric Ultramarine ', 3518, 'Herringbone', 'ED-209');
Insert into Shell values ('WDH90I', 'Maroon', 6600, 'Ogee', 'Machinenmensch');
Insert into Shell values ('WI0S8DZGJ1', 'Prune ', 4446, 'Southwestern', 'Crow T. Robot');
Insert into Shell values ('WRA098GV', 'Deep Magenta ', 7584, 'Toile', 'Phitti Bot');
Insert into Shell values ('WSXBMHP8G', 'Dark Slate Gray ', 6319, 'Houndstooth', 'Botty');
Insert into Shell values ('X58KYW3P', 'Desert ', 7019, 'Chinoiserie', 'Buttery Bot');
Insert into Shell values ('XA1HC0', 'Sky Blue ', 7585, 'Suzani', 'Robestocrat');
Insert into Shell values ('XE6AWAD', 'Pastel Gray ', 87, 'Plaid', 'Phitti Bot');
Insert into Shell values ('XG46EPZSJM', 'Turkish Rose ', 8497, 'Ogee', 'H.E.L.P.eR.');
Insert into Shell values ('XHXZPX', 'Auburn ', 2474, 'Ikat', 'Phitti Bot');
Insert into Shell values ('XJ6DWW', 'Laurel Green ', 7151, 'Houndstooth', 'Sojourner');
Insert into Shell values ('XKH1MN', 'Bulgarian Rose ', 7142, 'Plaid', 'Bishop');
Insert into Shell values ('XQOGYCV', 'Columbia Blue ', 1156, 'Chinoiserie', 'AI Expert');
Insert into Shell values ('XREICD', 'Ruddy Brown ', 5411, 'Gingham', 'Vector');
Insert into Shell values ('XRM5BI', 'Pink Pearl ', 7966, 'Damask', 'Robistic Heart');
Insert into Shell values ('Y2VJD9XXI5', 'Piggy Pink ', 9399, 'Southwestern', 'AI Expert');
Insert into Shell values ('Y81IS9DR61', 'Indian Yellow ', 5395, 'Chevron', 'Data');
Insert into Shell values ('YETQ8X', 'Apple Green ', 6771, 'Plaid', 'Cement Giant');
Insert into Shell values ('YGVOXL8YF', 'Radical Red ', 8258, 'Matelasse', 'Automated Protection');
Insert into Shell values ('YOC1MIEN', 'Spring Bud ', 3006, 'Paisley', 'Buttery Bot');
Insert into Shell values ('YRQKGPN', 'Dark Midnight Blue ', 1119, 'Houndstooth', 'GERTY');
Insert into Shell values ('YSD9UN4E', 'Persian Orange ', 3549, 'Houndstooth', 'ASIMO');
Insert into Shell values ('YZP0WI', 'Navy Blue ', 8109, 'Flamestitch', 'Vector');
Insert into Shell values ('Z40NJAP3', 'Tumbleweed ', 1583, 'Herringbone', 'Mega Man');
Insert into Shell values ('ZI8FJRIPAQ', 'Thulian Pink ', 2049, 'Ikat', 'Phitti Bot');
Insert into Shell values ('ZT8QM9', 'Cherry Blossom Pink ', 6410, 'Southwestern', 'Optimus Prime');
Insert into Shell values ('ZU5FJKE4Y', 'Sky Magenta ', 730, 'Gingham', 'Bishop');
Insert into Shell values ('ZWF7FD', 'Dark Goldenrod ', 6804, 'Southwestern', 'Captivator RII');

--Insert PCP table values:
Insert into PCP values ('02RZBAJ5Z9AJR2L9', 'Marathi', 11.5);
Insert into PCP values ('0CAP8OOA0OXHH02U', 'Tonga', 7.2);
Insert into PCP values ('0N68P1YP4MNLFXRO', 'Ukrainian', 12.9);
Insert into PCP values ('0PVE2FTDWJ2XRNYX', 'Armenian', 1.3);
Insert into PCP values ('0QR773WPQMO8LD74', 'Nepali', 5.2);
Insert into PCP values ('0S4YMQMZEG8RM9IL', 'Korean', 1.7);
Insert into PCP values ('0T8EDH1STAEOZNTH', 'Chinese (Mandarin)', 12.2);
Insert into PCP values ('0XAZDM6591U4TBWD', 'Turkish', 8.6);
Insert into PCP values ('0YC8IA30NOUP5OUW', 'Maori', 0.6);
Insert into PCP values ('18EOISOZO56CWR78', 'Maltese', 13.3);
Insert into PCP values ('1939IIMO5KL4TBE0', 'English', 9.2);
Insert into PCP values ('1B7F6KOCR3592A6M', 'Marathi', 9.7);
Insert into PCP values ('1KBMRVF1VHWFVLWH', 'Tatar', 5.2);
Insert into PCP values ('1XRYB5CMAV1QOV32', 'Basque', 13.8);
Insert into PCP values ('20R6A0ZW5TN5KQ92', 'Arabic', 4.4);
Insert into PCP values ('26QIITY328O418H0', 'Basque', 1.1);
Insert into PCP values ('2LOPLWSRTQ0KDGQ5', 'Bengali', 2.7);
Insert into PCP values ('2MZB4A539J8IC4RB', 'Javanese', 10.5);
Insert into PCP values ('2NSHBQ2N4J39XRX5', 'Uzbek', 0.7);
Insert into PCP values ('2P3RQ1ZVW4B2ES1G', 'Basque', 4.1);
Insert into PCP values ('30OGWYDGL3TN2JYP', 'Dutch', 0.6);
Insert into PCP values ('337GVDOZQ9YPWNG7', 'Latvian', 7.6);
Insert into PCP values ('38YALNX986CZD09M', 'Javanese', 12.2);
Insert into PCP values ('3FTSDBGF1U6D5V4E', 'Catalan', 6.3);
Insert into PCP values ('3WJ5AMJPO9M5QSD4', 'Vietnamese', 5);
Insert into PCP values ('40M24WZKVI1DKVYM', 'Russian', 0);
Insert into PCP values ('4CIADAUFEYTWXSVM', 'Nepali', 10.1);
Insert into PCP values ('4E3T6VUTMC5JA0JX', 'Italian', 13.7);
Insert into PCP values ('4E5598EBC9VD6TIN', 'Quechua', 4.9);
Insert into PCP values ('4KACIS64UBXB1B2U', 'Punjabi', 10.8);
Insert into PCP values ('4W8KDLOWYHGRV03H', 'Lithuanian', 11.4);
Insert into PCP values ('4X6922IR2DASMMTT', 'Romanian', 14.1);
Insert into PCP values ('55ND0YWK7F3MTBAS', 'Romanian', 12.8);
Insert into PCP values ('56UY4B46FM61TAGT', 'Tonga', 6.5);
Insert into PCP values ('5M4K4CI1FGTABW8T', 'French', 2.3);
Insert into PCP values ('5S3UHNUGX9IKNE37', 'Basque', 10.1);
Insert into PCP values ('5TE6JWRELOTH1CHC', 'Norwegian', 7.1);
Insert into PCP values ('64TVWRHARIE5NTNB', 'Croatian', 7.3);
Insert into PCP values ('6AURSC1MT47SOKFL', 'Tonga', 14.9);
Insert into PCP values ('6CZM28XWGMZEC1L1', 'Romanian', 1.7);
Insert into PCP values ('6DL91TFIKZS840IL', 'Russian', 12.9);
Insert into PCP values ('6GH7YEYNENIKZ4C4', 'Gujarati', 4.9);
Insert into PCP values ('6M011YSIKQEHSI57', 'Italian', 11.9);
Insert into PCP values ('6SVKMSW55WMD0SCD', 'Fiji', 6.7);
Insert into PCP values ('6V4VXMARZY7IRE8R', 'Korean', 12.6);
Insert into PCP values ('75U3A02CV4H4ZEMC', 'Albanian', 12.6);
Insert into PCP values ('77B0FPKUUVNN7CVH', 'Fiji', 6.7);
Insert into PCP values ('7DG3GXVZHAC5C6ZK', 'Cambodian', 7.9);
Insert into PCP values ('7FJHTBPN9RJ995P1', 'Dutch', 9.3);
Insert into PCP values ('7FUAOQYO8DREDDHF', 'Macedonian', 11);
Insert into PCP values ('7GT35AN84UNWBN22', 'Albanian', 6.3);
Insert into PCP values ('7S524A0S2604DT6W', 'Javanese', 8.5);
Insert into PCP values ('7SW76ZN8XJOH3OR4', 'Greek', 1.8);
Insert into PCP values ('7X1SJQDF3QI9HDER', 'Persian', 13);
Insert into PCP values ('8700PNV6UVT36DOO', 'Danish', 1.4);
Insert into PCP values ('8F3IQ262GSB0YI7X', 'Norwegian', 5.1);
Insert into PCP values ('8IJ3RAEKOI22ZWQG', 'Croatian', 11.1);
Insert into PCP values ('8MPWPZ610MIZIOVB', 'Basque', 13.4);
Insert into PCP values ('8MQ3DD4XNXLTZMFP', 'Turkish', 3.8);
Insert into PCP values ('8QFO8MJXK1035AHQ', 'English', 8.9);
Insert into PCP values ('8ROOBQV9LB2C1N8L', 'Hindi', 13.7);
Insert into PCP values ('8S40ERYECRBSFROE', 'Armenian', 11.4);
Insert into PCP values ('8S6SG5UC7XQ3BEVQ', 'Japanese', 7);
Insert into PCP values ('8WYR1XM91HLE6A48', 'Chinese (Mandarin)', 6.3);
Insert into PCP values ('99557XF0NKT3TBCP', 'Slovenian', 7);
Insert into PCP values ('A49JZXPUJUZ8O6KT', 'Malay', 9.6);
Insert into PCP values ('A9IL2939ARNYNC82', 'Urdu', 7);
Insert into PCP values ('AD4IGBQZZXDSFD03', 'German', 12);
Insert into PCP values ('AJ997SYD5YQAE1IC', 'Punjabi', 3.1);
Insert into PCP values ('AL7HEIKO970Z74L6', 'Georgian', 13.1);
Insert into PCP values ('AQJ5HXBG6NU0LQ63', 'Ukrainian', 1.9);
Insert into PCP values ('AURIVV5VTPTYYD1G', 'Russian', 1.7);
Insert into PCP values ('AZHHPAKB7L0LPADB', 'Marathi', 1.5);
Insert into PCP values ('B500CAXKY6OFBRXR', 'Hindi', 8.9);
Insert into PCP values ('BEJRV2B2OJR8BEX7', 'Czech', 14.6);
Insert into PCP values ('BQ9TNWT8DRYTLU80', 'Nepali', 12.8);
Insert into PCP values ('BY8VO2AWO7O5KEJF', 'English', 14.8);
Insert into PCP values ('C5IH1A3QUQIJZ8X6', 'Mongolian', 4.2);
Insert into PCP values ('C60T195NML30TXA7', 'Nepali', 15);
Insert into PCP values ('C6NKIZ48GN3EF5J8', 'Tamil', 10);
Insert into PCP values ('CDNNNI4RLLXKAPUB', 'Spanish', 5.8);
Insert into PCP values ('CGTP6LFQ2JDB79U4', 'Fiji', 5);
Insert into PCP values ('CVI8H28TT61NFXJD', 'Czech', 11.2);
Insert into PCP values ('CY1RH0CW9I8E1RY4', 'Thai', 4.6);
Insert into PCP values ('D4EL8GM9CJKZT4KE', 'Polish', 11.7);
Insert into PCP values ('D6F63VTK8HE0I673', 'Thai', 10.1);
Insert into PCP values ('D7E23TZ322IMBPEP', 'Romanian', 1.6);
Insert into PCP values ('D9GM2W8EB5WYBEPL', 'Swedish ', 5);
Insert into PCP values ('DBKSF6C9NUSFQ0FO', 'Malay', 4);
Insert into PCP values ('DCHS6FJBU9Q8BU3C', 'Icelandic', 7.4);
Insert into PCP values ('DCV6N57HKXUE2AX8', 'Finnish', 3.5);
Insert into PCP values ('DI22INE1BXTMAWHA', 'Lithuanian', 5.9);
Insert into PCP values ('DJG75Q4BJ5LDPRWU', 'Georgian', 9.2);
Insert into PCP values ('DW7XXCEU0GW0K730', 'Hindi', 13.4);
Insert into PCP values ('E9WZ7HV7O5Q1RI51', 'Czech', 2);
Insert into PCP values ('EAQ8A9X27XJ107K7', 'Russian', 4.6);
Insert into PCP values ('EBBLR18B31O87DE2', 'Danish', 11);
Insert into PCP values ('EEEOE33W9U7ZR9C4', 'Persian', 12);
Insert into PCP values ('EKUOQBD6VSJVXBGY', 'Punjabi', 3.7);
Insert into PCP values ('EOBNPD8WRL9WX037', 'Latvian', 13.8);
Insert into PCP values ('ESASEJ7695M0TW1J', 'Cambodian', 2);
Insert into PCP values ('EW48KXR2F6YALVUP', 'Czech', 1.2);
Insert into PCP values ('EWXN56H0U9HLX3D5', 'Tonga', 6);
Insert into PCP values ('F17C54V5Y3AQ3KDU', 'English', 13.3);
Insert into PCP values ('F5FO45SJD37E7JW5', 'Catalan', 14.3);
Insert into PCP values ('F7P34FJI2XPPAW04', 'Serbian', 7.5);
Insert into PCP values ('FAMB9CAP20WJHCEF', 'English', 10.4);
Insert into PCP values ('FAPY3WG16BTNO9LX', 'Albanian', 1.5);
Insert into PCP values ('FQX4SRCXSCFT4LTH', 'Tonga', 4.4);
Insert into PCP values ('FRB1IB7F22EK38VN', 'Norwegian', 5.7);
Insert into PCP values ('FW4457E8Q30PZPE1', 'Telugu', 3);
Insert into PCP values ('FX1B8IVTVEI1UFSW', 'French', 12.5);
Insert into PCP values ('G1QJKT32QSM7BK43', 'Quechua', 5.5);
Insert into PCP values ('G69PG0Y1TWYH2HLM', 'Thai', 7.4);
Insert into PCP values ('G6QOSDY74Q9PYZPR', 'Xhosa', 14.2);
Insert into PCP values ('GC0MUDVG890BL1S9', 'Malayalam', 4.1);
Insert into PCP values ('GD94O0GYLLPALY8K', 'Urdu', 5.4);
Insert into PCP values ('GKSYZ06ANYWVNZSW', 'Italian', 1.4);
Insert into PCP values ('GOP79FUCU8Q4THMW', 'Samoan', 4.7);
Insert into PCP values ('GP628AFWW50WN7DZ', 'Latin', 4.1);
Insert into PCP values ('GU77216M5R3C1WJL', 'Malay', 11.9);
Insert into PCP values ('GZNO1VJ24JQYM5GY', 'Georgian', 10.6);
Insert into PCP values ('H6A382V3DB8BRTHU', 'Telugu', 8.9);
Insert into PCP values ('HGGMDWX6Z8CN1052', 'Icelandic', 12.5);
Insert into PCP values ('HHWEAHOS8REJ3DBX', 'Icelandic', 13);
Insert into PCP values ('HL4EW4GGQ0U3N52N', 'Hungarian', 13.5);
Insert into PCP values ('HM0194W4F7TXFIXR', 'German', 7.3);
Insert into PCP values ('HON3KT9XY75YDFT2', 'Punjabi', 14.6);
Insert into PCP values ('HPMQAXQKPIM70MX0', 'Spanish', 13.7);
Insert into PCP values ('HRD5WMEVQ6UXUDC3', 'Basque', 1.1);
Insert into PCP values ('I3L2REBHKFRY4SU3', 'Basque', 13.7);
Insert into PCP values ('IS6Z06HCXK0A91UK', 'Hindi', 5.7);
Insert into PCP values ('IYCZELUZDQL8FI0R', 'Arabic', 3.3);
Insert into PCP values ('J2CO6MV35YNC1ROH', 'Basque', 4.2);
Insert into PCP values ('JE2XTTC71U5O0XKS', 'Xhosa', 0);
Insert into PCP values ('JKYXAANHFKK1QY70', 'Maori', 2.2);
Insert into PCP values ('JZQLRGOP3Q8R5AHP', 'Hebrew', 4.5);
Insert into PCP values ('K1GHULDZCP6DR75S', 'Marathi', 7);
Insert into PCP values ('KPZ0XOOZR3TFWIA1', 'Swedish ', 5.6);
Insert into PCP values ('KR6T8T1VX37PJ3L5', 'Greek', 13.9);
Insert into PCP values ('KRDU74GVPIO9YHZF', 'Serbian', 11.6);
Insert into PCP values ('KTWJZ39GD1PQ01XS', 'Arabic', 7.9);
Insert into PCP values ('KXAW238TP57HJYKC', 'Catalan', 7);
Insert into PCP values ('KXF4ENH2DK6Y3SMZ', 'Fiji', 5.3);
Insert into PCP values ('KXUIF68WK1JU2DN7', 'French', 5.9);
Insert into PCP values ('KXYDIJWTIR2KNN3V', 'Macedonian', 1.1);
Insert into PCP values ('L5G9QG3XF0L9OHJX', 'Cambodian', 9.3);
Insert into PCP values ('LA9U81RWJKJ68AUM', 'Vietnamese', 12.3);
Insert into PCP values ('LRCAPKMMYRQ7FYLZ', 'Maltese', 3.6);
Insert into PCP values ('LS52SHU19O8VUV6D', 'Welsh', 5);
Insert into PCP values ('LUQL6654MUAMLZBS', 'Dutch', 4);
Insert into PCP values ('LW2WMXHVWT9AKKCK', 'Welsh', 12.1);
Insert into PCP values ('M3LRKZ5Y8WG98OTJ', 'Indonesian', 10);
Insert into PCP values ('M4KK2BNTKY9AH4SV', 'Lithuanian', 8.5);
Insert into PCP values ('MC60M8H618F3S1Y2', 'Bengali', 5.5);
Insert into PCP values ('MEM7LCQM9Z1RD58I', 'Urdu', 11.4);
Insert into PCP values ('MIGBWS7PZVL60ZL7', 'Italian', 7.5);
Insert into PCP values ('MIWFO9Z5TY7Y2QEY', 'Lithuanian', 5.9);
Insert into PCP values ('MPZ4DX9EMXT8RK0B', 'Thai', 5.8);
Insert into PCP values ('MTHYTM103RELEN03', 'Tatar', 11);
Insert into PCP values ('MV2ZOSSS3ZLUIX76', 'Italian', 14.5);
Insert into PCP values ('N782A1UVDGV7X4PE', 'Serbian', 2.7);
Insert into PCP values ('N9ZJRTP9KXVFD0FF', 'Romanian', 12);
Insert into PCP values ('ND8UA7ISHY05K5UP', 'Polish', 0.3);
Insert into PCP values ('NEMYI9LUDCRJHMG0', 'Macedonian', 3);
Insert into PCP values ('NG5L9GKEEL4S4QOO', 'Arabic', 12.4);
Insert into PCP values ('O1JHFOLBTEZ5YY7Y', 'Chinese (Mandarin)', 4.3);
Insert into PCP values ('O27173Y475L02QNF', 'English', 13.4);
Insert into PCP values ('OLZ2SUH6VCSQ5SHF', 'Tibetan', 1.1);
Insert into PCP values ('OM38IBKFREUE196R', 'Afrikaans', 7.3);
Insert into PCP values ('OMH74VFCDNC1558Y', 'Maori', 9.1);
Insert into PCP values ('OPMGYSWEG8WLB6N6', 'Xhosa', 4.9);
Insert into PCP values ('P0HFITFWB04WNE7I', 'Telugu', 5.6);
Insert into PCP values ('P723N4U4HOYAGMS3', 'Welsh', 1.2);
Insert into PCP values ('PQO8D8QOWNJG90V7', 'Korean', 8);
Insert into PCP values ('PTDQ35JURVKZ58O3', 'Albanian', 4.1);
Insert into PCP values ('Q3IJP7MPTR7JI5SN', 'Dutch', 13.6);
Insert into PCP values ('Q51KWLPVDUSXETNC', 'Malay', 0.4);
Insert into PCP values ('QHT60CBX6F8JPWRW', 'Indonesian', 9.3);
Insert into PCP values ('QIBE9IOEQAM7BTN0', 'Maori', 6.5);
Insert into PCP values ('QSUI7J60GMNOMZJZ', 'Maori', 2.4);
Insert into PCP values ('QY9U1DWEQDQTCCWO', 'Swedish ', 11.5);
Insert into PCP values ('R2TXQAYO6ASF2ROH', 'English', 13.4);
Insert into PCP values ('RA23PINJFDZTISEI', 'Turkish', 7.7);
Insert into PCP values ('RIPK722RRM36QWWP', 'French', 1.9);
Insert into PCP values ('RJKLGZT1OUAHZX9P', 'Lithuanian', 13.5);
Insert into PCP values ('RZ0APCOKVYWLVBJJ', 'Hindi', 5);
Insert into PCP values ('S179NZ7F0XS4TKYT', 'English', 4.9);
Insert into PCP values ('S1XKBBNJ3TVOITYQ', 'Bulgarian', 6);
Insert into PCP values ('S4EN6C9YW0WTO7HZ', 'Urdu', 8.6);
Insert into PCP values ('S7XAVIFMTI7ESPPR', 'Thai', 5.7);
Insert into PCP values ('SCCIDWWEWMTTVMS4', 'Hungarian', 8.7);
Insert into PCP values ('SIE9TETIL48RDJOI', 'Nepali', 3.2);
Insert into PCP values ('SUGGN3127HY3PDV8', 'Lithuanian', 12.6);
Insert into PCP values ('SV9UK1CHY8CT2WVW', 'Armenian', 14.6);
Insert into PCP values ('SXM7F0OLQEHSJSB7', 'Maltese', 10.6);
Insert into PCP values ('SXQ6YDSJSD2KB9IK', 'Tatar', 0.5);
Insert into PCP values ('SZKSNWS8UE9GCFNM', 'Lithuanian', 6.2);
Insert into PCP values ('T4F7TIQOJSFQJV6Y', 'Chinese (Mandarin)', 14.5);
Insert into PCP values ('T85M2I9AYJM341S9', 'Armenian', 14.6);
Insert into PCP values ('TIXF3ACA55RQ2KQS', 'Indonesian', 3.6);
Insert into PCP values ('TOVJWXSMQBOWCFW1', 'Swedish ', 5);
Insert into PCP values ('TQ8JITKD8UCETUBQ', 'Estonian', 0.8);
Insert into PCP values ('TRCONMN6ND9XTT14', 'Japanese', 10.8);
Insert into PCP values ('UC95TWHVB9D7PTF9', 'Punjabi', 14);
Insert into PCP values ('UIWWLJ1OWW2M4ED8', 'Hebrew', 11.2);
Insert into PCP values ('UMKSLT4DROVO49B2', 'Quechua', 11.5);
Insert into PCP values ('URGHW381IZC2SRI5', 'Polish', 8.8);
Insert into PCP values ('V2CRNXHG26GRMKB1', 'Maori', 2.2);
Insert into PCP values ('V893OT4Y4F3HKZXK', 'Maltese', 5.6);
Insert into PCP values ('VDELJ6ZLCORGX5NF', 'Marathi', 2.2);
Insert into PCP values ('VLNY7A4WZ85BTPEV', 'Cambodian', 12.2);
Insert into PCP values ('VR3LCT211U9D52DU', 'Chinese (Mandarin)', 2);
Insert into PCP values ('VY4C0RTSQWXO0CIF', 'Tatar', 1.6);
Insert into PCP values ('VYA8CGY3HE9GXPXQ', 'Albanian', 6.3);
Insert into PCP values ('VZ7YCLU7TDOBVZOL', 'Tatar', 12.6);
Insert into PCP values ('W2BO0NGX46W51Q0K', 'Czech', 11.7);
Insert into PCP values ('W35IDPEI3Z1NLU9M', 'Georgian', 7.8);
Insert into PCP values ('W5TZ5UBIXQX1X1K9', 'Arabic', 0.8);
Insert into PCP values ('W8W90V9M5JRMEKM9', 'Hebrew', 13.1);
Insert into PCP values ('WNQNBEKZ743G02Z2', 'Urdu', 7.9);
Insert into PCP values ('WPKXMJOV3O6R94KX', 'Fiji', 10.7);
Insert into PCP values ('WQKFLTFVL8GZHZI5', 'Punjabi', 13.9);
Insert into PCP values ('WVQLIISP3R56BG7I', 'Persian', 3.6);
Insert into PCP values ('WYE9R8EZSN6UT551', 'Ukrainian', 8.8);
Insert into PCP values ('X02K1V6RSZM63J7K', 'Finnish', 3);
Insert into PCP values ('X51S7WO8JCQ4NPIB', 'Russian', 10.2);
Insert into PCP values ('XGYG3J2VZEEJDH74', 'Telugu', 7.4);
Insert into PCP values ('XJ3RZVEP9U43EM80', 'Nepali', 10.3);
Insert into PCP values ('XKL5MZLOWR9ULM3R', 'Arabic', 4.4);
Insert into PCP values ('XPDZ8OXHAO6HTFJ9', 'Maori', 14.2);
Insert into PCP values ('XPJT20V688Y1K9IA', 'Polish', 11.2);
Insert into PCP values ('XPXMFB4I8FHBOMNW', 'Fiji', 7.7);
Insert into PCP values ('XUTPUHC6GP05G9EK', 'Javanese', 4.3);
Insert into PCP values ('Y40YFHVH1E6DSSY2', 'Malayalam', 10);
Insert into PCP values ('Y8T80BVZEE77XUJV', 'Hebrew', 11.5);
Insert into PCP values ('Y9HY4OJQLH7UIX43', 'Armenian', 14.1);
Insert into PCP values ('YJT7OIJDN5GLYDLG', 'English', 7);
Insert into PCP values ('YRJY4CDO7YDMAGMN', 'Nepali', 6.7);
Insert into PCP values ('YT91HYUUI9P3MQO3', 'Greek', 0.2);
Insert into PCP values ('Z07KXP73XXP7HBPG', 'Cambodian', 3.9);
Insert into PCP values ('Z6IZ0I5VORL6JHDM', 'Swedish ', 8.1);
Insert into PCP values ('Z7XSB84E9VDTKCHU', 'Maori', 11);
Insert into PCP values ('ZCU31JW1XEGH6CBG', 'Danish', 8.1);
Insert into PCP values ('ZDC2KHTL59DIKY4B', 'Gujarati', 2.3);
Insert into PCP values ('ZGCCRVV63VGSZVFL', 'Punjabi', 7);
Insert into PCP values ('ZGPV504C4JLSEMUG', 'Armenian', 9);
Insert into PCP values ('ZIMY0VS4AC2TPK3S', 'Tatar', 12.6);
Insert into PCP values ('ZK5MMF0151EWVANW', 'Portuguese', 11.7);
Insert into PCP values ('ZLTZJSHS5K7W4DEB', 'Persian', 3.4);

--Insert Trope table values:
Insert into Trope values (4);
Insert into Trope values (0);
Insert into Trope values (8);
Insert into Trope values (7);
Insert into Trope values (3);
Insert into Trope values (0);
Insert into Trope values (9);
Insert into Trope values (7);
Insert into Trope values (0);
Insert into Trope values (0);
Insert into Trope values (9);
Insert into Trope values (5);
Insert into Trope values (5);
Insert into Trope values (10);
Insert into Trope values (1);
Insert into Trope values (4);
Insert into Trope values (1);
Insert into Trope values (0);
Insert into Trope values (10);
Insert into Trope values (0);
Insert into Trope values (7);
Insert into Trope values (6);
Insert into Trope values (10);
Insert into Trope values (0);
Insert into Trope values (5);
Insert into Trope values (0);
Insert into Trope values (7);
Insert into Trope values (7);
Insert into Trope values (5);
Insert into Trope values (6);
Insert into Trope values (3);
Insert into Trope values (2);
Insert into Trope values (9);
Insert into Trope values (8);
Insert into Trope values (10);
Insert into Trope values (6);
Insert into Trope values (10);
Insert into Trope values (3);
Insert into Trope values (3);
Insert into Trope values (4);
Insert into Trope values (2);
Insert into Trope values (2);
Insert into Trope values (0);
Insert into Trope values (3);
Insert into Trope values (9);
Insert into Trope values (3);
Insert into Trope values (9);
Insert into Trope values (9);
Insert into Trope values (7);
Insert into Trope values (9);
Insert into Trope values (3);
Insert into Trope values (8);
Insert into Trope values (0);
Insert into Trope values (0);
Insert into Trope values (10);
Insert into Trope values (9);
Insert into Trope values (0);
Insert into Trope values (8);
Insert into Trope values (1);
Insert into Trope values (3);
Insert into Trope values (4);
Insert into Trope values (2);
Insert into Trope values (1);
Insert into Trope values (5);
Insert into Trope values (7);
Insert into Trope values (6);
Insert into Trope values (7);
Insert into Trope values (8);
Insert into Trope values (10);
Insert into Trope values (5);
Insert into Trope values (4);
Insert into Trope values (9);
Insert into Trope values (7);
Insert into Trope values (5);
Insert into Trope values (9);
Insert into Trope values (5);
Insert into Trope values (5);
Insert into Trope values (7);
Insert into Trope values (1);
Insert into Trope values (1);
Insert into Trope values (1);
Insert into Trope values (8);
Insert into Trope values (10);
Insert into Trope values (6);
Insert into Trope values (2);
Insert into Trope values (5);
Insert into Trope values (2);
Insert into Trope values (8);
Insert into Trope values (8);
Insert into Trope values (1);
Insert into Trope values (6);
Insert into Trope values (2);
Insert into Trope values (1);
Insert into Trope values (10);
Insert into Trope values (0);
Insert into Trope values (0);
Insert into Trope values (0);
Insert into Trope values (5);
Insert into Trope values (6);
Insert into Trope values (2);
Insert into Trope values (6);
Insert into Trope values (1);
Insert into Trope values (10);
Insert into Trope values (2);
Insert into Trope values (5);
Insert into Trope values (4);
Insert into Trope values (0);
Insert into Trope values (5);
Insert into Trope values (2);
Insert into Trope values (5);
Insert into Trope values (3);
Insert into Trope values (4);
Insert into Trope values (6);
Insert into Trope values (0);
Insert into Trope values (2);
Insert into Trope values (6);
Insert into Trope values (2);
Insert into Trope values (6);
Insert into Trope values (2);
Insert into Trope values (2);
Insert into Trope values (4);
Insert into Trope values (9);
Insert into Trope values (10);
Insert into Trope values (9);
Insert into Trope values (9);
Insert into Trope values (1);
Insert into Trope values (8);
Insert into Trope values (8);
Insert into Trope values (5);
Insert into Trope values (8);
Insert into Trope values (5);
Insert into Trope values (0);
Insert into Trope values (0);
Insert into Trope values (10);
Insert into Trope values (6);
Insert into Trope values (10);
Insert into Trope values (9);
Insert into Trope values (7);
Insert into Trope values (1);
Insert into Trope values (9);
Insert into Trope values (4);
Insert into Trope values (7);
Insert into Trope values (6);
Insert into Trope values (3);
Insert into Trope values (9);
Insert into Trope values (1);
Insert into Trope values (6);
Insert into Trope values (1);
Insert into Trope values (8);
Insert into Trope values (4);
Insert into Trope values (9);
Insert into Trope values (5);
Insert into Trope values (3);
Insert into Trope values (4);
Insert into Trope values (8);
Insert into Trope values (7);
Insert into Trope values (2);
Insert into Trope values (0);
Insert into Trope values (3);
Insert into Trope values (3);
Insert into Trope values (7);
Insert into Trope values (3);
Insert into Trope values (0);
Insert into Trope values (5);
Insert into Trope values (10);
Insert into Trope values (3);
Insert into Trope values (4);
Insert into Trope values (7);
Insert into Trope values (4);
Insert into Trope values (2);
Insert into Trope values (8);
Insert into Trope values (5);
Insert into Trope values (4);
Insert into Trope values (4);
Insert into Trope values (8);
Insert into Trope values (8);
Insert into Trope values (3);
Insert into Trope values (6);
Insert into Trope values (0);
Insert into Trope values (8);
Insert into Trope values (6);
Insert into Trope values (7);
Insert into Trope values (10);
Insert into Trope values (1);
Insert into Trope values (10);
Insert into Trope values (0);
Insert into Trope values (7);
Insert into Trope values (7);
Insert into Trope values (1);
Insert into Trope values (9);
Insert into Trope values (8);
Insert into Trope values (8);
Insert into Trope values (3);
Insert into Trope values (8);
Insert into Trope values (1);
Insert into Trope values (1);
Insert into Trope values (7);
Insert into Trope values (0);
Insert into Trope values (4);
Insert into Trope values (6);
Insert into Trope values (8);
Insert into Trope values (10);
Insert into Trope values (7);
Insert into Trope values (6);
Insert into Trope values (6);
Insert into Trope values (4);
Insert into Trope values (0);
Insert into Trope values (9);
Insert into Trope values (6);
Insert into Trope values (0);
Insert into Trope values (4);
Insert into Trope values (7);
Insert into Trope values (10);
Insert into Trope values (6);
Insert into Trope values (8);
Insert into Trope values (0);
Insert into Trope values (4);
Insert into Trope values (9);
Insert into Trope values (6);
Insert into Trope values (10);
Insert into Trope values (6);
Insert into Trope values (7);
Insert into Trope values (5);
Insert into Trope values (6);
Insert into Trope values (4);
Insert into Trope values (0);
Insert into Trope values (1);
Insert into Trope values (7);
Insert into Trope values (3);
Insert into Trope values (7);
Insert into Trope values (1);
Insert into Trope values (2);
Insert into Trope values (2);
Insert into Trope values (5);
Insert into Trope values (0);
Insert into Trope values (6);
Insert into Trope values (10);
Insert into Trope values (3);
Insert into Trope values (5);
Insert into Trope values (5);
Insert into Trope values (10);
Insert into Trope values (9);
Insert into Trope values (0);
Insert into Trope values (0);
Insert into Trope values (5);
Insert into Trope values (1);
Insert into Trope values (8);
Insert into Trope values (8);
Insert into Trope values (10);
Insert into Trope values (1);

--Insert AI table values:
Insert into AI values ('4KACIS64UBXB1B2U', 'cheeky', 30, '4M2QLFE', '3/2/2006');
Insert into AI values ('DCV6N57HKXUE2AX8', 'arrogant', 91, 'DW1P2Q367Y', '2/11/2008');
Insert into AI values ('N9ZJRTP9KXVFD0FF', 'proud', 163, '6J27JRG0', '9/17/2035');
Insert into AI values ('VDELJ6ZLCORGX5NF', 'snooty', 211, 'UOQ5NAA', '3/16/2030');
Insert into AI values ('UC95TWHVB9D7PTF9', 'domineering', 205, 'S4W0NT', '8/8/2016');
Insert into AI values ('IYCZELUZDQL8FI0R', 'imperious', 182, 'KABVD4UXX', '9/30/2047');
Insert into AI values ('HGGMDWX6Z8CN1052', 'proud', 124, 'JHJCMEV', '9/10/2045');
Insert into AI values ('NG5L9GKEEL4S4QOO', 'imperious', 242, 'OHBBCM0LQ2', '7/28/2032');
Insert into AI values ('R2TXQAYO6ASF2ROH', 'conceited', 102, 'R3BNDPXK', '9/17/2005');
Insert into AI values ('DBKSF6C9NUSFQ0FO', 'pompous', 89, 'DCZ0IA', '2/26/2026');
Insert into AI values ('WYE9R8EZSN6UT551', 'snooty', 225, '4M2QFM', '7/1/2009');
Insert into AI values ('KXYDIJWTIR2KNN3V', 'proud', 146, 'S4QLODSST', '9/18/2014');
Insert into AI values ('K1GHULDZCP6DR75S', 'scornful', 51, 'L1V1UC', '4/28/2034');
Insert into AI values ('VY4C0RTSQWXO0CIF', 'arrogant', 224, 'V0VQ4K8CWG', '7/7/2015');
Insert into AI values ('SXQ6YDSJSD2KB9IK', 'proud', 121, 'SQH15N2I', '3/6/2017');
Insert into AI values ('T85M2I9AYJM341S9', 'cheeky', 200, '6ZN05N', '4/27/2010');
Insert into AI values ('6CZM28XWGMZEC1L1', 'audacious', 40, '4E88SJ3', '1/3/2007');
Insert into AI values ('LW2WMXHVWT9AKKCK', 'bossy', 152, 'PW1ABBDL2F', '12/2/2050');
Insert into AI values ('LW2WMXHVWT9AKKCK', 'proud', 152, 'KJ6JCR', '8/21/2017');
Insert into AI values ('DBKSF6C9NUSFQ0FO', 'cavalier', 89, 'KABVD4UXX', '9/1/2028');
Insert into AI values ('LRCAPKMMYRQ7FYLZ', 'proud', 149, 'LXOJYK', '5/13/2034');
Insert into AI values ('MIWFO9Z5TY7Y2QEY', 'cheeky', 117, 'NL8CR43H', '4/8/2005');
Insert into AI values ('JKYXAANHFKK1QY70', 'bossy', 70, 'KP6GCTZVHV', '4/6/2032');
Insert into AI values ('3FTSDBGF1U6D5V4E', 'content', 137, '2D28I9', '1/14/2004');
Insert into AI values ('WPKXMJOV3O6R94KX', 'scornful', 222, 'W6QBTW0UE0', '2/11/2011');
Insert into AI values ('0T8EDH1STAEOZNTH', 'imperious', 7, 'DW6FSR', '6/4/2027');
Insert into AI values ('ZIMY0VS4AC2TPK3S', 'cavalier', 248, 'PE6IW2', '9/8/2036');
Insert into AI values ('JKYXAANHFKK1QY70', 'cheeky', 136, 'C2LAEAG', '2/1/2004');
Insert into AI values ('ZDC2KHTL59DIKY4B', 'haughty', 245, 'YZP0WI', '6/8/2018');
Insert into AI values ('337GVDOZQ9YPWNG7', 'insolent', 22, 'R61KTH', '12/25/2037');
Insert into AI values ('2P3RQ1ZVW4B2ES1G', 'contempuous', 20, '2A5O0M', '11/10/2025');
Insert into AI values ('VLNY7A4WZ85BTPEV', 'bossy', 212, 'NOX09028MW', '8/12/2026');
Insert into AI values ('Z7XSB84E9VDTKCHU', 'haughty', 243, 'I7WEYW', '2/7/2047');
Insert into AI values ('6GH7YEYNENIKZ4C4', 'scornful', 42, '4E88SJ3', '10/9/2017');
Insert into AI values ('P723N4U4HOYAGMS3', 'egoistic', 174, 'POYSUVKI', '6/8/2038');
Insert into AI values ('XPJT20V688Y1K9IA', 'domineering', 167, 'XHXZPX', '4/26/2004');
Insert into AI values ('99557XF0NKT3TBCP', 'audacious', 65, 'I9RV30', '10/2/2038');
Insert into AI values ('F5FO45SJD37E7JW5', 'conceited', 203, 'FSHOGMH', '5/31/2010');
Insert into AI values ('UC95TWHVB9D7PTF9', 'domineering', 192, 'TX1N9VP', '8/12/2028');
Insert into AI values ('EW48KXR2F6YALVUP', 'cheeky', 102, 'BYFIHPY', '4/11/2043');
Insert into AI values ('ESASEJ7695M0TW1J', 'arrogant', 101, 'KP6GCTZVHV', '9/20/2021');
Insert into AI values ('ZLTZJSHS5K7W4DEB', 'haughty', 250, 'MWT8FS', '6/14/2027');
Insert into AI values ('ZK5MMF0151EWVANW', 'haughty', 249, 'ZU5FJKE4Y', '10/8/2043');
Insert into AI values ('YT91HYUUI9P3MQO3', 'snippy', 240, 'YETQ8X', '3/9/2030');
Insert into AI values ('HHWEAHOS8REJ3DBX', 'haughty', 125, 'FD2E0JH', '10/4/2024');
Insert into AI values ('WNQNBEKZ743G02Z2', 'snooty', 221, '2AN3YY', '3/31/2037');
Insert into AI values ('V893OT4Y4F3HKZXK', 'haughty', 125, 'UK04D9', '10/3/2017');
Insert into AI values ('DI22INE1BXTMAWHA', 'uppity', 92, 'BYMD5I', '4/14/2038');
Insert into AI values ('AJ997SYD5YQAE1IC', 'conceited', 169, '9QLSKU', '11/24/2006');
Insert into AI values ('O1JHFOLBTEZ5YY7Y', 'cavalier', 167, '2A5O0M', '5/11/2035');
Insert into AI values ('CGTP6LFQ2JDB79U4', 'snooty', 82, 'BYFIHPY', '10/22/2048');
Insert into AI values ('40M24WZKVI1DKVYM', 'scornful', 152, '2ICSFP', '10/15/2022');
Insert into AI values ('4W8KDLOWYHGRV03H', 'egoistic', 31, 'LAF3OFZP', '10/7/2041');
Insert into AI values ('M3LRKZ5Y8WG98OTJ', 'haughty', 153, 'SYP590', '5/29/2009');
Insert into AI values ('KXAW238TP57HJYKC', 'egoistic', 143, 'NOJAQM', '11/14/2019');
Insert into AI values ('FX1B8IVTVEI1UFSW', 'audacious', 208, 'HIES52', '6/12/2001');
Insert into AI values ('AJ997SYD5YQAE1IC', 'contempuous', 69, 'Y81IS9DR61', '5/11/2004');
Insert into AI values ('ZLTZJSHS5K7W4DEB', 'snotty', 250, 'HMUXRN', '6/29/2048');
Insert into AI values ('VZ7YCLU7TDOBVZOL', 'imperious', 179, 'V40GELZ', '3/17/2043');
Insert into AI values ('MPZ4DX9EMXT8RK0B', 'egoistic', 159, 'NNA5ZY', '12/5/2037');
Insert into AI values ('8S6SG5UC7XQ3BEVQ', 'supercilious', 63, 'UK04D9', '1/24/2002');
Insert into AI values ('18EOISOZO56CWR78', 'domineering', 96, '12XY95', '5/12/2002');
Insert into AI values ('4CIADAUFEYTWXSVM', 'scornful', 27, 'F3L78PWF7', '7/20/2008');
Insert into AI values ('DW7XXCEU0GW0K730', 'snippy', 41, 'DX47MCU7QS', '4/29/2009');
Insert into AI values ('0PVE2FTDWJ2XRNYX', 'content', 4, '08I0E96', '3/31/2027');
Insert into AI values ('EKUOQBD6VSJVXBGY', 'snotty', 99, 'CZZIHN', '7/23/2017');
Insert into AI values ('EWXN56H0U9HLX3D5', 'contempuous', 103, '1VVSQ46F', '3/8/2018');
Insert into AI values ('0XAZDM6591U4TBWD', 'domineering', 8, 'V3B1QM1U', '11/30/2024');
Insert into AI values ('H6A382V3DB8BRTHU', 'cavalier', 123, '2VPIZK', '6/16/2005');
Insert into AI values ('ZGCCRVV63VGSZVFL', 'snippy', 246, 'Z40NJAP3', '2/7/2005');
Insert into AI values ('3WJ5AMJPO9M5QSD4', 'content', 25, '2DBC41287V', '6/1/2027');
Insert into AI values ('A9IL2939ARNYNC82', 'scornful', 67, '9EILRM', '12/31/2019');
Insert into AI values ('AJ997SYD5YQAE1IC', 'cheeky', 69, '9QLSKU', '9/27/2025');
Insert into AI values ('LUQL6654MUAMLZBS', 'imperious', 151, 'M9FFL6S3HI', '1/2/2041');
Insert into AI values ('URGHW381IZC2SRI5', 'snotty', 208, 'U9R9HB', '4/1/2043');
Insert into AI values ('ESASEJ7695M0TW1J', 'domineering', 101, '9UD0E1', '7/22/2007');
Insert into AI values ('5TE6JWRELOTH1CHC', 'cheeky', 97, '3TVPOK', '12/27/2010');
Insert into AI values ('NG5L9GKEEL4S4QOO', 'uppity', 166, 'YOC1MIEN', '6/26/2028');
Insert into AI values ('SV9UK1CHY8CT2WVW', 'aloof', 195, 'BY8HRJWJ1', '12/14/2005');
Insert into AI values ('4CIADAUFEYTWXSVM', 'insolent', 27, '2N7CUAT68D', '4/12/2024');
Insert into AI values ('K1GHULDZCP6DR75S', 'domineering', 138, 'L1V1UC', '12/4/2010');
Insert into AI values ('0YC8IA30NOUP5OUW', 'domineering', 9, 'JWOPDL', '6/17/2026');
Insert into AI values ('8ROOBQV9LB2C1N8L', 'cheeky', 61, 'RH4J15LIQ', '3/5/2039');
Insert into AI values ('P0HFITFWB04WNE7I', 'scornful', 173, '2CWXPFB98', '3/7/2034');
Insert into AI values ('75U3A02CV4H4ZEMC', 'aloof', 46, 'VA3VQQXJ', '3/9/2015');
Insert into AI values ('B500CAXKY6OFBRXR', 'cavalier', 74, '8RCTOX', '2/5/2045');
Insert into AI values ('BY8VO2AWO7O5KEJF', 'snotty', 77, 'AVM59G', '10/23/2024');
Insert into AI values ('4CIADAUFEYTWXSVM', 'contempuous', 57, '2N7CUAT68D', '6/24/2020');
Insert into AI values ('8IJ3RAEKOI22ZWQG', 'snotty', 57, 'F3L78PWF7', '3/9/2044');
Insert into AI values ('WNQNBEKZ743G02Z2', 'imperious', 221, 'U71PKKQ', '3/18/2009');
Insert into AI values ('C6NKIZ48GN3EF5J8', 'cavalier', 80, 'WSXBMHP8G', '12/12/2022');
Insert into AI values ('Z07KXP73XXP7HBPG', 'narcissistic', 241, 'YGVOXL8YF', '4/28/2048');
Insert into AI values ('MV2ZOSSS3ZLUIX76', 'cavalier', 161, 'JPN8JN', '10/17/2017');
Insert into AI values ('AL7HEIKO970Z74L6', 'cheeky', 70, '8HGO5S', '6/2/2011');
Insert into AI values ('S4EN6C9YW0WTO7HZ', 'scornful', 190, 'R3O5O1', '3/2/2033');
Insert into AI values ('FW4457E8Q30PZPE1', 'aloof', 111, '5NLLJZ', '5/4/2025');
Insert into AI values ('Q3IJP7MPTR7JI5SN', 'proud', 177, 'DX47MCU7QS', '5/26/2040');
Insert into AI values ('KPZ0XOOZR3TFWIA1', 'arrogant', 139, 'L62POPM49L', '1/11/2010');
Insert into AI values ('2MZB4A539J8IC4RB', 'domineering', 18, 'S2MQC4', '12/5/2030');
Insert into AI values ('8MQ3DD4XNXLTZMFP', 'bossy', 59, '8DJ2MQGD4D', '3/6/2009');
Insert into AI values ('F17C54V5Y3AQ3KDU', 'vain', 104, 'FKTWJYEB2', '12/7/2030');
Insert into AI values ('VR3LCT211U9D52DU', 'imperious', 213, '4M2QLFE', '1/28/2018');
Insert into AI values ('1B7F6KOCR3592A6M', 'egoistic', 12, '1HNML33X', '12/18/2018');
Insert into AI values ('GOP79FUCU8Q4THMW', 'content', 119, 'A3029U', '12/1/2018');
Insert into AI values ('HON3KT9XY75YDFT2', 'insolent', 232, 'JWOPDL', '1/8/2014');
Insert into AI values ('OPMGYSWEG8WLB6N6', 'snotty', 172, 'JWOPDL', '6/14/2014');
Insert into AI values ('FW4457E8Q30PZPE1', 'egoistic', 47, 'H8LPX9O9', '11/15/2043');
Insert into AI values ('B500CAXKY6OFBRXR', 'insolent', 74, 'A3029U', '9/6/2050');
Insert into AI values ('A9IL2939ARNYNC82', 'supercilious', 67, 'I0TXI6NKW', '3/25/2042');
Insert into AI values ('26QIITY328O418H0', 'uppity', 16, '3NVM0A', '7/10/2013');
Insert into AI values ('AL7HEIKO970Z74L6', 'snotty', 70, 'C2LAEAG', '4/23/2026');
Insert into AI values ('FAPY3WG16BTNO9LX', 'narcissistic', 108, 'YSD9UN4E', '1/20/2012');
Insert into AI values ('LRCAPKMMYRQ7FYLZ', 'narcissistic', 149, 'W8VBVM', '6/27/2015');
Insert into AI values ('C60T195NML30TXA7', 'arrogant', 79, 'H8LPX9O9', '7/15/2024');
Insert into AI values ('YRJY4CDO7YDMAGMN', 'narcissistic', 243, 'Y81IS9DR61', '9/7/2049');
Insert into AI values ('UMKSLT4DROVO49B2', 'proud', 207, 'WRA098GV', '2/9/2003');
Insert into AI values ('P0HFITFWB04WNE7I', 'bossy', 196, 'PHRL6K39', '3/9/2025');
Insert into AI values ('GU77216M5R3C1WJL', 'haughty', 121, 'FAPGGM', '4/5/2007');
Insert into AI values ('IS6Z06HCXK0A91UK', 'conceited', 132, '2A5O0M', '5/13/2007');
Insert into AI values ('MIWFO9Z5TY7Y2QEY', 'cavalier', 158, 'I5M5WA', '10/4/2005');
Insert into AI values ('KXUIF68WK1JU2DN7', 'cheeky', 145, 'BTD3I5', '10/1/2005');
Insert into AI values ('XJ3RZVEP9U43EM80', 'aloof', 229, 'XA1HC0', '1/16/2038');
Insert into AI values ('IS6Z06HCXK0A91UK', 'pompous', 132, 'K9OTNW7KB', '10/10/2019');
Insert into AI values ('RZ0APCOKVYWLVBJJ', 'narcissistic', 187, 'DW1P2Q367Y', '11/13/2049');
Insert into AI values ('DBKSF6C9NUSFQ0FO', 'imperious', 133, 'DCZ0IA', '11/20/2011');
Insert into AI values ('W8W90V9M5JRMEKM9', 'egoistic', 220, '262MFR5', '1/28/2050');
Insert into AI values ('QHT60CBX6F8JPWRW', 'insolent', 179, 'QNR7RXDBZD', '1/15/2018');
Insert into AI values ('UIWWLJ1OWW2M4ED8', 'uppity', 39, 'U71PKKQ', '4/23/2043');
Insert into AI values ('JE2XTTC71U5O0XKS', 'snooty', 135, 'ZI8FJRIPAQ', '8/19/2011');
Insert into AI values ('ZLTZJSHS5K7W4DEB', 'cavalier', 250, 'ZWF7FD', '6/4/2020');
Insert into AI values ('F7P34FJI2XPPAW04', 'imperious', 106, 'GXNBQ1NE3', '5/2/2001');
Insert into AI values ('20R6A0ZW5TN5KQ92', 'cheeky', 63, '1UTMH6', '3/27/2009');
Insert into AI values ('ZGPV504C4JLSEMUG', 'haughty', 247, 'ZI8FJRIPAQ', '7/19/2044');
Insert into AI values ('0S4YMQMZEG8RM9IL', 'snooty', 6, '2N7CUAT68D', '12/3/2009');
Insert into AI values ('3WJ5AMJPO9M5QSD4', 'content', 181, '2DBC41287V', '8/3/2035');
Insert into AI values ('HHWEAHOS8REJ3DBX', 'domineering', 148, 'JK3JU5', '5/27/2020');
Insert into AI values ('SUGGN3127HY3PDV8', 'content', 194, 'R3O5O1', '12/29/2049');
Insert into AI values ('4W8KDLOWYHGRV03H', 'narcissistic', 31, '2YS4KG', '8/30/2049');
Insert into AI values ('CGTP6LFQ2JDB79U4', 'scornful', 82, '0DYUQB', '6/10/2005');
Insert into AI values ('2LOPLWSRTQ0KDGQ5', 'scornful', 17, '1W8QOX', '9/17/2004');
Insert into AI values ('5S3UHNUGX9IKNE37', 'snippy', 36, '3NVM0A', '5/19/2044');
Insert into AI values ('0CAP8OOA0OXHH02U', 'snippy', 34, '04ME81', '12/13/2025');
Insert into AI values ('MPZ4DX9EMXT8RK0B', 'arrogant', 159, 'FSHOGMH', '1/24/2026');
Insert into AI values ('O27173Y475L02QNF', 'narcissistic', 168, 'AVM59G', '11/6/2048');
Insert into AI values ('EWXN56H0U9HLX3D5', 'scornful', 240, 'FD2E0JH', '10/17/2039');
Insert into AI values ('NG5L9GKEEL4S4QOO', 'proud', 166, 'A19R943N', '11/11/2033');
Insert into AI values ('Q51KWLPVDUSXETNC', 'cavalier', 151, 'QD1UQ8', '10/4/2035');
Insert into AI values ('4X6922IR2DASMMTT', 'snotty', 32, '2D28I9', '10/22/2002');
Insert into AI values ('1939IIMO5KL4TBE0', 'bossy', 11, '1DY54ZA6W', '1/30/2019');
Insert into AI values ('XPDZ8OXHAO6HTFJ9', 'proud', 231, 'XG46EPZSJM', '7/17/2013');
Insert into AI values ('LA9U81RWJKJ68AUM', 'haughty', 148, 'LX65V3', '10/20/2038');
Insert into AI values ('D6F63VTK8HE0I673', 'arrogant', 86, 'CAVYMB', '1/28/2046');
Insert into AI values ('77B0FPKUUVNN7CVH', 'egoistic', 47, 'V50J4K', '11/25/2045');
Insert into AI values ('KXUIF68WK1JU2DN7', 'scornful', 145, 'LP8QG4', '10/25/2048');
Insert into AI values ('1B7F6KOCR3592A6M', 'scornful', 12, '9QLSKU', '4/15/2044');
Insert into AI values ('6DL91TFIKZS840IL', 'supercilious', 41, 'LU2O7WB', '8/21/2030');
Insert into AI values ('XUTPUHC6GP05G9EK', 'haughty', 65, 'XKH1MN', '10/29/2037');
Insert into AI values ('SXQ6YDSJSD2KB9IK', 'supercilious', 197, 'R3BNDPXK', '6/28/2047');
Insert into AI values ('V2CRNXHG26GRMKB1', 'scornful', 209, '1HNML33X', '3/30/2027');
Insert into AI values ('64TVWRHARIE5NTNB', 'audacious', 38, 'LLROC6PI', '10/25/2025');
Insert into AI values ('VYA8CGY3HE9GXPXQ', 'proud', 215, 'ZU5FJKE4Y', '8/8/2031');
Insert into AI values ('HPMQAXQKPIM70MX0', 'imperious', 56, 'K5X31U', '8/3/2023');
Insert into AI values ('V893OT4Y4F3HKZXK', 'insolent', 210, 'JK3JU5', '6/29/2034');
Insert into AI values ('99557XF0NKT3TBCP', 'cheeky', 65, '9BL5KW', '7/22/2037');
Insert into AI values ('VDELJ6ZLCORGX5NF', 'content', 211, 'ZT8QM9', '10/7/2047');
Insert into AI values ('QIBE9IOEQAM7BTN0', 'bossy', 180, 'QNZ1NUXHHX', '3/20/2040');
Insert into AI values ('AURIVV5VTPTYYD1G', 'vain', 72, 'A19R943N', '8/29/2041');
Insert into AI values ('HRD5WMEVQ6UXUDC3', 'imperious', 15, 'K6MR1V', '7/6/2047');
Insert into AI values ('HRD5WMEVQ6UXUDC3', 'snotty', 130, '8V36I2', '5/24/2048');
Insert into AI values ('5TE6JWRELOTH1CHC', 'cheeky', 37, 'EVIBKJ', '11/9/2002');
Insert into AI values ('77B0FPKUUVNN7CVH', 'snotty', 47, '5NLLJZ', '4/18/2035');
Insert into AI values ('MPZ4DX9EMXT8RK0B', 'snippy', 159, 'TQO86D8', '9/20/2035');
Insert into AI values ('KR6T8T1VX37PJ3L5', 'uppity', 140, 'L8R9KG', '1/28/2044');
Insert into AI values ('ZGPV504C4JLSEMUG', 'supercilious', 130, 'ZI8FJRIPAQ', '11/26/2028');
Insert into AI values ('RIPK722RRM36QWWP', 'imperious', 185, 'DCZ0IA', '1/7/2016');
Insert into AI values ('EKUOQBD6VSJVXBGY', 'content', 99, '05YV6GA8', '5/5/2033');
Insert into AI values ('S7XAVIFMTI7ESPPR', 'aloof', 191, '2CG5SS', '11/4/2011');
Insert into AI values ('6M011YSIKQEHSI57', 'audacious', 107, '4M2QFM', '3/8/2016');
Insert into AI values ('VR3LCT211U9D52DU', 'domineering', 213, 'SQH15N2I', '1/30/2033');
Insert into AI values ('RIPK722RRM36QWWP', 'proud', 89, 'R61KTH', '10/20/2031');
Insert into AI values ('WVQLIISP3R56BG7I', 'audacious', 224, 'WDH90I', '3/14/2042');
Insert into AI values ('6M011YSIKQEHSI57', 'narcissistic', 43, 'JL7DK6', '10/24/2006');
Insert into AI values ('DBKSF6C9NUSFQ0FO', 'snooty', 89, 'QUZVDFP7G', '3/13/2049');
Insert into AI values ('S7XAVIFMTI7ESPPR', 'imperious', 191, 'S4QLODSST', '10/24/2045');
Insert into AI values ('LRCAPKMMYRQ7FYLZ', 'vain', 149, '6J27JRG0', '12/10/2032');
Insert into AI values ('W8W90V9M5JRMEKM9', 'vain', 154, 'VKM2F6MUE', '7/19/2043');
Insert into AI values ('1B7F6KOCR3592A6M', 'cheeky', 12, 'OX9X753MBG', '2/3/2013');
Insert into AI values ('F7P34FJI2XPPAW04', 'audacious', 106, 'NCBMEKU', '11/25/2029');
Insert into AI values ('337GVDOZQ9YPWNG7', 'conceited', 22, 'DCZ0IA', '8/26/2020');
Insert into AI values ('WQKFLTFVL8GZHZI5', 'cheeky', 223, 'SGNXI12C6', '5/1/2009');
Insert into AI values ('Z7XSB84E9VDTKCHU', 'pompous', 90, 'YRQKGPN', '4/28/2010');
Insert into AI values ('F5FO45SJD37E7JW5', 'vain', 105, 'TQO86D8', '9/23/2029');
Insert into AI values ('KRDU74GVPIO9YHZF', 'haughty', 141, 'LAF3OFZP', '12/31/2001');
Insert into AI values ('YT91HYUUI9P3MQO3', 'haughty', 240, 'FKTWJYEB2', '12/30/2008');
Insert into AI values ('Y8T80BVZEE77XUJV', 'snooty', 236, '0DYUQB', '2/4/2018');
Insert into AI values ('0CAP8OOA0OXHH02U', 'aloof', 2, '3D6I59', '2/25/2032');
Insert into AI values ('SV9UK1CHY8CT2WVW', 'contempuous', 195, 'SGNXI12C6', '11/1/2022');
Insert into AI values ('S1XKBBNJ3TVOITYQ', 'haughty', 189, 'R61KTH', '5/27/2028');
Insert into AI values ('D9GM2W8EB5WYBEPL', 'narcissistic', 207, 'CZZIHN', '2/10/2027');
Insert into AI values ('HHWEAHOS8REJ3DBX', 'scornful', 125, 'LX65V3', '8/17/2006');
Insert into AI values ('4W8KDLOWYHGRV03H', 'scornful', 165, '2YS4KG', '5/31/2026');
Insert into AI values ('J2CO6MV35YNC1ROH', 'egoistic', 175, 'KJ6JCR', '8/22/2046');
Insert into AI values ('F7P34FJI2XPPAW04', 'proud', 106, '34TC0D', '10/19/2010');
Insert into AI values ('EOBNPD8WRL9WX037', 'haughty', 100, 'QD1UQ8', '11/6/2013');
Insert into AI values ('18EOISOZO56CWR78', 'vain', 10, '12XY95', '1/28/2038');
Insert into AI values ('ZCU31JW1XEGH6CBG', 'audacious', 244, 'YSD9UN4E', '3/10/2004');
Insert into AI values ('2LOPLWSRTQ0KDGQ5', 'arrogant', 17, '8CRLN1226', '8/8/2032');
Insert into AI values ('I3L2REBHKFRY4SU3', 'narcissistic', 131, 'OHBBCM0LQ2', '1/28/2019');
Insert into AI values ('GKSYZ06ANYWVNZSW', 'supercilious', 66, 'I7WEYW', '6/4/2018');
Insert into AI values ('4X6922IR2DASMMTT', 'supercilious', 32, 'KYSNA7', '9/3/2020');
Insert into AI values ('MIGBWS7PZVL60ZL7', 'imperious', 157, '7P4Z5E', '4/16/2027');
Insert into AI values ('FRB1IB7F22EK38VN', 'imperious', 110, 'H8LDV5R5', '3/18/2026');
Insert into AI values ('O27173Y475L02QNF', 'imperious', 168, 'TARCJK', '7/19/2049');
Insert into AI values ('AZHHPAKB7L0LPADB', 'proud', 116, 'A25D3ZTNWP', '6/22/2009');
Insert into AI values ('S179NZ7F0XS4TKYT', 'uppity', 188, 'RWN9GS9V', '8/25/2045');
Insert into AI values ('KXYDIJWTIR2KNN3V', 'snippy', 146, 'LU2O7WB', '10/19/2037');
Insert into AI values ('TOVJWXSMQBOWCFW1', 'conceited', 211, 'TARCJK', '10/16/2031');
Insert into AI values ('RIPK722RRM36QWWP', 'content', 185, 'KABVD4UXX', '7/14/2007');
Insert into AI values ('8F3IQ262GSB0YI7X', 'bossy', 140, '7P4Z5E', '2/1/2001');
Insert into AI values ('0N68P1YP4MNLFXRO', 'haughty', 3, '05YV6GA8', '12/9/2006');
Insert into AI values ('GKSYZ06ANYWVNZSW', 'content', 118, 'HVGSCOY', '3/8/2038');
Insert into AI values ('NEMYI9LUDCRJHMG0', 'vain', 165, 'LAF3OFZP', '6/12/2014');
Insert into AI values ('TOVJWXSMQBOWCFW1', 'snooty', 202, 'UOQ5NAA', '7/5/2007');
Insert into AI values ('MTHYTM103RELEN03', 'snippy', 160, '2N7CUAT68D', '9/11/2021');
Insert into AI values ('XPXMFB4I8FHBOMNW', 'bossy', 145, 'XJ6DWW', '7/5/2010');
Insert into AI values ('0N68P1YP4MNLFXRO', 'pompous', 88, '05YV6GA8', '11/20/2004');
Insert into AI values ('2P3RQ1ZVW4B2ES1G', 'egoistic', 45, '2A5O0M', '6/9/2005');
Insert into AI values ('WPKXMJOV3O6R94KX', 'imperious', 222, '2AN3YY', '9/16/2017');
Insert into AI values ('GOP79FUCU8Q4THMW', 'scornful', 150, 'I9RV30', '4/5/2009');
Insert into AI values ('Z07KXP73XXP7HBPG', 'haughty', 241, 'PDUV6B8TF3', '8/24/2011');
Insert into AI values ('7S524A0S2604DT6W', 'snippy', 52, 'ZWF7FD', '6/12/2040');
Insert into AI values ('SIE9TETIL48RDJOI', 'vain', 193, 'S9SHY98', '1/21/2023');
Insert into AI values ('7FJHTBPN9RJ995P1', 'contempuous', 49, 'XE6AWAD', '5/29/2024');
Insert into AI values ('GOP79FUCU8Q4THMW', 'snippy', 119, 'LYRBZJHS5', '9/3/2012');
Insert into AI values ('0QR773WPQMO8LD74', 'imperious', 5, 'PDUV6B8TF3', '7/26/2039');
Insert into AI values ('CVI8H28TT61NFXJD', 'insolent', 83, 'JBIH4N0JMR', '8/10/2008');
Insert into AI values ('0T8EDH1STAEOZNTH', 'content', 7, '0FPY4D', '10/10/2026');
Insert into AI values ('30OGWYDGL3TN2JYP', 'arrogant', 21, 'U71PKKQ', '7/8/2028');
Insert into AI values ('BY8VO2AWO7O5KEJF', 'supercilious', 77, 'UOQ5NAA', '7/23/2029');
Insert into AI values ('SIE9TETIL48RDJOI', 'cheeky', 147, 'S9SHY98', '6/26/2024');
Insert into AI values ('GD94O0GYLLPALY8K', 'insolent', 117, 'I5M5WA', '7/7/2002');
Insert into AI values ('LW2WMXHVWT9AKKCK', 'audacious', 134, 'MBWX54RW', '2/27/2028');
Insert into AI values ('O1JHFOLBTEZ5YY7Y', 'bossy', 167, 'ORABD0', '4/28/2028');
Insert into AI values ('QSUI7J60GMNOMZJZ', 'domineering', 93, 'QSOYH2Z', '5/18/2036');
Insert into AI values ('8700PNV6UVT36DOO', 'snooty', 55, 'WRA098GV', '6/22/2048');
Insert into AI values ('1XRYB5CMAV1QOV32', 'imperious', 143, '1OXH5EU', '2/8/2002');
Insert into AI values ('DJG75Q4BJ5LDPRWU', 'arrogant', 93, 'DWDJMZ6ZW', '7/28/2008');
Insert into AI values ('Y9HY4OJQLH7UIX43', 'cheeky', 123, 'XRM5BI', '2/5/2025');
Insert into AI values ('XGYG3J2VZEEJDH74', 'proud', 228, 'X58KYW3P', '7/6/2013');
Insert into AI values ('TIXF3ACA55RQ2KQS', 'cheeky', 201, 'TA6XIR', '1/31/2020');
Insert into AI values ('RA23PINJFDZTISEI', 'contempuous', 184, 'XKH1MN', '1/12/2017');
Insert into AI values ('MIWFO9Z5TY7Y2QEY', 'vain', 158, 'Z40NJAP3', '6/30/2027');
Insert into AI values ('0S4YMQMZEG8RM9IL', 'egoistic', 160, '0DYUQB', '5/5/2020');
Insert into AI values ('WVQLIISP3R56BG7I', 'cheeky', 224, '8GXHO3IIU0', '9/21/2005');
Insert into AI values ('GZNO1VJ24JQYM5GY', 'contempuous', 122, 'J3IEIO', '12/1/2018');
Insert into AI values ('WQKFLTFVL8GZHZI5', 'cavalier', 223, 'BY8HRJWJ1', '4/23/2047');
Insert into AI values ('IS6Z06HCXK0A91UK', 'vain', 132, '57VXH4', '10/14/2029');
Insert into AI values ('FW4457E8Q30PZPE1', 'narcissistic', 111, 'V50J4K', '7/6/2050');
Insert into AI values ('CDNNNI4RLLXKAPUB', 'proud', 81, 'BY8HRJWJ1', '11/22/2018');
Insert into AI values ('AZHHPAKB7L0LPADB', 'proud', 73, 'I0TXI6NKW', '3/14/2007');
Insert into AI values ('P0HFITFWB04WNE7I', 'egoistic', 173, 'SO5AYX', '10/23/2022');
Insert into AI values ('UMKSLT4DROVO49B2', 'conceited', 55, 'U8YH60', '7/23/2013');
Insert into AI values ('Y8T80BVZEE77XUJV', 'snippy', 236, 'XREICD', '1/17/2018');
Insert into AI values ('VDELJ6ZLCORGX5NF', 'insolent', 248, 'UOQ5NAA', '11/2/2010');
Insert into AI values ('O27173Y475L02QNF', 'snippy', 168, 'OTOSFFMLJ', '12/2/2038');
Insert into AI values ('D9GM2W8EB5WYBEPL', 'imperious', 88, 'U8YH60', '2/1/2038');
Insert into AI values ('DW7XXCEU0GW0K730', 'bossy', 94, '4BR55VJ', '11/21/2002');
Insert into AI values ('ZGCCRVV63VGSZVFL', 'domineering', 246, 'V3B1QM1U', '3/7/2019');
Insert into AI values ('G1QJKT32QSM7BK43', 'contempuous', 155, 'HMUXRN', '12/12/2007');
Insert into AI values ('Y9HY4OJQLH7UIX43', 'snooty', 237, 'Q1TU98PR', '5/14/2016');
Insert into AI values ('AL7HEIKO970Z74L6', 'aloof', 70, '9UD0E1', '4/12/2017');
Insert into AI values ('C5IH1A3QUQIJZ8X6', 'vain', 78, 'LP8QG4', '3/15/2028');
Insert into AI values ('5M4K4CI1FGTABW8T', 'pompous', 53, '3M11Y71QSO', '6/7/2050');
Insert into AI values ('ZLTZJSHS5K7W4DEB', 'imperious', 113, 'ZWF7FD', '3/28/2029');
Insert into AI values ('Z6IZ0I5VORL6JHDM', 'scornful', 242, '12XY95', '4/16/2032');
Insert into AI values ('Y8T80BVZEE77XUJV', 'arrogant', 236, 'NNPK54O0', '9/19/2031');
Insert into AI values ('TQ8JITKD8UCETUBQ', 'egoistic', 203, 'S3EHC2', '10/18/2029');
Insert into AI values ('ZK5MMF0151EWVANW', 'supercilious', 249, 'AVM59G', '8/11/2027');
Insert into AI values ('YJT7OIJDN5GLYDLG', 'contempuous', 238, '34TC0D', '12/21/2003');
Insert into AI values ('WVQLIISP3R56BG7I', 'bossy', 224, '2Y4T5C', '9/11/2017');
Insert into AI values ('TRCONMN6ND9XTT14', 'contempuous', 204, 'UXO6V6', '12/25/2024');
Insert into AI values ('SV9UK1CHY8CT2WVW', 'supercilious', 195, 'H8LDV5R5', '9/17/2014');
Insert into AI values ('38YALNX986CZD09M', 'imperious', 23, '2CWXPFB98', '4/21/2034');
Insert into AI values ('ZCU31JW1XEGH6CBG', 'scornful', 244, 'N9I9ZY9', '5/8/2047');
Insert into AI values ('8S40ERYECRBSFROE', 'arrogant', 62, '8RCTOX', '3/23/2006');
Insert into AI values ('BEJRV2B2OJR8BEX7', 'proud', 75, 'AA2GT7', '2/18/2042');
Insert into AI values ('D6F63VTK8HE0I673', 'imperious', 86, 'UHNU2B', '10/21/2018');
Insert into AI values ('F5FO45SJD37E7JW5', 'haughty', 105, 'SC5AG5', '2/3/2044');
Insert into AI values ('8ROOBQV9LB2C1N8L', 'proud', 61, '8HGO5S', '7/27/2041');
Insert into AI values ('LS52SHU19O8VUV6D', 'snotty', 150, '8RCTOX', '11/24/2023');
Insert into AI values ('NEMYI9LUDCRJHMG0', 'narcissistic', 165, 'OF7UQJHY', '12/7/2007');
Insert into AI values ('BY8VO2AWO7O5KEJF', 'imperious', 77, 'TARCJK', '2/12/2003');
Insert into AI values ('8MQ3DD4XNXLTZMFP', 'pompous', 59, 'K6MR1V', '4/30/2019');
Insert into AI values ('I3L2REBHKFRY4SU3', 'arrogant', 131, 'K7KDMD', '9/19/2048');
Insert into AI values ('W35IDPEI3Z1NLU9M', 'domineering', 218, 'QNZ1NUXHHX', '2/20/2021');
Insert into AI values ('TIXF3ACA55RQ2KQS', 'bossy', 161, 'TA6XIR', '10/16/2034');
Insert into AI values ('8WYR1XM91HLE6A48', 'snooty', 64, 'SGNXI12C6', '4/30/2046');
Insert into AI values ('0XAZDM6591U4TBWD', 'audacious', 8, 'ZU5FJKE4Y', '1/26/2001');
Insert into AI values ('W2BO0NGX46W51Q0K', 'snooty', 217, 'E5NVD0', '10/12/2041');
Insert into AI values ('D9GM2W8EB5WYBEPL', 'cheeky', 88, '7F2UIJ', '11/29/2005');
Insert into AI values ('JZQLRGOP3Q8R5AHP', 'scornful', 137, 'KYSNA7', '8/16/2010');
Insert into AI values ('NEMYI9LUDCRJHMG0', 'vain', 165, 'TA6XIR', '4/26/2046');
Insert into AI values ('4X6922IR2DASMMTT', 'insolent', 32, '30PEJ7UWSQ', '1/15/2049');
Insert into AI values ('8MPWPZ610MIZIOVB', 'uppity', 58, 'EBRDKA', '6/3/2042');
Insert into AI values ('S4EN6C9YW0WTO7HZ', 'bossy', 190, 'XKH1MN', '5/13/2040');
Insert into AI values ('C5IH1A3QUQIJZ8X6', 'aloof', 78, 'XJ6DWW', '7/18/2014');
Insert into AI values ('75U3A02CV4H4ZEMC', 'imperious', 46, 'TW7N642EY', '8/4/2001');
Insert into AI values ('RZ0APCOKVYWLVBJJ', 'haughty', 187, 'BTD3I5', '8/23/2018');
Insert into AI values ('OMH74VFCDNC1558Y', 'snooty', 171, 'PDUV6B8TF3', '5/26/2001');
Insert into AI values ('NG5L9GKEEL4S4QOO', 'domineering', 166, 'OHBBCM0LQ2', '1/15/2012');
Insert into AI values ('DCHS6FJBU9Q8BU3C', 'cheeky', 90, 'I7WEYW', '9/16/2028');
Insert into AI values ('IYCZELUZDQL8FI0R', 'content', 133, 'TX1N9VP', '10/14/2046');
Insert into AI values ('FRB1IB7F22EK38VN', 'insolent', 35, 'H8LDV5R5', '8/10/2028');
Insert into AI values ('ZDC2KHTL59DIKY4B', 'contempuous', 67, 'YZP0WI', '12/17/2046');
Insert into AI values ('X51S7WO8JCQ4NPIB', 'snooty', 227, 'WSXBMHP8G', '4/13/2006');
Insert into AI values ('OLZ2SUH6VCSQ5SHF', 'scornful', 169, 'Y81IS9DR61', '9/28/2010');
Insert into AI values ('QY9U1DWEQDQTCCWO', 'cavalier', 205, 'QUZVDFP7G', '9/18/2019');
Insert into AI values ('PTDQ35JURVKZ58O3', 'snooty', 176, 'Q1TU98PR', '6/21/2028');
Insert into AI values ('MPZ4DX9EMXT8RK0B', 'scornful', 105, 'NNA5ZY', '6/8/2042');
Insert into AI values ('RJKLGZT1OUAHZX9P', 'domineering', 186, 'MBWX54RW', '2/5/2046');
Insert into AI values ('OPMGYSWEG8WLB6N6', 'arrogant', 128, 'PE6IW2', '5/15/2002');
Insert into AI values ('7SW76ZN8XJOH3OR4', 'bossy', 53, 'EW6T2L', '11/25/2021');
Insert into AI values ('D4EL8GM9CJKZT4KE', 'insolent', 2, 'C5AT18N57', '4/6/2028');
Insert into AI values ('RA23PINJFDZTISEI', 'aloof', 234, 'R3O5O1', '10/27/2032');
Insert into AI values ('EAQ8A9X27XJ107K7', 'insolent', 96, 'E9HS1E', '4/18/2015');
Insert into AI values ('S7XAVIFMTI7ESPPR', 'content', 191, 'S2MQC4', '4/27/2038');
Insert into AI values ('MV2ZOSSS3ZLUIX76', 'haughty', 161, 'NOF28HZ5', '12/7/2027');
Insert into AI values ('DI22INE1BXTMAWHA', 'audacious', 92, 'DW6FSR', '4/11/2022');
Insert into AI values ('O1JHFOLBTEZ5YY7Y', 'cavalier', 132, 'ORABD0', '6/18/2017');
Insert into AI values ('ESASEJ7695M0TW1J', 'audacious', 136, 'F3L78PWF7', '11/28/2035');
Insert into AI values ('WPKXMJOV3O6R94KX', 'snooty', 222, 'W8VBVM', '8/3/2029');
Insert into AI values ('77B0FPKUUVNN7CVH', 'vain', 47, 'E5NVD0', '10/31/2048');
Insert into AI values ('C5IH1A3QUQIJZ8X6', 'uppity', 233, 'B8RSBY8BE', '9/17/2024');
Insert into AI values ('0T8EDH1STAEOZNTH', 'pompous', 7, 'BYMD5I', '8/14/2024');
Insert into AI values ('7SW76ZN8XJOH3OR4', 'uppity', 53, 'QD1UQ8', '8/27/2017');
Insert into AI values ('F17C54V5Y3AQ3KDU', 'cheeky', 36, 'FKTWJYEB2', '12/22/2025');
Insert into AI values ('2P3RQ1ZVW4B2ES1G', 'bossy', 20, 'H4SO62', '5/6/2001');
Insert into AI values ('PTDQ35JURVKZ58O3', 'uppity', 29, 'Q1TU98PR', '11/9/2042');
Insert into AI values ('F17C54V5Y3AQ3KDU', 'supercilious', 104, 'S9SHY98', '10/11/2017');
Insert into AI values ('LUQL6654MUAMLZBS', 'bossy', 120, 'M9FFL6S3HI', '9/25/2017');
Insert into AI values ('1939IIMO5KL4TBE0', 'bossy', 68, '1DY54ZA6W', '10/7/2042');
Insert into AI values ('W5TZ5UBIXQX1X1K9', 'supercilious', 219, '1ZJGV093B5', '2/20/2035');
Insert into AI values ('VZ7YCLU7TDOBVZOL', 'snooty', 216, 'V40GELZ', '6/23/2017');
Insert into AI values ('M3LRKZ5Y8WG98OTJ', 'contempuous', 153, '6ZN05N', '7/16/2037');
Insert into AI values ('FAMB9CAP20WJHCEF', 'snotty', 107, 'GZANJA', '6/16/2001');
Insert into AI values ('WVQLIISP3R56BG7I', 'narcissistic', 60, 'WDH90I', '1/20/2008');
Insert into AI values ('VYA8CGY3HE9GXPXQ', 'insolent', 215, 'V3B1QM1U', '3/5/2007');
Insert into AI values ('8F3IQ262GSB0YI7X', 'scornful', 56, '032T5N', '6/29/2024');
Insert into AI values ('7X1SJQDF3QI9HDER', 'snooty', 54, '1W8QOX', '6/7/2004');
Insert into AI values ('PQO8D8QOWNJG90V7', 'snotty', 175, '04ME81', '2/6/2014');
Insert into AI values ('8S6SG5UC7XQ3BEVQ', 'scornful', 210, '8V36I2', '1/17/2019');
Insert into AI values ('ZDC2KHTL59DIKY4B', 'content', 245, '9EILRM', '2/27/2025');
Insert into AI values ('RJKLGZT1OUAHZX9P', 'pompous', 186, 'RH4J15LIQ', '10/24/2046');
Insert into AI values ('0PVE2FTDWJ2XRNYX', 'insolent', 4, 'XQOGYCV', '4/24/2016');
Insert into AI values ('Y40YFHVH1E6DSSY2', 'egoistic', 235, '0D5U71', '2/26/2019');
Insert into AI values ('0YC8IA30NOUP5OUW', 'egoistic', 9, '11D8NS', '1/13/2005');
Insert into AI values ('WYE9R8EZSN6UT551', 'snippy', 225, 'WI0S8DZGJ1', '11/11/2028');
Insert into AI values ('CDNNNI4RLLXKAPUB', 'insolent', 81, '3M11Y71QSO', '9/28/2045');
Insert into AI values ('W5TZ5UBIXQX1X1K9', 'proud', 219, 'LU2O7WB', '2/8/2003');
Insert into AI values ('MIGBWS7PZVL60ZL7', 'cheeky', 157, 'K5X31U', '2/11/2024');
Insert into AI values ('EWXN56H0U9HLX3D5', 'insolent', 103, 'YETQ8X', '9/1/2014');
Insert into AI values ('18EOISOZO56CWR78', 'proud', 10, 'E9HS1E', '5/20/2040');
Insert into AI values ('N9ZJRTP9KXVFD0FF', 'domineering', 149, 'NOX09028MW', '7/31/2027');
Insert into AI values ('OLZ2SUH6VCSQ5SHF', 'content', 239, 'OX9X753MBG', '8/5/2031');
Insert into AI values ('AD4IGBQZZXDSFD03', 'cheeky', 112, '9OUT4C9TB', '2/10/2005');
Insert into AI values ('QIBE9IOEQAM7BTN0', 'domineering', 180, 'UXO6V6', '9/2/2039');
Insert into AI values ('GU77216M5R3C1WJL', 'snotty', 183, 'IX51GZSJXS', '11/14/2004');
Insert into AI values ('TRCONMN6ND9XTT14', 'conceited', 204, 'QNZ1NUXHHX', '5/29/2037');
Insert into AI values ('S1XKBBNJ3TVOITYQ', 'cavalier', 189, 'S2MQC4', '6/13/2044');
Insert into AI values ('WPKXMJOV3O6R94KX', 'vain', 221, 'W8VBVM', '7/24/2027');
Insert into AI values ('HON3KT9XY75YDFT2', 'scornful', 128, 'XHXZPX', '3/20/2043');
Insert into AI values ('8IJ3RAEKOI22ZWQG', 'haughty', 57, '87V4LZJIEO', '2/22/2033');
Insert into AI values ('J2CO6MV35YNC1ROH', 'vain', 134, 'KJ6JCR', '3/22/2045');
Insert into AI values ('QSUI7J60GMNOMZJZ', 'vain', 181, 'QSOYH2Z', '11/24/2034');
Insert into AI values ('WNQNBEKZ743G02Z2', 'cavalier', 221, 'W6QBTW0UE0', '7/30/2043');
Insert into AI values ('KR6T8T1VX37PJ3L5', 'cheeky', 140, 'CAVYMB', '6/3/2028');
Insert into AI values ('GZNO1VJ24JQYM5GY', 'bossy', 122, '1DY54ZA6W', '12/30/2007');
Insert into AI values ('FX1B8IVTVEI1UFSW', 'vain', 112, 'HIES52', '7/29/2019');
Insert into AI values ('JZQLRGOP3Q8R5AHP', 'egoistic', 238, 'KYSNA7', '12/9/2021');
Insert into AI values ('8S6SG5UC7XQ3BEVQ', 'snippy', 63, 'JK3JU5', '5/6/2001');
Insert into AI values ('8ROOBQV9LB2C1N8L', 'arrogant', 61, '2ICSFP', '6/29/2045');
Insert into AI values ('G69PG0Y1TWYH2HLM', 'narcissistic', 114, '1DY54ZA6W', '6/26/2041');
Insert into AI values ('8S6SG5UC7XQ3BEVQ', 'insolent', 63, '8V36I2', '6/18/2012');
Insert into AI values ('A9IL2939ARNYNC82', 'content', 73, '9EILRM', '5/23/2005');
Insert into AI values ('X51S7WO8JCQ4NPIB', 'snooty', 227, 'WDH90I', '9/20/2020');
Insert into AI values ('EBBLR18B31O87DE2', 'vain', 97, 'EBRDKA', '12/19/2017');
Insert into AI values ('2NSHBQ2N4J39XRX5', 'bossy', 19, '2D28I9', '1/18/2045');
Insert into AI values ('75U3A02CV4H4ZEMC', 'supercilious', 218, '5GUSUX6P1', '1/19/2037');
Insert into AI values ('HL4EW4GGQ0U3N52N', 'haughty', 126, 'AL96I4LT', '2/10/2005');
Insert into AI values ('KPZ0XOOZR3TFWIA1', 'proud', 139, 'X58KYW3P', '4/3/2009');
Insert into AI values ('YJT7OIJDN5GLYDLG', 'insolent', 238, 'Y2VJD9XXI5', '5/13/2033');
Insert into AI values ('7S524A0S2604DT6W', 'snippy', 250, '6ZN05N', '9/22/2043');
Insert into AI values ('N782A1UVDGV7X4PE', 'cheeky', 162, 'XG46EPZSJM', '3/16/2009');
Insert into AI values ('KXYDIJWTIR2KNN3V', 'contempuous', 146, '1ZJGV093B5', '4/27/2014');
Insert into AI values ('0QR773WPQMO8LD74', 'narcissistic', 5, '0D5U71', '11/12/2010');
Insert into AI values ('HM0194W4F7TXFIXR', 'arrogant', 127, '4E88SJ3', '12/12/2015');
Insert into AI values ('C60T195NML30TXA7', 'uppity', 79, 'BORXUS', '5/8/2027');
Insert into AI values ('EOBNPD8WRL9WX037', 'proud', 178, 'EW6T2L', '1/1/2014');
Insert into AI values ('JZQLRGOP3Q8R5AHP', 'uppity', 137, 'Y2VJD9XXI5', '12/16/2021');
Insert into AI values ('4W8KDLOWYHGRV03H', 'snippy', 31, 'OF7UQJHY', '12/26/2018');
Insert into AI values ('LRCAPKMMYRQ7FYLZ', 'snooty', 50, 'LXOJYK', '6/27/2018');
Insert into AI values ('MEM7LCQM9Z1RD58I', 'narcissistic', 188, 'N9I9ZY9', '9/12/2041');
Insert into AI values ('EWXN56H0U9HLX3D5', 'narcissistic', 103, 'FD2E0JH', '8/7/2029');
Insert into AI values ('X02K1V6RSZM63J7K', 'imperious', 226, 'JHJCMEV', '7/22/2027');
Insert into AI values ('KXUIF68WK1JU2DN7', 'cheeky', 145, 'RT9B1C', '5/21/2049');
Insert into AI values ('0YC8IA30NOUP5OUW', 'scornful', 9, 'PE6IW2', '1/16/2027');
Insert into AI values ('KTWJZ39GD1PQ01XS', 'proud', 25, 'LCX2Y5EK', '4/27/2011');
Insert into AI values ('JE2XTTC71U5O0XKS', 'conceited', 59, 'KM0AN5R', '3/25/2006');
Insert into AI values ('4KACIS64UBXB1B2U', 'egoistic', 213, '2Y4T5C', '7/14/2048');
Insert into AI values ('SXM7F0OLQEHSJSB7', 'proud', 196, 'POYSUVKI', '2/6/2025');
Insert into AI values ('337GVDOZQ9YPWNG7', 'narcissistic', 185, '2CG5SS', '3/26/2005');
Insert into AI values ('S179NZ7F0XS4TKYT', 'contempuous', 188, '0FPY4D', '12/31/2031');
Insert into AI values ('ZGPV504C4JLSEMUG', 'cavalier', 247, '1UTMH6', '6/27/2037');
Insert into AI values ('MC60M8H618F3S1Y2', 'egoistic', 155, 'MWT8FS', '12/3/2050');
Insert into AI values ('MEM7LCQM9Z1RD58I', 'cheeky', 156, 'RWN9GS9V', '4/2/2020');
Insert into AI values ('FAMB9CAP20WJHCEF', 'snooty', 126, 'GZANJA', '9/16/2026');
Insert into AI values ('6AURSC1MT47SOKFL', 'scornful', 39, 'SYP590', '3/7/2032');
Insert into AI values ('QIBE9IOEQAM7BTN0', 'arrogant', 212, 'QNZ1NUXHHX', '10/24/2014');
Insert into AI values ('AURIVV5VTPTYYD1G', 'proud', 10, 'A19R943N', '8/30/2049');
Insert into AI values ('EAQ8A9X27XJ107K7', 'uppity', 96, '7CVMJK8T', '8/25/2033');
Insert into AI values ('FX1B8IVTVEI1UFSW', 'proud', 112, 'U9R9HB', '5/7/2015');
Insert into AI values ('G6QOSDY74Q9PYZPR', 'narcissistic', 115, 'HZED6Z', '7/18/2042');
Insert into AI values ('FAMB9CAP20WJHCEF', 'cavalier', 107, 'JL7DK6', '1/30/2019');
Insert into AI values ('4KACIS64UBXB1B2U', 'scornful', 30, 'UZ6Q321I41', '3/3/2003');
Insert into AI values ('M3LRKZ5Y8WG98OTJ', 'egoistic', 200, 'MOXI6AP3KB', '2/5/2034');
Insert into AI values ('Q51KWLPVDUSXETNC', 'imperious', 178, 'QD1UQ8', '7/17/2004');
Insert into AI values ('ND8UA7ISHY05K5UP', 'scornful', 164, 'AA2GT7', '12/29/2026');
Insert into AI values ('SCCIDWWEWMTTVMS4', 'bossy', 138, 'S4W0NT', '2/4/2001');
Insert into AI values ('SZKSNWS8UE9GCFNM', 'insolent', 198, 'SVN66I', '3/28/2020');
Insert into AI values ('SXQ6YDSJSD2KB9IK', 'scornful', 197, 'SQH15N2I', '2/10/2027');
Insert into AI values ('JKYXAANHFKK1QY70', 'contempuous', 136, '9UD0E1', '10/20/2001');
Insert into AI values ('IYCZELUZDQL8FI0R', 'snooty', 133, 'KABVD4UXX', '9/9/2021');
Insert into AI values ('7FUAOQYO8DREDDHF', 'pompous', 222, '6J27JRG0', '9/15/2029');
Insert into AI values ('P0HFITFWB04WNE7I', 'insolent', 173, 'PHRL6K39', '11/17/2005');
Insert into AI values ('2NSHBQ2N4J39XRX5', 'scornful', 19, '30PEJ7UWSQ', '9/21/2019');
Insert into AI values ('URGHW381IZC2SRI5', 'scornful', 208, 'LCX2Y5EK', '3/3/2020');
Insert into AI values ('B500CAXKY6OFBRXR', 'cavalier', 74, 'SXQLB49S6', '11/18/2001');
Insert into AI values ('XGYG3J2VZEEJDH74', 'snooty', 109, 'X58KYW3P', '3/3/2046');
Insert into AI values ('TOVJWXSMQBOWCFW1', 'content', 202, 'TARCJK', '10/11/2011');
Insert into AI values ('AZHHPAKB7L0LPADB', 'narcissistic', 73, 'NL8CR43H', '1/7/2013');
Insert into AI values ('G1QJKT32QSM7BK43', 'egoistic', 113, 'HMUXRN', '11/24/2035');
Insert into AI values ('MV2ZOSSS3ZLUIX76', 'cheeky', 161, '423FD511', '5/24/2013');
Insert into AI values ('20R6A0ZW5TN5KQ92', 'imperious', 15, '1UTMH6', '10/4/2021');
Insert into AI values ('40M24WZKVI1DKVYM', 'proud', 26, '2ICSFP', '2/10/2016');
Insert into AI values ('YJT7OIJDN5GLYDLG', 'scornful', 106, 'Y2VJD9XXI5', '9/6/2036');
Insert into AI values ('SZKSNWS8UE9GCFNM', 'snooty', 198, 'NT18XU19VG', '5/30/2010');
Insert into AI values ('337GVDOZQ9YPWNG7', 'scornful', 22, '2CG5SS', '9/21/2029');
Insert into AI values ('XPJT20V688Y1K9IA', 'content', 232, 'XHXZPX', '9/1/2026');
Insert into AI values ('BQ9TNWT8DRYTLU80', 'supercilious', 76, 'AL96I4LT', '11/18/2038');
Insert into AI values ('Y9HY4OJQLH7UIX43', 'cavalier', 237, 'JBIH4N0JMR', '1/16/2027');
Insert into AI values ('OM38IBKFREUE196R', 'narcissistic', 170, '2P57MY', '5/3/2005');
Insert into AI values ('D7E23TZ322IMBPEP', 'proud', 94, 'CD5SFN', '7/22/2037');
Insert into AI values ('D4EL8GM9CJKZT4KE', 'egoistic', 85, '3D6I59', '9/18/2045');
Insert into AI values ('4X6922IR2DASMMTT', 'vain', 24, '30PEJ7UWSQ', '7/21/2019');
Insert into AI values ('7FUAOQYO8DREDDHF', 'snotty', 50, 'W6QBTW0UE0', '7/16/2018');
Insert into AI values ('N782A1UVDGV7X4PE', 'conceited', 162, 'LLTW5F', '9/25/2010');
Insert into AI values ('CY1RH0CW9I8E1RY4', 'supercilious', 61, 'C2LAEAG', '3/31/2023');
Insert into AI values ('VR3LCT211U9D52DU', 'haughty', 44, 'UZ6Q321I41', '1/1/2042');
Insert into AI values ('56UY4B46FM61TAGT', 'contempuous', 34, 'V40GELZ', '3/8/2032');
Insert into AI values ('8S40ERYECRBSFROE', 'content', 62, '5QE4X6', '12/1/2037');
Insert into AI values ('OLZ2SUH6VCSQ5SHF', 'vain', 169, 'OX9X753MBG', '11/13/2033');
Insert into AI values ('BY8VO2AWO7O5KEJF', 'cheeky', 202, 'AVM59G', '12/9/2030');
Insert into AI values ('T85M2I9AYJM341S9', 'audacious', 52, 'SYP590', '1/5/2046');
Insert into AI values ('0QR773WPQMO8LD74', 'snotty', 5, 'B8RSBY8BE', '10/6/2020');
Insert into AI values ('KTWJZ39GD1PQ01XS', 'uppity', 142, 'LCX2Y5EK', '10/15/2043');
Insert into AI values ('8QFO8MJXK1035AHQ', 'snotty', 60, 'UZ6Q321I41', '9/23/2019');
Insert into AI values ('G69PG0Y1TWYH2HLM', 'cavalier', 114, 'HVGSCOY', '3/29/2039');
Insert into AI values ('Q3IJP7MPTR7JI5SN', 'conceited', 177, 'CD5SFN', '6/22/2016');
Insert into AI values ('LS52SHU19O8VUV6D', 'snippy', 150, 'A3029U', '10/21/2016');
Insert into AI values ('GC0MUDVG890BL1S9', 'scornful', 116, 'I5M5WA', '7/3/2013');
Insert into AI values ('DCV6N57HKXUE2AX8', 'content', 91, 'WSXBMHP8G', '8/11/2006');
Insert into AI values ('6SVKMSW55WMD0SCD', 'cavalier', 197, '4M2QLFE', '10/24/2036');
Insert into AI values ('UC95TWHVB9D7PTF9', 'imperious', 205, 'L1V1UC', '9/2/2010');
Insert into AI values ('GKSYZ06ANYWVNZSW', 'cheeky', 118, 'I7WEYW', '3/6/2029');
Insert into AI values ('99557XF0NKT3TBCP', 'contempuous', 65, 'LYRBZJHS5', '6/6/2004');
Insert into AI values ('Z6IZ0I5VORL6JHDM', 'imperious', 242, 'YOC1MIEN', '10/5/2032');
Insert into AI values ('R2TXQAYO6ASF2ROH', 'proud', 183, 'BYFIHPY', '9/4/2036');
Insert into AI values ('L5G9QG3XF0L9OHJX', 'domineering', 147, 'LUWPJRUF', '10/20/2010');
Insert into AI values ('XUTPUHC6GP05G9EK', 'narcissistic', 234, 'XKH1MN', '9/19/2035');
Insert into AI values ('C6NKIZ48GN3EF5J8', 'aloof', 80, 'DW1P2Q367Y', '1/8/2045');
Insert into AI values ('7FUAOQYO8DREDDHF', 'scornful', 50, 'W8VBVM', '3/23/2028');
Insert into AI values ('JZQLRGOP3Q8R5AHP', 'arrogant', 137, 'GXNBQ1NE3', '1/14/2042');
Insert into AI values ('KRDU74GVPIO9YHZF', 'aloof', 201, 'LAF3OFZP', '4/9/2014');
Insert into AI values ('CVI8H28TT61NFXJD', 'aloof', 83, 'BYMD5I', '11/5/2043');
Insert into AI values ('H6A382V3DB8BRTHU', 'proud', 123, 'Q1TU98PR', '5/19/2030');
Insert into AI values ('FRB1IB7F22EK38VN', 'imperious', 110, '3M11Y71QSO', '3/25/2009');
Insert into AI values ('XPXMFB4I8FHBOMNW', 'content', 233, 'LP8QG4', '3/15/2009');
Insert into AI values ('99557XF0NKT3TBCP', 'bossy', 119, '9BL5KW', '8/24/2048');
Insert into AI values ('D4EL8GM9CJKZT4KE', 'scornful', 85, 'C5AT18N57', '5/12/2032');
Insert into AI values ('8IJ3RAEKOI22ZWQG', 'vain', 57, 'KP6GCTZVHV', '6/1/2050');
Insert into AI values ('6AURSC1MT47SOKFL', 'proud', 39, '3YRHXR', '4/18/2016');
Insert into AI values ('E9WZ7HV7O5Q1RI51', 'aloof', 95, 'Q7LV73', '1/5/2021');
Insert into AI values ('55ND0YWK7F3MTBAS', 'snippy', 33, 'NCBMEKU', '11/12/2014');
Insert into AI values ('7GT35AN84UNWBN22', 'supercilious', 51, 'X58KYW3P', '4/6/2036');
Insert into AI values ('ND8UA7ISHY05K5UP', 'cheeky', 75, 'NT18XU19VG', '1/27/2005');
Insert into AI values ('3WJ5AMJPO9M5QSD4', 'snooty', 25, 'QSOYH2Z', '1/20/2013');
Insert into AI values ('OM38IBKFREUE196R', 'domineering', 170, 'WI0S8DZGJ1', '5/12/2041');
Insert into AI values ('7SW76ZN8XJOH3OR4', 'narcissistic', 100, '70N4EO', '8/16/2048');
Insert into AI values ('8MPWPZ610MIZIOVB', 'haughty', 58, '8CRLN1226', '6/1/2047');
Insert into AI values ('FQX4SRCXSCFT4LTH', 'arrogant', 245, 'H7N3ZA', '2/26/2029');
Insert into AI values ('SUGGN3127HY3PDV8', 'narcissistic', 194, 'SC5AG5', '3/22/2021');
Insert into AI values ('0YC8IA30NOUP5OUW', 'arrogant', 172, '11D8NS', '4/14/2037');
Insert into AI values ('6M011YSIKQEHSI57', 'domineering', 43, '4M2QFM', '11/25/2005');
Insert into AI values ('AD4IGBQZZXDSFD03', 'narcissistic', 68, 'U9R9HB', '2/8/2021');
Insert into AI values ('H6A382V3DB8BRTHU', 'vain', 176, 'JBIH4N0JMR', '8/12/2046');
Insert into AI values ('EEEOE33W9U7ZR9C4', 'proud', 98, '1W8QOX', '8/18/2017');
Insert into AI values ('VDELJ6ZLCORGX5NF', 'supercilious', 211, '11D8NS', '8/27/2019');
Insert into AI values ('N782A1UVDGV7X4PE', 'aloof', 144, 'NOJAQM', '9/28/2015');
Insert into AI values ('KXYDIJWTIR2KNN3V', 'narcissistic', 18, 'LU2O7WB', '11/6/2027');
Insert into AI values ('UIWWLJ1OWW2M4ED8', 'scornful', 206, 'U71PKKQ', '12/5/2013');
Insert into AI values ('0XAZDM6591U4TBWD', 'imperious', 8, '117U2H', '3/13/2046');
Insert into AI values ('O27173Y475L02QNF', 'domineering', 77, 'OTOSFFMLJ', '4/14/2049');
Insert into AI values ('Z07KXP73XXP7HBPG', 'supercilious', 5, 'YGVOXL8YF', '7/14/2034');
Insert into AI values ('26QIITY328O418H0', 'cheeky', 16, 'FKTWJYEB2', '5/4/2002');
Insert into AI values ('XKL5MZLOWR9ULM3R', 'egoistic', 230, 'XE6AWAD', '1/13/2004');
Insert into AI values ('M4KK2BNTKY9AH4SV', 'aloof', 154, 'MP9RT1', '7/23/2022');
Insert into AI values ('Z7XSB84E9VDTKCHU', 'contempuous', 243, 'YRQKGPN', '4/24/2013');
Insert into AI values ('F7P34FJI2XPPAW04', 'conceited', 33, 'GXNBQ1NE3', '5/25/2012');
Insert into AI values ('1KBMRVF1VHWFVLWH', 'arrogant', 13, '1JNYMC', '8/14/2004');
Insert into AI values ('XPXMFB4I8FHBOMNW', 'haughty', 233, 'XJ6DWW', '12/26/2005');
Insert into AI values ('02RZBAJ5Z9AJR2L9', 'bossy', 1, 'CAVYMB', '9/7/2013');
Insert into AI values ('Q51KWLPVDUSXETNC', 'vain', 178, 'M9FFL6S3HI', '3/17/2032');
Insert into AI values ('EOBNPD8WRL9WX037', 'snotty', 100, 'EW6T2L', '12/6/2038');
Insert into AI values ('LUQL6654MUAMLZBS', 'bossy', 151, '5GUSUX6P1', '4/3/2033');
Insert into AI values ('7X1SJQDF3QI9HDER', 'cheeky', 17, '7CVMJK8T', '9/4/2009');
Insert into AI values ('AD4IGBQZZXDSFD03', 'bossy', 68, '9OUT4C9TB', '4/29/2022');
Insert into AI values ('SXM7F0OLQEHSJSB7', 'cheeky', 23, 'SO5AYX', '4/30/2035');
Insert into AI values ('T4F7TIQOJSFQJV6Y', 'vain', 48, 'SXQLB49S6', '4/19/2016');
Insert into AI values ('YRJY4CDO7YDMAGMN', 'pompous', 239, 'Y81IS9DR61', '11/6/2024');
Insert into AI values ('TQ8JITKD8UCETUBQ', 'vain', 203, 'TQO86D8', '3/5/2023');
Insert into AI values ('ZGPV504C4JLSEMUG', 'proud', 247, 'K6MR1V', '12/4/2048');
Insert into AI values ('X51S7WO8JCQ4NPIB', 'supercilious', 214, 'WSXBMHP8G', '6/8/2030');
Insert into AI values ('A49JZXPUJUZ8O6KT', 'haughty', 66, '9CCEWQNI', '6/3/2035');
Insert into AI values ('0CAP8OOA0OXHH02U', 'supercilious', 2, 'V40GELZ', '7/7/2050');
Insert into AI values ('EBBLR18B31O87DE2', 'snippy', 97, '05YV6GA8', '3/17/2017');
Insert into AI values ('7DG3GXVZHAC5C6ZK', 'cheeky', 48, '5QE4X6', '3/12/2050');
Insert into AI values ('SUGGN3127HY3PDV8', 'egoistic', 190, 'SC5AG5', '10/25/2039');
Insert into AI values ('MIWFO9Z5TY7Y2QEY', 'domineering', 158, 'NL8CR43H', '10/2/2035');
Insert into AI values ('MV2ZOSSS3ZLUIX76', 'scornful', 127, 'NOF28HZ5', '9/16/2027');
Insert into AI values ('8S40ERYECRBSFROE', 'content', 199, '8RCTOX', '11/27/2017');
Insert into AI values ('DI22INE1BXTMAWHA', 'egoistic', 92, 'XRM5BI', '7/10/2024');
Insert into AI values ('ZDC2KHTL59DIKY4B', 'pompous', 245, 'A25D3ZTNWP', '7/21/2009');
Insert into AI values ('1KBMRVF1VHWFVLWH', 'scornful', 13, 'VKM2F6MUE', '5/16/2034');
Insert into AI values ('1939IIMO5KL4TBE0', 'egoistic', 11, '9OUT4C9TB', '5/1/2007');
Insert into AI values ('TRCONMN6ND9XTT14', 'snotty', 180, 'TW7N642EY', '7/21/2012');
Insert into AI values ('PTDQ35JURVKZ58O3', 'insolent', 176, '2VPIZK', '1/17/2012');
Insert into AI values ('A49JZXPUJUZ8O6KT', 'content', 114, '9CCEWQNI', '8/20/2024');
Insert into AI values ('H6A382V3DB8BRTHU', 'insolent', 123, 'JBIH4N0JMR', '5/30/2041');
Insert into AI values ('1B7F6KOCR3592A6M', 'audacious', 69, '1HNML33X', '3/12/2014');
Insert into AI values ('T85M2I9AYJM341S9', 'imperious', 200, 'SYP590', '1/1/2018');
Insert into AI values ('FQX4SRCXSCFT4LTH', 'egoistic', 109, 'H7N3ZA', '5/12/2048');
Insert into AI values ('W8W90V9M5JRMEKM9', 'vain', 220, 'MP9RT1', '3/7/2004');
Insert into AI values ('XKL5MZLOWR9ULM3R', 'snippy', 230, '1JNYMC', '7/14/2020');
Insert into AI values ('BQ9TNWT8DRYTLU80', 'aloof', 76, 'FSHOGMH', '2/17/2013');
Insert into AI values ('KXUIF68WK1JU2DN7', 'pompous', 187, 'LP8QG4', '10/17/2046');
Insert into AI values ('A49JZXPUJUZ8O6KT', 'haughty', 66, 'HVGSCOY', '7/14/2045');
Insert into AI values ('O1JHFOLBTEZ5YY7Y', 'cavalier', 167, 'K9OTNW7KB', '12/11/2014');
Insert into AI values ('30OGWYDGL3TN2JYP', 'proud', 21, '3YRHXR', '7/6/2021');
Insert into AI values ('DW7XXCEU0GW0K730', 'uppity', 94, 'DX47MCU7QS', '7/12/2015');
Insert into AI values ('T4F7TIQOJSFQJV6Y', 'snooty', 199, '5QE4X6', '12/6/2001');
Insert into AI values ('N782A1UVDGV7X4PE', 'domineering', 162, 'NOJAQM', '4/30/2037');
Insert into AI values ('KTWJZ39GD1PQ01XS', 'cavalier', 142, 'QSOYH2Z', '12/2/2022');
Insert into AI values ('C6NKIZ48GN3EF5J8', 'contempuous', 80, 'BTD3I5', '4/7/2017');
Insert into AI values ('DJG75Q4BJ5LDPRWU', 'conceited', 93, 'XA1HC0', '5/11/2046');
Insert into AI values ('5TE6JWRELOTH1CHC', 'insolent', 37, '3TVPOK', '3/23/2012');
Insert into AI values ('XPJT20V688Y1K9IA', 'proud', 232, 'ORABD0', '4/24/2027');
Insert into AI values ('DCHS6FJBU9Q8BU3C', 'imperious', 90, '9CCEWQNI', '4/19/2033');
Insert into AI values ('GU77216M5R3C1WJL', 'cavalier', 121, 'IX51GZSJXS', '4/16/2039');
Insert into AI values ('GC0MUDVG890BL1S9', 'narcissistic', 116, 'I0TXI6NKW', '6/22/2041');
Insert into AI values ('LS52SHU19O8VUV6D', 'audacious', 150, 'LYRBZJHS5', '8/12/2038');
Insert into AI values ('T4F7TIQOJSFQJV6Y', 'bossy', 199, '3VS36Y', '11/27/2023');
Insert into AI values ('6V4VXMARZY7IRE8R', 'cavalier', 45, '9Z21I9', '9/19/2021');
Insert into AI values ('G69PG0Y1TWYH2HLM', 'pompous', 114, 'J3IEIO', '4/22/2043');
Insert into AI values ('C5IH1A3QUQIJZ8X6', 'contempuous', 78, 'B8RSBY8BE', '1/2/2003');
Insert into AI values ('A9IL2939ARNYNC82', 'arrogant', 67, 'A25D3ZTNWP', '6/15/2038');
Insert into AI values ('QY9U1DWEQDQTCCWO', 'conceited', 182, 'S4W0NT', '10/17/2039');
Insert into AI values ('BEJRV2B2OJR8BEX7', 'domineering', 75, 'BORXUS', '7/21/2012');
Insert into AI values ('6V4VXMARZY7IRE8R', 'vain', 45, 'H4SO62', '12/8/2010');
Insert into AI values ('XPDZ8OXHAO6HTFJ9', 'uppity', 231, '6IJNIH', '5/21/2021');
Insert into AI values ('HGGMDWX6Z8CN1052', 'domineering', 124, 'YGVOXL8YF', '12/30/2004');
Insert into AI values ('6SVKMSW55WMD0SCD', 'aloof', 44, 'IX51GZSJXS', '9/15/2013');
Insert into AI values ('HL4EW4GGQ0U3N52N', 'contempuous', 126, 'NNA5ZY', '4/1/2042');
Insert into AI values ('PTDQ35JURVKZ58O3', 'pompous', 176, '9A6CKZDB', '8/12/2040');
Insert into AI values ('K1GHULDZCP6DR75S', 'aloof', 138, '6OKDPYJF', '1/24/2040');
Insert into AI values ('ZK5MMF0151EWVANW', 'domineering', 168, 'ZU5FJKE4Y', '3/24/2003');
Insert into AI values ('1XRYB5CMAV1QOV32', 'aloof', 14, 'LLROC6PI', '5/20/2012');
Insert into AI values ('4CIADAUFEYTWXSVM', 'egoistic', 27, '87V4LZJIEO', '7/25/2027');
Insert into AI values ('YT91HYUUI9P3MQO3', 'snooty', 240, '1VVSQ46F', '11/21/2038');
Insert into AI values ('V893OT4Y4F3HKZXK', 'arrogant', 210, 'LX65V3', '1/12/2012');
Insert into AI values ('ESASEJ7695M0TW1J', 'audacious', 101, 'F3L78PWF7', '8/31/2023');
Insert into AI values ('CY1RH0CW9I8E1RY4', 'uppity', 84, '8HGO5S', '12/30/2028');
Insert into AI values ('6DL91TFIKZS840IL', 'snippy', 41, '4BR55VJ', '5/12/2033');
Insert into AI values ('6SVKMSW55WMD0SCD', 'audacious', 44, '4M2QLFE', '7/9/2006');
Insert into AI values ('Y9HY4OJQLH7UIX43', 'cheeky', 237, 'XRM5BI', '1/16/2034');
Insert into AI values ('8700PNV6UVT36DOO', 'conceited', 55, '7F2UIJ', '6/5/2039');
Insert into AI values ('AURIVV5VTPTYYD1G', 'supercilious', 72, 'E9HS1E', '9/19/2027');
Insert into AI values ('7X1SJQDF3QI9HDER', 'snotty', 54, '7CVMJK8T', '7/2/2036');
Insert into AI values ('1XRYB5CMAV1QOV32', 'cavalier', 14, 'NOJAQM', '5/5/2046');
Insert into AI values ('KXAW238TP57HJYKC', 'bossy', 143, 'LLTW5F', '7/13/2033');
Insert into AI values ('2MZB4A539J8IC4RB', 'scornful', 18, 'S4QLODSST', '7/15/2041');
Insert into AI values ('P723N4U4HOYAGMS3', 'haughty', 174, '2P57MY', '6/19/2001');
Insert into AI values ('FX1B8IVTVEI1UFSW', 'content', 112, 'LCX2Y5EK', '8/10/2048');
Insert into AI values ('W2BO0NGX46W51Q0K', 'proud', 217, 'Q7LV73', '6/19/2006');
Insert into AI values ('Q3IJP7MPTR7JI5SN', 'arrogant', 87, 'Q7LV73', '9/29/2027');
Insert into AI values ('CY1RH0CW9I8E1RY4', 'cavalier', 84, 'RH4J15LIQ', '9/6/2008');
Insert into AI values ('GD94O0GYLLPALY8K', 'scornful', 246, 'I5M5WA', '9/17/2036');
Insert into AI values ('S1XKBBNJ3TVOITYQ', 'domineering', 22, 'S2MQC4', '12/3/2027');
Insert into AI values ('30OGWYDGL3TN2JYP', 'supercilious', 206, '2AN3YY', '3/23/2011');
Insert into AI values ('HON3KT9XY75YDFT2', 'cavalier', 128, 'ORABD0', '7/21/2001');
Insert into AI values ('VLNY7A4WZ85BTPEV', 'arrogant', 212, 'LXOJYK', '8/10/2006');
Insert into AI values ('2NSHBQ2N4J39XRX5', 'haughty', 19, '262MFR5', '6/24/2007');
Insert into AI values ('2MZB4A539J8IC4RB', 'snooty', 18, '1ZJGV093B5', '4/12/2031');
Insert into AI values ('W5TZ5UBIXQX1X1K9', 'insolent', 146, 'VBPNN8', '3/28/2022');
Insert into AI values ('7FJHTBPN9RJ995P1', 'audacious', 230, '6IJNIH', '5/21/2020');
Insert into AI values ('VY4C0RTSQWXO0CIF', 'pompous', 214, 'V0VQ4K8CWG', '11/16/2035');
Insert into AI values ('4E3T6VUTMC5JA0JX', 'domineering', 28, '2P57MY', '8/5/2030');
Insert into AI values ('1939IIMO5KL4TBE0', 'arrogant', 11, 'HIES52', '10/24/2034');
Insert into AI values ('RA23PINJFDZTISEI', 'arrogant', 184, 'R3O5O1', '1/14/2050');
Insert into AI values ('TRCONMN6ND9XTT14', 'contempuous', 204, 'TW7N642EY', '12/8/2010');
Insert into AI values ('X51S7WO8JCQ4NPIB', 'domineering', 227, 'V0VQ4K8CWG', '4/8/2039');
Insert into AI values ('HPMQAXQKPIM70MX0', 'narcissistic', 129, '7P4Z5E', '8/26/2025');
Insert into AI values ('0N68P1YP4MNLFXRO', 'uppity', 3, 'U8YH60', '8/19/2011');
Insert into AI values ('VYA8CGY3HE9GXPXQ', 'arrogant', 215, 'OTOSFFMLJ', '4/18/2012');
Insert into AI values ('OM38IBKFREUE196R', 'uppity', 170, 'P6PSXM', '4/19/2045');
Insert into AI values ('GOP79FUCU8Q4THMW', 'snippy', 119, 'I9RV30', '1/19/2012');
Insert into AI values ('MTHYTM103RELEN03', 'snotty', 160, '87V4LZJIEO', '3/6/2010');
Insert into AI values ('URGHW381IZC2SRI5', 'haughty', 208, '2DBC41287V', '12/17/2001');
Insert into AI values ('KPZ0XOOZR3TFWIA1', 'cheeky', 228, 'L62POPM49L', '10/20/2021');
Insert into AI values ('26QIITY328O418H0', 'cavalier', 104, '1VVSQ46F', '12/14/2008');
Insert into AI values ('E9WZ7HV7O5Q1RI51', 'bossy', 177, 'E5NVD0', '2/9/2036');
Insert into AI values ('M4KK2BNTKY9AH4SV', 'conceited', 154, '262MFR5', '4/20/2001');
Insert into AI values ('WQKFLTFVL8GZHZI5', 'aloof', 223, 'WDC3CEA5B', '6/10/2025');
Insert into AI values ('C60T195NML30TXA7', 'cavalier', 79, '5NLLJZ', '12/13/2017');
Insert into AI values ('GC0MUDVG890BL1S9', 'snippy', 116, 'NL8CR43H', '5/29/2028');
Insert into AI values ('S4EN6C9YW0WTO7HZ', 'audacious', 190, 'S3EHC2', '5/30/2014');
Insert into AI values ('G1QJKT32QSM7BK43', 'scornful', 113, 'MWT8FS', '4/25/2044');
Insert into AI values ('ZK5MMF0151EWVANW', 'scornful', 249, 'OTOSFFMLJ', '7/7/2048');
Insert into AI values ('LA9U81RWJKJ68AUM', 'cavalier', 148, 'FD2E0JH', '7/12/2026');
Insert into AI values ('4E3T6VUTMC5JA0JX', 'pompous', 225, '2P57MY', '11/15/2043');
Insert into AI values ('38YALNX986CZD09M', 'contempuous', 174, '2CWXPFB98', '12/7/2039');
Insert into AI values ('BEJRV2B2OJR8BEX7', 'content', 79, 'AA2GT7', '4/9/2020');
Insert into AI values ('KR6T8T1VX37PJ3L5', 'pompous', 1, 'L8R9KG', '10/24/2001');
Insert into AI values ('6AURSC1MT47SOKFL', 'narcissistic', 39, 'MOXI6AP3KB', '1/31/2037');
Insert into AI values ('7GT35AN84UNWBN22', 'aloof', 51, '6OKDPYJF', '1/9/2029');
Insert into AI values ('KXF4ENH2DK6Y3SMZ', 'haughty', 231, 'LLTW5F', '8/5/2033');
Insert into AI values ('EW48KXR2F6YALVUP', 'scornful', 102, 'FAPGGM', '10/18/2022');
Insert into AI values ('LA9U81RWJKJ68AUM', 'insolent', 103, 'LX65V3', '10/24/2001');
Insert into AI values ('7FJHTBPN9RJ995P1', 'haughty', 49, '1JNYMC', '3/15/2041');
Insert into AI values ('I3L2REBHKFRY4SU3', 'vain', 115, 'K7KDMD', '11/3/2042');
Insert into AI values ('V2CRNXHG26GRMKB1', 'insolent', 12, 'UHNU2B', '12/25/2048');
Insert into AI values ('MC60M8H618F3S1Y2', 'contempuous', 155, 'SO5AYX', '1/1/2020');
Insert into AI values ('8F3IQ262GSB0YI7X', 'snippy', 56, 'L8R9KG', '3/8/2012');
Insert into AI values ('FRB1IB7F22EK38VN', 'conceited', 110, '70N4EO', '7/2/2014');
Insert into AI values ('DCV6N57HKXUE2AX8', 'audacious', 91, 'V0VQ4K8CWG', '12/11/2013');
Insert into AI values ('Q51KWLPVDUSXETNC', 'proud', 178, 'IBEJL2', '8/16/2028');
Insert into AI values ('SUGGN3127HY3PDV8', 'arrogant', 194, 'S3EHC2', '4/14/2019');
Insert into AI values ('XPJT20V688Y1K9IA', 'imperious', 232, 'K9OTNW7KB', '4/23/2001');
Insert into AI values ('0S4YMQMZEG8RM9IL', 'bossy', 6, 'NNPK54O0', '4/1/2002');
Insert into AI values ('7FJHTBPN9RJ995P1', 'insolent', 49, '6IJNIH', '6/20/2012');
Insert into AI values ('XPDZ8OXHAO6HTFJ9', 'snotty', 49, 'XG46EPZSJM', '9/17/2007');
Insert into AI values ('YRJY4CDO7YDMAGMN', 'uppity', 239, 'YRQKGPN', '8/23/2032');
Insert into AI values ('6GH7YEYNENIKZ4C4', 'snooty', 42, '8DJ2MQGD4D', '3/16/2024');
Insert into AI values ('EBBLR18B31O87DE2', 'arrogant', 99, 'EBRDKA', '12/3/2050');
Insert into AI values ('Z7XSB84E9VDTKCHU', 'haughty', 243, 'DQC6OMACWK', '1/13/2033');
Insert into AI values ('ZCU31JW1XEGH6CBG', 'pompous', 244, 'RWN9GS9V', '12/15/2040');
Insert into AI values ('55ND0YWK7F3MTBAS', 'domineering', 33, 'K5X31U', '9/4/2028');
Insert into AI values ('VLNY7A4WZ85BTPEV', 'contempuous', 212, 'UXO6V6', '3/25/2011');
Insert into AI values ('UMKSLT4DROVO49B2', 'domineering', 207, '7F2UIJ', '1/11/2027');
Insert into AI values ('TQ8JITKD8UCETUBQ', 'arrogant', 203, 'SC5AG5', '4/6/2035');
Insert into AI values ('8MPWPZ610MIZIOVB', 'snippy', 58, '3TVPOK', '10/26/2050');
Insert into AI values ('8700PNV6UVT36DOO', 'content', 226, '7F2UIJ', '9/25/2003');
Insert into AI values ('AD4IGBQZZXDSFD03', 'domineering', 68, 'HIES52', '8/18/2040');
Insert into AI values ('7DG3GXVZHAC5C6ZK', 'haughty', 48, '3VS36Y', '2/9/2010');
Insert into AI values ('S179NZ7F0XS4TKYT', 'proud', 188, 'DW6FSR', '5/27/2045');
Insert into AI values ('EEEOE33W9U7ZR9C4', 'snippy', 98, 'EC15Y6Z', '10/2/2022');
Insert into AI values ('UIWWLJ1OWW2M4ED8', 'aloof', 206, 'MOXI6AP3KB', '12/20/2001');
Insert into AI values ('0XAZDM6591U4TBWD', 'snippy', 215, '117U2H', '9/11/2040');
Insert into AI values ('QY9U1DWEQDQTCCWO', 'snooty', 182, 'QUZVDFP7G', '9/5/2015');
Insert into AI values ('QHT60CBX6F8JPWRW', 'audacious', 179, 'NT18XU19VG', '10/5/2018');
Insert into AI values ('N9ZJRTP9KXVFD0FF', 'supercilious', 163, 'NOX09028MW', '3/27/2006');
Insert into AI values ('SCCIDWWEWMTTVMS4', 'scornful', 192, '6OKDPYJF', '8/26/2046');
Insert into AI values ('LA9U81RWJKJ68AUM', 'snooty', 148, 'YETQ8X', '12/22/2016');
Insert into AI values ('4E3T6VUTMC5JA0JX', 'cheeky', 28, '4M2QFM', '2/25/2030');
Insert into AI values ('XKL5MZLOWR9ULM3R', 'scornful', 230, 'VKM2F6MUE', '11/7/2028');
Insert into AI values ('D7E23TZ322IMBPEP', 'snooty', 87, '4BR55VJ', '8/10/2013');
Insert into AI values ('OPMGYSWEG8WLB6N6', 'proud', 172, 'XHXZPX', '5/7/2017');
Insert into AI values ('7FUAOQYO8DREDDHF', 'imperious', 50, '6J27JRG0', '3/9/2036');
Insert into AI values ('A49JZXPUJUZ8O6KT', 'cheeky', 66, 'J3IEIO', '8/22/2034');
Insert into AI values ('AQJ5HXBG6NU0LQ63', 'supercilious', 71, '9Z21I9', '3/6/2026');
Insert into AI values ('75U3A02CV4H4ZEMC', 'vain', 46, '5GUSUX6P1', '10/12/2040');
Insert into AI values ('W5TZ5UBIXQX1X1K9', 'uppity', 219, 'VBPNN8', '11/24/2023');
Insert into AI values ('HPMQAXQKPIM70MX0', 'haughty', 129, 'L8R9KG', '7/31/2005');
Insert into AI values ('J2CO6MV35YNC1ROH', 'insolent', 134, 'C5AT18N57', '8/1/2047');
Insert into AI values ('MC60M8H618F3S1Y2', 'conceited', 155, 'PHRL6K39', '11/2/2048');
Insert into AI values ('02RZBAJ5Z9AJR2L9', 'insolent', 1, 'UHNU2B', '3/5/2023');
Insert into AI values ('PQO8D8QOWNJG90V7', 'egoistic', 175, 'C5AT18N57', '12/2/2039');
Insert into AI values ('OMH74VFCDNC1558Y', 'pompous', 78, 'PDUV6B8TF3', '9/9/2034');
Insert into AI values ('GP628AFWW50WN7DZ', 'contempuous', 120, 'IBEJL2', '12/16/2005');
Insert into AI values ('IS6Z06HCXK0A91UK', 'arrogant', 20, 'K9OTNW7KB', '8/7/2002');
Insert into AI values ('6GH7YEYNENIKZ4C4', 'egoistic', 42, 'KM0AN5R', '3/28/2031');
Insert into AI values ('GD94O0GYLLPALY8K', 'conceited', 117, 'Z40NJAP3', '7/28/2029');
Insert into AI values ('V893OT4Y4F3HKZXK', 'cavalier', 210, 'UK04D9', '3/5/2019');
Insert into AI values ('G69PG0Y1TWYH2HLM', 'insolent', 122, 'HVGSCOY', '5/2/2013');
Insert into AI values ('TOVJWXSMQBOWCFW1', 'vain', 202, 'ZT8QM9', '2/26/2047');
Insert into AI values ('2P3RQ1ZVW4B2ES1G', 'insolent', 20, '57VXH4', '11/29/2038');
Insert into AI values ('D6F63VTK8HE0I673', 'domineering', 86, '1HNML33X', '3/9/2033');
Insert into AI values ('0T8EDH1STAEOZNTH', 'cheeky', 92, '0FPY4D', '6/16/2012');
Insert into AI values ('HPMQAXQKPIM70MX0', 'supercilious', 129, 'K5X31U', '9/15/2041');
Insert into AI values ('1KBMRVF1VHWFVLWH', 'snotty', 220, '1JNYMC', '4/11/2018');
Insert into AI values ('E9WZ7HV7O5Q1RI51', 'insolent', 95, 'E5NVD0', '7/7/2028');
Insert into AI values ('XGYG3J2VZEEJDH74', 'aloof', 228, 'YZP0WI', '11/23/2002');
Insert into AI values ('HM0194W4F7TXFIXR', 'cheeky', 127, 'JPN8JN', '9/8/2029');
Insert into AI values ('W35IDPEI3Z1NLU9M', 'narcissistic', 204, 'VA3VQQXJ', '11/16/2009');
Insert into AI values ('G1QJKT32QSM7BK43', 'pompous', 113, 'PHRL6K39', '10/10/2038');
Insert into AI values ('20R6A0ZW5TN5KQ92', 'narcissistic', 15, 'UK04D9', '3/2/2024');
Insert into AI values ('Z6IZ0I5VORL6JHDM', 'cavalier', 72, 'YOC1MIEN', '12/14/2011');
Insert into AI values ('3WJ5AMJPO9M5QSD4', 'insolent', 25, 'DWDJMZ6ZW', '12/6/2022');
Insert into AI values ('ZIMY0VS4AC2TPK3S', 'proud', 248, 'ZT8QM9', '12/12/2025');
Insert into AI values ('77B0FPKUUVNN7CVH', 'uppity', 217, '5NLLJZ', '2/28/2031');
Insert into AI values ('4E5598EBC9VD6TIN', 'uppity', 64, '2VPIZK', '7/6/2020');
Insert into AI values ('FAPY3WG16BTNO9LX', 'imperious', 108, 'H4SO62', '3/6/2013');
Insert into AI values ('8QFO8MJXK1035AHQ', 'bossy', 60, '8GXHO3IIU0', '5/13/2022');
Insert into AI values ('8F3IQ262GSB0YI7X', 'scornful', 56, '7P4Z5E', '8/25/2006');
Insert into AI values ('3FTSDBGF1U6D5V4E', 'supercilious', 24, 'Y2VJD9XXI5', '8/15/2034');
Insert into AI values ('QSUI7J60GMNOMZJZ', 'conceited', 181, 'DWDJMZ6ZW', '7/14/2006');
Insert into AI values ('TIXF3ACA55RQ2KQS', 'haughty', 201, 'JPN8JN', '10/19/2037');
Insert into AI values ('B500CAXKY6OFBRXR', 'domineering', 62, 'A3029U', '8/13/2007');
Insert into AI values ('6M011YSIKQEHSI57', 'vain', 43, 'GZANJA', '1/28/2025');
Insert into AI values ('XJ3RZVEP9U43EM80', 'audacious', 229, '2YS4KG', '1/30/2032');
Insert into AI values ('02RZBAJ5Z9AJR2L9', 'conceited', 86, '032T5N', '11/15/2043');
Insert into AI values ('GZNO1VJ24JQYM5GY', 'contempuous', 122, '9OUT4C9TB', '7/19/2016');
Insert into AI values ('JE2XTTC71U5O0XKS', 'bossy', 135, 'KM0AN5R', '5/13/2026');
Insert into AI values ('7SW76ZN8XJOH3OR4', 'scornful', 53, '70N4EO', '11/22/2031');
Insert into AI values ('N9ZJRTP9KXVFD0FF', 'proud', 163, 'LXOJYK', '11/16/2034');
Insert into AI values ('D7E23TZ322IMBPEP', 'domineering', 87, 'DX47MCU7QS', '12/7/2012');
Insert into AI values ('26QIITY328O418H0', 'scornful', 16, '1VVSQ46F', '4/23/2042');
Insert into AI values ('V2CRNXHG26GRMKB1', 'cavalier', 209, 'UHNU2B', '2/26/2019');
Insert into AI values ('JE2XTTC71U5O0XKS', 'scornful', 135, '8DJ2MQGD4D', '1/15/2030');
Insert into AI values ('P723N4U4HOYAGMS3', 'audacious', 174, 'P6PSXM', '5/31/2002');
Insert into AI values ('EW48KXR2F6YALVUP', 'audacious', 82, 'FAPGGM', '3/13/2014');
Insert into AI values ('56UY4B46FM61TAGT', 'vain', 34, 'QNR7RXDBZD', '6/4/2049');
Insert into AI values ('I3L2REBHKFRY4SU3', 'haughty', 131, 'HZED6Z', '1/29/2026');
Insert into AI values ('HRD5WMEVQ6UXUDC3', 'content', 130, '1UTMH6', '7/21/2049');
Insert into AI values ('56UY4B46FM61TAGT', 'conceited', 216, '3D6I59', '11/7/2042');
Insert into AI values ('GD94O0GYLLPALY8K', 'contempuous', 117, '117U2H', '5/8/2014');
Insert into AI values ('5M4K4CI1FGTABW8T', 'scornful', 35, '70N4EO', '10/31/2010');
Insert into AI values ('AQJ5HXBG6NU0LQ63', 'cavalier', 71, 'YSD9UN4E', '4/28/2042');
Insert into AI values ('L5G9QG3XF0L9OHJX', 'contempuous', 147, 'HZED6Z', '3/11/2030');
Insert into AI values ('UIWWLJ1OWW2M4ED8', 'cheeky', 206, '3YRHXR', '12/12/2047');
Insert into AI values ('YJT7OIJDN5GLYDLG', 'content', 238, 'GXNBQ1NE3', '2/11/2018');
Insert into AI values ('D9GM2W8EB5WYBEPL', 'domineering', 88, 'CZZIHN', '3/1/2046');
Insert into AI values ('RA23PINJFDZTISEI', 'content', 184, '9BL5KW', '7/23/2016');
Insert into AI values ('CVI8H28TT61NFXJD', 'egoistic', 83, 'XRM5BI', '9/5/2050');
Insert into AI values ('ZGCCRVV63VGSZVFL', 'audacious', 246, '117U2H', '6/12/2021');
Insert into AI values ('R2TXQAYO6ASF2ROH', 'content', 183, 'FAPGGM', '9/7/2014');
Insert into AI values ('YRJY4CDO7YDMAGMN', 'conceited', 239, 'DQC6OMACWK', '11/9/2020');
Insert into AI values ('SXM7F0OLQEHSJSB7', 'conceited', 196, 'SO5AYX', '5/26/2034');
Insert into AI values ('7DG3GXVZHAC5C6ZK', 'arrogant', 38, '5QE4X6', '12/28/2028');
Insert into AI values ('8MQ3DD4XNXLTZMFP', 'egoistic', 247, '8DJ2MQGD4D', '9/17/2043');
Insert into AI values ('SCCIDWWEWMTTVMS4', 'bossy', 192, 'L1V1UC', '9/18/2015');
Insert into AI values ('HHWEAHOS8REJ3DBX', 'insolent', 125, 'JK3JU5', '3/30/2041');
Insert into AI values ('S7XAVIFMTI7ESPPR', 'aloof', 189, 'S4QLODSST', '9/22/2017');
Insert into AI values ('QY9U1DWEQDQTCCWO', 'contempuous', 182, 'TX1N9VP', '12/26/2050');
Insert into AI values ('40M24WZKVI1DKVYM', 'supercilious', 26, 'KJ6JCR', '3/12/2026');
Insert into AI values ('XPXMFB4I8FHBOMNW', 'content', 233, 'RT9B1C', '12/12/2006');
Insert into AI values ('XPDZ8OXHAO6HTFJ9', 'bossy', 231, 'XE6AWAD', '5/1/2020');
Insert into AI values ('ZIMY0VS4AC2TPK3S', 'insolent', 9, 'ZT8QM9', '1/23/2017');
Insert into AI values ('ZGCCRVV63VGSZVFL', 'audacious', 8, 'Z40NJAP3', '2/7/2042');
Insert into AI values ('UMKSLT4DROVO49B2', 'scornful', 207, 'U8YH60', '1/12/2026');
Insert into AI values ('8QFO8MJXK1035AHQ', 'supercilious', 60, '2Y4T5C', '6/10/2038');
Insert into AI values ('CDNNNI4RLLXKAPUB', 'snippy', 81, 'H8LDV5R5', '2/20/2019');
Insert into AI values ('HM0194W4F7TXFIXR', 'vain', 40, 'JPN8JN', '7/30/2023');
Insert into AI values ('SCCIDWWEWMTTVMS4', 'insolent', 192, 'S4W0NT', '4/1/2044');
Insert into AI values ('S4EN6C9YW0WTO7HZ', 'supercilious', 184, 'S3EHC2', '2/12/2036');
Insert into AI values ('W8W90V9M5JRMEKM9', 'vain', 220, 'VKM2F6MUE', '2/17/2036');
Insert into AI values ('64TVWRHARIE5NTNB', 'egoistic', 38, '1OXH5EU', '5/5/2048');
Insert into AI values ('URGHW381IZC2SRI5', 'contempuous', 142, 'U9R9HB', '2/12/2044');
Insert into AI values ('SIE9TETIL48RDJOI', 'conceited', 193, 'LUWPJRUF', '3/10/2025');
Insert into AI values ('C6NKIZ48GN3EF5J8', 'cheeky', 91, 'BTD3I5', '3/10/2035');
Insert into AI values ('FAPY3WG16BTNO9LX', 'haughty', 108, '9Z21I9', '4/2/2010');
Insert into AI values ('2NSHBQ2N4J39XRX5', 'narcissistic', 32, '262MFR5', '2/13/2048');
Insert into AI values ('0N68P1YP4MNLFXRO', 'imperious', 3, 'CZZIHN', '12/12/2043');
Insert into AI values ('18EOISOZO56CWR78', 'content', 10, 'EC15Y6Z', '5/16/2005');
Insert into AI values ('VZ7YCLU7TDOBVZOL', 'scornful', 216, 'SVN66I', '11/25/2028');
Insert into AI values ('8IJ3RAEKOI22ZWQG', 'egoistic', 101, '87V4LZJIEO', '9/15/2029');
Insert into AI values ('QHT60CBX6F8JPWRW', 'bossy', 198, 'QNR7RXDBZD', '9/13/2037');
Insert into AI values ('MTHYTM103RELEN03', 'cheeky', 27, 'NNPK54O0', '10/9/2007');
Insert into AI values ('6CZM28XWGMZEC1L1', 'snippy', 40, 'KM0AN5R', '12/30/2044');
Insert into AI values ('F5FO45SJD37E7JW5', 'bossy', 105, 'FSHOGMH', '3/11/2012');
Insert into AI values ('S1XKBBNJ3TVOITYQ', 'domineering', 189, '2CG5SS', '2/28/2011');
Insert into AI values ('DCHS6FJBU9Q8BU3C', 'scornful', 118, 'DQC6OMACWK', '7/28/2018');
Insert into AI values ('8ROOBQV9LB2C1N8L', 'cavalier', 186, '8HGO5S', '10/14/2034');
Insert into AI values ('RJKLGZT1OUAHZX9P', 'vain', 186, '2ICSFP', '12/8/2006');
Insert into AI values ('MEM7LCQM9Z1RD58I', 'scornful', 156, '0FPY4D', '9/12/2036');
Insert into AI values ('DI22INE1BXTMAWHA', 'content', 83, 'DW6FSR', '3/19/2041');
Insert into AI values ('D7E23TZ322IMBPEP', 'insolent', 87, 'CD5SFN', '4/25/2013');
Insert into AI values ('AZHHPAKB7L0LPADB', 'cheeky', 73, 'A25D3ZTNWP', '2/8/2026');
Insert into AI values ('KXAW238TP57HJYKC', 'scornful', 162, 'LLROC6PI', '3/1/2043');
Insert into AI values ('8S40ERYECRBSFROE', 'uppity', 62, 'SXQLB49S6', '2/26/2003');
Insert into AI values ('VY4C0RTSQWXO0CIF', 'aloof', 214, '8GXHO3IIU0', '11/28/2035');
Insert into AI values ('6GH7YEYNENIKZ4C4', 'domineering', 135, '4E88SJ3', '11/3/2015');
Insert into AI values ('EW48KXR2F6YALVUP', 'imperious', 102, 'XREICD', '11/10/2020');
Insert into AI values ('6SVKMSW55WMD0SCD', 'bossy', 44, 'SQH15N2I', '7/23/2011');
Insert into AI values ('0PVE2FTDWJ2XRNYX', 'contempuous', 4, 'JHJCMEV', '4/3/2019');
Insert into AI values ('3FTSDBGF1U6D5V4E', 'domineering', 24, '2D28I9', '8/20/2016');
Insert into AI values ('X02K1V6RSZM63J7K', 'audacious', 226, 'WRA098GV', '10/25/2003');
Insert into AI values ('8MQ3DD4XNXLTZMFP', 'cavalier', 59, 'ZI8FJRIPAQ', '4/13/2027');
Insert into AI values ('TIXF3ACA55RQ2KQS', 'domineering', 201, 'NOF28HZ5', '7/8/2013');
Insert into AI values ('7X1SJQDF3QI9HDER', 'audacious', 54, '8CRLN1226', '12/15/2043');
Insert into AI values ('RZ0APCOKVYWLVBJJ', 'cavalier', 187, 'RT9B1C', '9/17/2005');
Insert into AI values ('KR6T8T1VX37PJ3L5', 'audacious', 140, '032T5N', '10/15/2049');
Insert into AI values ('7S524A0S2604DT6W', 'snotty', 52, '6ZN05N', '6/16/2010');
Insert into AI values ('5S3UHNUGX9IKNE37', 'snooty', 193, '3NVM0A', '12/24/2046');
Insert into AI values ('W2BO0NGX46W51Q0K', 'cavalier', 95, 'V50J4K', '5/9/2007');
Insert into AI values ('CY1RH0CW9I8E1RY4', 'proud', 84, 'C2LAEAG', '7/5/2042');
Insert into AI values ('KTWJZ39GD1PQ01XS', 'insolent', 142, '2DBC41287V', '9/23/2034');
Insert into AI values ('OMH74VFCDNC1558Y', 'bossy', 171, 'B8RSBY8BE', '11/9/2031');
Insert into AI values ('XJ3RZVEP9U43EM80', 'pompous', 31, 'XA1HC0', '11/21/2007');
Insert into AI values ('EBBLR18B31O87DE2', 'conceited', 97, 'EVIBKJ', '1/23/2030');
Insert into AI values ('55ND0YWK7F3MTBAS', 'aloof', 157, '34TC0D', '10/11/2042');
Insert into AI values ('W35IDPEI3Z1NLU9M', 'vain', 218, 'VA3VQQXJ', '6/22/2036');
Insert into AI values ('7GT35AN84UNWBN22', 'vain', 139, '6OKDPYJF', '8/7/2040');
Insert into AI values ('FQX4SRCXSCFT4LTH', 'haughty', 109, '9EILRM', '6/30/2046');
Insert into AI values ('0CAP8OOA0OXHH02U', 'proud', 2, '04ME81', '8/29/2039');
Insert into AI values ('6AURSC1MT47SOKFL', 'egoistic', 153, '3YRHXR', '12/7/2013');
Insert into AI values ('6DL91TFIKZS840IL', 'pompous', 219, '4BR55VJ', '3/20/2027');
Insert into AI values ('Y40YFHVH1E6DSSY2', 'narcissistic', 235, 'XQOGYCV', '8/11/2035');
Insert into AI values ('G6QOSDY74Q9PYZPR', 'aloof', 115, 'YOC1MIEN', '3/24/2008');
Insert into AI values ('38YALNX986CZD09M', 'content', 23, 'P6PSXM', '7/18/2007');
Insert into AI values ('KXF4ENH2DK6Y3SMZ', 'scornful', 144, '6IJNIH', '11/6/2036');
Insert into AI values ('2LOPLWSRTQ0KDGQ5', 'insolent', 17, '3TVPOK', '6/14/2043');
Insert into AI values ('OM38IBKFREUE196R', 'imperious', 28, 'P6PSXM', '7/8/2009');
Insert into AI values ('8WYR1XM91HLE6A48', 'scornful', 64, '9A6CKZDB', '8/25/2031');
Insert into AI values ('RIPK722RRM36QWWP', 'aloof', 185, 'R61KTH', '11/3/2023');
Insert into AI values ('FW4457E8Q30PZPE1', 'snotty', 111, 'H8LPX9O9', '10/7/2026');
Insert into AI values ('8WYR1XM91HLE6A48', 'imperious', 64, 'WDC3CEA5B', '11/10/2025');
Insert into AI values ('5S3UHNUGX9IKNE37', 'narcissistic', 36, 'LUWPJRUF', '1/17/2022');
Insert into AI values ('4E3T6VUTMC5JA0JX', 'haughty', 28, 'WI0S8DZGJ1', '9/18/2018');
Insert into AI values ('P723N4U4HOYAGMS3', 'pompous', 170, 'POYSUVKI', '4/28/2041');
Insert into AI values ('C60T195NML30TXA7', 'cavalier', 111, 'BORXUS', '6/23/2046');
Insert into AI values ('RZ0APCOKVYWLVBJJ', 'pompous', 80, 'RT9B1C', '1/3/2029');
Insert into AI values ('7DG3GXVZHAC5C6ZK', 'supercilious', 48, '1OXH5EU', '12/24/2010');
Insert into AI values ('QHT60CBX6F8JPWRW', 'vain', 179, 'SVN66I', '1/4/2039');
Insert into AI values ('38YALNX986CZD09M', 'conceited', 23, 'POYSUVKI', '6/19/2046');
Insert into AI values ('AJ997SYD5YQAE1IC', 'scornful', 69, 'OX9X753MBG', '11/9/2045');
Insert into AI values ('F17C54V5Y3AQ3KDU', 'scornful', 104, '3NVM0A', '6/21/2026');
Insert into AI values ('Z07KXP73XXP7HBPG', 'insolent', 241, '0D5U71', '8/19/2008');
Insert into AI values ('4E5598EBC9VD6TIN', 'domineering', 29, '2VPIZK', '10/9/2042');
Insert into AI values ('LW2WMXHVWT9AKKCK', 'haughty', 152, 'MBWX54RW', '2/10/2014');
Insert into AI values ('2MZB4A539J8IC4RB', 'conceited', 191, '1ZJGV093B5', '4/14/2012');
Insert into AI values ('M3LRKZ5Y8WG98OTJ', 'contempuous', 153, 'MOXI6AP3KB', '7/25/2032');
Insert into AI values ('V2CRNXHG26GRMKB1', 'cavalier', 209, '9QLSKU', '3/4/2048');
Insert into AI values ('HL4EW4GGQ0U3N52N', 'pompous', 126, 'JL7DK6', '4/30/2006');
Insert into AI values ('TQ8JITKD8UCETUBQ', 'pompous', 194, 'TQO86D8', '6/8/2050');
Insert into AI values ('5TE6JWRELOTH1CHC', 'snippy', 37, 'EBRDKA', '10/18/2013');
Insert into AI values ('MC60M8H618F3S1Y2', 'contempuous', 173, 'MWT8FS', '6/26/2018');
Insert into AI values ('1KBMRVF1VHWFVLWH', 'domineering', 13, 'MP9RT1', '8/16/2009');
Insert into AI values ('0QR773WPQMO8LD74', 'haughty', 171, '0D5U71', '1/24/2037');
Insert into AI values ('CVI8H28TT61NFXJD', 'arrogant', 237, 'BYMD5I', '9/28/2035');
Insert into AI values ('OMH74VFCDNC1558Y', 'contempuous', 171, 'XJ6DWW', '7/30/2037');
Insert into AI values ('AL7HEIKO970Z74L6', 'uppity', 84, '9UD0E1', '5/25/2046');
Insert into AI values ('VZ7YCLU7TDOBVZOL', 'insolent', 216, 'QNR7RXDBZD', '3/18/2015');
Insert into AI values ('40M24WZKVI1DKVYM', 'conceited', 26, 'MBWX54RW', '2/15/2016');
Insert into AI values ('LUQL6654MUAMLZBS', 'domineering', 151, 'IBEJL2', '12/28/2025');
Insert into AI values ('ND8UA7ISHY05K5UP', 'proud', 164, 'NT18XU19VG', '8/8/2047');
Insert into AI values ('DJG75Q4BJ5LDPRWU', 'egoistic', 229, 'DWDJMZ6ZW', '2/20/2043');
Insert into AI values ('6V4VXMARZY7IRE8R', 'egoistic', 108, '57VXH4', '3/3/2045');
Insert into AI values ('FQX4SRCXSCFT4LTH', 'aloof', 109, 'YZP0WI', '6/22/2017');
Insert into AI values ('X02K1V6RSZM63J7K', 'pompous', 4, 'WRA098GV', '3/12/2013');
Insert into AI values ('5M4K4CI1FGTABW8T', 'imperious', 35, '3M11Y71QSO', '12/30/2022');
Insert into AI values ('FAPY3WG16BTNO9LX', 'snippy', 71, 'H4SO62', '3/2/2017');
Insert into AI values ('HL4EW4GGQ0U3N52N', 'insolent', 76, 'JL7DK6', '1/11/2018');
Insert into AI values ('ZCU31JW1XEGH6CBG', 'snooty', 156, 'YSD9UN4E', '3/3/2022');
Insert into AI values ('GP628AFWW50WN7DZ', 'audacious', 120, '5GUSUX6P1', '1/15/2024');
Insert into AI values ('W2BO0NGX46W51Q0K', 'narcissistic', 217, 'V50J4K', '7/19/2021');
Insert into AI values ('SZKSNWS8UE9GCFNM', 'vain', 164, 'SVN66I', '6/28/2025');
Insert into AI values ('D6F63VTK8HE0I673', 'vain', 209, 'CAVYMB', '2/12/2025');
Insert into AI values ('VYA8CGY3HE9GXPXQ', 'proud', 249, 'V3B1QM1U', '2/28/2048');
Insert into AI values ('L5G9QG3XF0L9OHJX', 'domineering', 131, 'LUWPJRUF', '3/22/2007');
Insert into AI values ('0S4YMQMZEG8RM9IL', 'arrogant', 6, '0DYUQB', '1/19/2016');
Insert into AI values ('DJG75Q4BJ5LDPRWU', 'audacious', 93, '2YS4KG', '6/20/2035');
Insert into AI values ('XJ3RZVEP9U43EM80', 'aloof', 229, 'OF7UQJHY', '9/21/2030');
Insert into AI values ('WNQNBEKZ743G02Z2', 'supercilious', 21, 'W6QBTW0UE0', '7/10/2042');
Insert into AI values ('8700PNV6UVT36DOO', 'scornful', 55, '08I0E96', '2/4/2010');
Insert into AI values ('EEEOE33W9U7ZR9C4', 'snippy', 54, 'EC15Y6Z', '9/17/2015');
Insert into AI values ('FAMB9CAP20WJHCEF', 'cheeky', 107, 'AL96I4LT', '10/22/2037');
Insert into AI values ('DW7XXCEU0GW0K730', 'aloof', 94, 'VBPNN8', '4/18/2021');
Insert into AI values ('HRD5WMEVQ6UXUDC3', 'proud', 130, 'K6MR1V', '4/23/2034');
Insert into AI values ('6V4VXMARZY7IRE8R', 'pompous', 45, '57VXH4', '9/26/2015');
Insert into AI values ('T4F7TIQOJSFQJV6Y', 'aloof', 199, 'SXQLB49S6', '11/19/2049');
Insert into AI values ('OLZ2SUH6VCSQ5SHF', 'bossy', 169, 'YRQKGPN', '1/9/2024');
Insert into AI values ('R2TXQAYO6ASF2ROH', 'insolent', 183, 'R3BNDPXK', '11/19/2044');
Insert into AI values ('7S524A0S2604DT6W', 'proud', 52, 'HMUXRN', '10/11/2024');
Insert into AI values ('7GT35AN84UNWBN22', 'domineering', 51, 'L62POPM49L', '2/2/2027');
Insert into AI values ('HGGMDWX6Z8CN1052', 'uppity', 124, 'XQOGYCV', '5/18/2045');
Insert into AI values ('5S3UHNUGX9IKNE37', 'domineering', 36, 'S9SHY98', '9/19/2030');
Insert into AI values ('XGYG3J2VZEEJDH74', 'supercilious', 228, 'H7N3ZA', '3/3/2042');
Insert into AI values ('MTHYTM103RELEN03', 'narcissistic', 160, 'NNPK54O0', '12/14/2007');
Insert into AI values ('GP628AFWW50WN7DZ', 'pompous', 120, 'VA3VQQXJ', '4/30/2033');
Insert into AI values ('8QFO8MJXK1035AHQ', 'cavalier', 30, '8GXHO3IIU0', '12/13/2042');
Insert into AI values ('PQO8D8QOWNJG90V7', 'snooty', 175, 'PW1ABBDL2F', '3/6/2002');
Insert into AI values ('HM0194W4F7TXFIXR', 'egoistic', 127, '423FD511', '7/23/2045');
Insert into AI values ('GKSYZ06ANYWVNZSW', 'supercilious', 118, '9CCEWQNI', '8/2/2021');
Insert into AI values ('VLNY7A4WZ85BTPEV', 'pompous', 163, 'UXO6V6', '12/15/2032');
Insert into AI values ('64TVWRHARIE5NTNB', 'bossy', 14, '3VS36Y', '4/27/2048');
Insert into AI values ('KXF4ENH2DK6Y3SMZ', 'haughty', 144, 'XG46EPZSJM', '11/29/2049');
Insert into AI values ('K1GHULDZCP6DR75S', 'snippy', 138, 'L62POPM49L', '12/14/2022');
Insert into AI values ('JKYXAANHFKK1QY70', 'domineering', 136, 'KP6GCTZVHV', '1/8/2035');
Insert into AI values ('J2CO6MV35YNC1ROH', 'supercilious', 134, 'PW1ABBDL2F', '12/31/2007');
Insert into AI values ('SV9UK1CHY8CT2WVW', 'bossy', 81, 'SGNXI12C6', '2/4/2006');
Insert into AI values ('KXF4ENH2DK6Y3SMZ', 'aloof', 144, 'LLTW5F', '3/17/2009');
Insert into AI values ('KRDU74GVPIO9YHZF', 'egoistic', 141, 'TA6XIR', '3/24/2015');
Insert into AI values ('SXM7F0OLQEHSJSB7', 'snotty', 196, '2CWXPFB98', '9/27/2023');
Insert into AI values ('WYE9R8EZSN6UT551', 'snippy', 225, 'GZANJA', '8/21/2003');
Insert into AI values ('ND8UA7ISHY05K5UP', 'egoistic', 164, 'BORXUS', '7/5/2030');
Insert into AI values ('4E5598EBC9VD6TIN', 'conceited', 29, '9A6CKZDB', '5/10/2046');
Insert into AI values ('20R6A0ZW5TN5KQ92', 'supercilious', 15, '8V36I2', '9/12/2049');
Insert into AI values ('EKUOQBD6VSJVXBGY', 'aloof', 99, 'EVIBKJ', '8/29/2006');
Insert into AI values ('55ND0YWK7F3MTBAS', 'snooty', 33, '34TC0D', '11/28/2033');
Insert into AI values ('4KACIS64UBXB1B2U', 'supercilious', 30, '2Y4T5C', '5/22/2036');
Insert into AI values ('G6QOSDY74Q9PYZPR', 'haughty', 115, 'OHBBCM0LQ2', '8/18/2015');
Insert into AI values ('NEMYI9LUDCRJHMG0', 'contempuous', 141, 'OF7UQJHY', '12/30/2038');
Insert into AI values ('64TVWRHARIE5NTNB', 'pompous', 38, '3VS36Y', '5/20/2027');
Insert into AI values ('VY4C0RTSQWXO0CIF', 'proud', 214, 'WDH90I', '4/4/2040');
Insert into AI values ('3FTSDBGF1U6D5V4E', 'pompous', 24, 'KYSNA7', '1/27/2033');
Insert into AI values ('PQO8D8QOWNJG90V7', 'aloof', 85, 'PW1ABBDL2F', '7/5/2046');
Insert into AI values ('Z6IZ0I5VORL6JHDM', 'vain', 242, 'A19R943N', '6/14/2046');
Insert into AI values ('Y8T80BVZEE77XUJV', 'pompous', 6, 'XREICD', '4/2/2023');
Insert into AI values ('Y40YFHVH1E6DSSY2', 'snotty', 241, 'XQOGYCV', '9/8/2015');
Insert into AI values ('4E5598EBC9VD6TIN', 'domineering', 29, 'WDC3CEA5B', '3/11/2019');
Insert into AI values ('EOBNPD8WRL9WX037', 'content', 100, 'M9FFL6S3HI', '8/17/2016');
Insert into AI values ('MIGBWS7PZVL60ZL7', 'supercilious', 157, 'NCBMEKU', '11/11/2030');
Insert into AI values ('SZKSNWS8UE9GCFNM', 'uppity', 198, 'AA2GT7', '1/3/2022');
Insert into AI values ('S179NZ7F0XS4TKYT', 'contempuous', 7, 'RWN9GS9V', '5/18/2049');
Insert into AI values ('D4EL8GM9CJKZT4KE', 'snooty', 85, '04ME81', '8/7/2015');
Insert into AI values ('2LOPLWSRTQ0KDGQ5', 'narcissistic', 58, '1W8QOX', '12/25/2036');
Insert into AI values ('SIE9TETIL48RDJOI', 'uppity', 193, 'K7KDMD', '5/31/2011');
Insert into AI values ('VR3LCT211U9D52DU', 'snotty', 213, 'UZ6Q321I41', '8/25/2018');
Insert into AI values ('XUTPUHC6GP05G9EK', 'domineering', 234, 'I9RV30', '6/2/2021');
Insert into AI values ('QIBE9IOEQAM7BTN0', 'contempuous', 180, 'NOX09028MW', '3/11/2021');
Insert into AI values ('AQJ5HXBG6NU0LQ63', 'aloof', 71, 'N9I9ZY9', '4/28/2032');
Insert into AI values ('6CZM28XWGMZEC1L1', 'narcissistic', 40, '423FD511', '4/13/2038');
Insert into AI values ('BEJRV2B2OJR8BEX7', 'bossy', 75, 'H8LPX9O9', '9/13/2022');
Insert into AI values ('YT91HYUUI9P3MQO3', 'scornful', 16, 'YETQ8X', '5/16/2008');
Insert into AI values ('SXQ6YDSJSD2KB9IK', 'domineering', 197, 'IX51GZSJXS', '7/16/2036');
Insert into AI values ('M4KK2BNTKY9AH4SV', 'uppity', 154, '30PEJ7UWSQ', '3/25/2009');
Insert into AI values ('6DL91TFIKZS840IL', 'uppity', 41, 'VBPNN8', '7/27/2005');
Insert into AI values ('W35IDPEI3Z1NLU9M', 'uppity', 218, 'TW7N642EY', '3/21/2004');
Insert into AI values ('QSUI7J60GMNOMZJZ', 'arrogant', 181, 'XA1HC0', '11/13/2007');
Insert into AI values ('1XRYB5CMAV1QOV32', 'conceited', 14, '1OXH5EU', '7/6/2012');
Insert into AI values ('KXAW238TP57HJYKC', 'pompous', 143, 'LLROC6PI', '7/17/2007');
Insert into AI values ('UC95TWHVB9D7PTF9', 'vain', 205, 'TX1N9VP', '11/18/2035');
Insert into AI values ('XUTPUHC6GP05G9EK', 'arrogant', 234, '9BL5KW', '8/3/2045');
Insert into AI values ('BQ9TNWT8DRYTLU80', 'egoistic', 159, 'AL96I4LT', '12/21/2004');
Insert into AI values ('MEM7LCQM9Z1RD58I', 'aloof', 156, 'N9I9ZY9', '7/7/2035');
Insert into AI values ('HON3KT9XY75YDFT2', 'audacious', 128, 'JWOPDL', '10/17/2023');
Insert into AI values ('X02K1V6RSZM63J7K', 'cavalier', 226, '08I0E96', '7/18/2042');
Insert into AI values ('WQKFLTFVL8GZHZI5', 'egoistic', 195, 'WDC3CEA5B', '5/31/2044');
Insert into AI values ('6CZM28XWGMZEC1L1', 'domineering', 42, '423FD511', '10/7/2047');
Insert into AI values ('Q3IJP7MPTR7JI5SN', 'pompous', 177, 'Q7LV73', '7/6/2020');
Insert into AI values ('L5G9QG3XF0L9OHJX', 'cheeky', 147, 'K7KDMD', '7/3/2010');
Insert into AI values ('CDNNNI4RLLXKAPUB', 'haughty', 110, 'BY8HRJWJ1', '11/2/2048');
Insert into AI values ('AQJ5HXBG6NU0LQ63', 'domineering', 244, '9Z21I9', '7/17/2037');
Insert into AI values ('RJKLGZT1OUAHZX9P', 'contempuous', 26, 'RH4J15LIQ', '7/24/2043');
Insert into AI values ('8MPWPZ610MIZIOVB', 'conceited', 37, '8CRLN1226', '9/14/2049');
Insert into AI values ('XKL5MZLOWR9ULM3R', 'content', 13, 'XE6AWAD', '1/22/2007');
Insert into AI values ('CGTP6LFQ2JDB79U4', 'conceited', 236, 'BYFIHPY', '11/2/2038');
Insert into AI values ('DCV6N57HKXUE2AX8', 'domineering', 227, 'DW1P2Q367Y', '11/29/2032');
Insert into AI values ('CGTP6LFQ2JDB79U4', 'imperious', 82, 'XREICD', '2/14/2046');
Insert into AI values ('E9WZ7HV7O5Q1RI51', 'snotty', 95, 'CD5SFN', '10/30/2023');
Insert into AI values ('GZNO1VJ24JQYM5GY', 'content', 11, 'J3IEIO', '3/12/2012');
Insert into AI values ('KPZ0XOOZR3TFWIA1', 'audacious', 139, 'H7N3ZA', '10/17/2015');
Insert into AI values ('M4KK2BNTKY9AH4SV', 'proud', 19, 'MP9RT1', '5/27/2014');
Insert into AI values ('KRDU74GVPIO9YHZF', 'haughty', 141, 'NOF28HZ5', '11/20/2046');
Insert into AI values ('ZIMY0VS4AC2TPK3S', 'audacious', 248, '11D8NS', '3/13/2030');
Insert into AI values ('AURIVV5VTPTYYD1G', 'aloof', 72, '12XY95', '9/11/2045');
Insert into AI values ('GU77216M5R3C1WJL', 'aloof', 121, 'R3BNDPXK', '8/28/2040');
Insert into AI values ('Y40YFHVH1E6DSSY2', 'snooty', 235, 'YGVOXL8YF', '6/11/2009');
Insert into AI values ('EAQ8A9X27XJ107K7', 'cavalier', 98, 'E9HS1E', '1/1/2039');
Insert into AI values ('MIGBWS7PZVL60ZL7', 'audacious', 129, 'NCBMEKU', '9/5/2012');
Insert into AI values ('GP628AFWW50WN7DZ', 'uppity', 46, 'IBEJL2', '9/23/2048');
Insert into AI values ('0PVE2FTDWJ2XRNYX', 'supercilious', 124, '08I0E96', '12/4/2031');
Insert into AI values ('5M4K4CI1FGTABW8T', 'snotty', 35, 'EW6T2L', '2/9/2044');
Insert into AI values ('WYE9R8EZSN6UT551', 'uppity', 43, 'WI0S8DZGJ1', '4/10/2047');
Insert into AI values ('56UY4B46FM61TAGT', 'haughty', 34, '3D6I59', '2/2/2033');
Insert into AI values ('LS52SHU19O8VUV6D', 'proud', 74, 'LYRBZJHS5', '2/28/2009');
Insert into AI values ('G6QOSDY74Q9PYZPR', 'contempuous', 166, 'HZED6Z', '3/5/2030');
Insert into AI values ('30OGWYDGL3TN2JYP', 'audacious', 21, '2AN3YY', '4/7/2005');
Insert into AI values ('DCHS6FJBU9Q8BU3C', 'aloof', 90, 'DQC6OMACWK', '3/13/2006');
Insert into AI values ('IYCZELUZDQL8FI0R', 'cavalier', 133, 'QUZVDFP7G', '11/3/2017');
Insert into AI values ('HGGMDWX6Z8CN1052', 'proud', 235, 'JHJCMEV', '6/7/2035');
Insert into AI values ('8WYR1XM91HLE6A48', 'aloof', 223, '9A6CKZDB', '7/18/2008');
Insert into AI values ('T85M2I9AYJM341S9', 'insolent', 200, 'ZWF7FD', '8/26/2028');
Insert into AI values ('02RZBAJ5Z9AJR2L9', 'snippy', 1, '032T5N', '10/3/2041');
Insert into AI values ('EAQ8A9X27XJ107K7', 'snooty', 96, 'EC15Y6Z', '8/6/2013');
Insert into AI values ('OPMGYSWEG8WLB6N6', 'audacious', 172, 'PE6IW2', '9/12/2050');
Insert into AI values ('EEEOE33W9U7ZR9C4', 'haughty', 98, '7CVMJK8T', '8/27/2006');
Insert into AI values ('GC0MUDVG890BL1S9', 'snooty', 158, 'I0TXI6NKW', '6/22/2050');
Insert into AI values ('EKUOQBD6VSJVXBGY', 'audacious', 3, 'EVIBKJ', '2/9/2023');
Insert into AI values ('BQ9TNWT8DRYTLU80', 'audacious', 76, 'NNA5ZY', '6/17/2036');

--Insert Citizen table values:
Insert into Citizen values (1, 'Sector 931Z', 7);
Insert into Citizen values (2, 'Area 812M', 19);
Insert into Citizen values (3, 'Sector 316B', 12);
Insert into Citizen values (4, 'Region 545G', 10);
Insert into Citizen values (5, 'Region 123C', 7);
Insert into Citizen values (6, 'Region 235Z', 28);
Insert into Citizen values (7, 'Area 245I', 27);
Insert into Citizen values (8, 'Zone 794Q', 12);
Insert into Citizen values (9, 'Territory 857X', 22);
Insert into Citizen values (10, 'Sector 983R', 18);
Insert into Citizen values (11, 'Area 710C', 10);
Insert into Citizen values (12, 'Zone 626M', 22);
Insert into Citizen values (13, 'Territory 384V', 18);
Insert into Citizen values (14, 'Zone 880G', 16);
Insert into Citizen values (15, 'District 516R', 19);
Insert into Citizen values (16, 'Zone 735P', 28);
Insert into Citizen values (17, 'Region 574K', 1);
Insert into Citizen values (18, 'Territory 988E', 19);
Insert into Citizen values (19, 'Zone 308F', 6);
Insert into Citizen values (20, 'Zone 827T', 15);
Insert into Citizen values (21, 'Area 592Q', 11);
Insert into Citizen values (22, 'Sector 068D', 2);
Insert into Citizen values (23, 'Sector 384A', 19);
Insert into Citizen values (24, 'Sector 364L', 17);
Insert into Citizen values (25, 'Zone 466L', 22);
Insert into Citizen values (26, 'Territory 965T', 21);
Insert into Citizen values (27, 'Area 300V', 10);
Insert into Citizen values (28, 'Sector 427C', 16);
Insert into Citizen values (29, 'Area 272D', 2);
Insert into Citizen values (30, 'District 017M', 27);
Insert into Citizen values (31, 'Territory 192X', 12);
Insert into Citizen values (32, 'Sector 636X', 22);
Insert into Citizen values (33, 'Territory 393K', 2);
Insert into Citizen values (34, 'Territory 835N', 13);
Insert into Citizen values (35, 'Zone 833M', 25);
Insert into Citizen values (36, 'Region 341B', 20);
Insert into Citizen values (37, 'Sector 452A', 30);
Insert into Citizen values (38, 'Area 230Z', 5);
Insert into Citizen values (39, 'District 663E', 18);
Insert into Citizen values (40, 'Sector 024G', 16);
Insert into Citizen values (41, 'District 513O', 2);
Insert into Citizen values (42, 'Sector 735U', 16);
Insert into Citizen values (43, 'Sector 924S', 18);
Insert into Citizen values (44, 'Area 788Z', 12);
Insert into Citizen values (45, 'Sector 377J', 9);
Insert into Citizen values (46, 'District 274R', 30);
Insert into Citizen values (47, 'Region 384Z', 4);
Insert into Citizen values (48, 'Sector 095N', 18);
Insert into Citizen values (49, 'Territory 346W', 16);
Insert into Citizen values (50, 'Sector 673K', 10);
Insert into Citizen values (51, 'Territory 500X', 21);
Insert into Citizen values (52, 'Zone 949C', 4);
Insert into Citizen values (53, 'Territory 728D', 6);
Insert into Citizen values (54, 'Region 387J', 10);
Insert into Citizen values (55, 'District 105K', 26);
Insert into Citizen values (56, 'Sector 946P', 6);
Insert into Citizen values (57, 'Area 967O', 30);
Insert into Citizen values (58, 'Territory 452H', 26);
Insert into Citizen values (59, 'Zone 225G', 19);
Insert into Citizen values (60, 'Area 436N', 16);
Insert into Citizen values (61, 'District 725E', 19);
Insert into Citizen values (62, 'Area 107E', 12);
Insert into Citizen values (63, 'Sector 531C', 11);
Insert into Citizen values (64, 'Region 203Y', 26);
Insert into Citizen values (65, 'Territory 200T', 7);
Insert into Citizen values (66, 'Sector 271O', 19);
Insert into Citizen values (67, 'Area 270D', 20);
Insert into Citizen values (68, 'Territory 054L', 6);
Insert into Citizen values (69, 'Region 212U', 22);
Insert into Citizen values (70, 'District 974Z', 30);
Insert into Citizen values (71, 'District 605C', 29);
Insert into Citizen values (72, 'Area 228X', 27);
Insert into Citizen values (73, 'Region 563V', 1);
Insert into Citizen values (74, 'Region 587O', 21);
Insert into Citizen values (75, 'District 061V', 13);
Insert into Citizen values (76, 'Zone 583C', 25);
Insert into Citizen values (77, 'Territory 949I', 14);
Insert into Citizen values (78, 'Sector 011H', 8);
Insert into Citizen values (79, 'District 175L', 9);
Insert into Citizen values (80, 'Area 660M', 22);
Insert into Citizen values (81, 'District 797Y', 17);
Insert into Citizen values (82, 'Area 482R', 22);
Insert into Citizen values (83, 'Area 595C', 30);
Insert into Citizen values (84, 'Area 176I', 23);
Insert into Citizen values (85, 'Zone 788K', 6);
Insert into Citizen values (86, 'District 143M', 8);
Insert into Citizen values (87, 'Sector 937Z', 16);
Insert into Citizen values (88, 'Region 653N', 22);
Insert into Citizen values (89, 'Area 216K', 17);
Insert into Citizen values (90, 'Area 932K', 19);
Insert into Citizen values (91, 'Region 516E', 20);
Insert into Citizen values (92, 'Territory 483K', 4);
Insert into Citizen values (93, 'Area 349O', 16);
Insert into Citizen values (94, 'Territory 370V', 3);
Insert into Citizen values (95, 'Sector 955B', 28);
Insert into Citizen values (96, 'Region 373Q', 21);
Insert into Citizen values (97, 'Zone 230A', 6);
Insert into Citizen values (98, 'Zone 838Y', 23);
Insert into Citizen values (99, 'District 453Q', 5);
Insert into Citizen values (100, 'Region 373S', 20);
Insert into Citizen values (101, 'Area 759Q', 10);
Insert into Citizen values (102, 'Sector 408A', 29);
Insert into Citizen values (103, 'Area 171R', 27);
Insert into Citizen values (104, 'Sector 290L', 17);
Insert into Citizen values (105, 'Sector 562S', 11);
Insert into Citizen values (106, 'Territory 793U', 25);
Insert into Citizen values (107, 'Area 455D', 3);
Insert into Citizen values (108, 'District 020F', 16);
Insert into Citizen values (109, 'Zone 691A', 28);
Insert into Citizen values (110, 'District 353T', 2);
Insert into Citizen values (111, 'Region 878X', 23);
Insert into Citizen values (112, 'Territory 443F', 23);
Insert into Citizen values (113, 'Territory 424Q', 18);
Insert into Citizen values (114, 'Region 017L', 27);
Insert into Citizen values (115, 'Zone 023K', 29);
Insert into Citizen values (116, 'Region 413J', 27);
Insert into Citizen values (117, 'Sector 487C', 12);
Insert into Citizen values (118, 'Sector 381Z', 18);
Insert into Citizen values (119, 'Sector 604N', 21);
Insert into Citizen values (120, 'Territory 198F', 29);
Insert into Citizen values (121, 'Sector 012L', 4);
Insert into Citizen values (122, 'Territory 293Y', 29);
Insert into Citizen values (123, 'District 424H', 20);
Insert into Citizen values (124, 'Area 088N', 3);
Insert into Citizen values (125, 'Sector 998Z', 10);
Insert into Citizen values (126, 'District 785N', 25);
Insert into Citizen values (127, 'Sector 105T', 12);
Insert into Citizen values (128, 'Area 639V', 29);
Insert into Citizen values (129, 'District 249O', 24);
Insert into Citizen values (130, 'Sector 949A', 23);
Insert into Citizen values (131, 'Sector 387B', 19);
Insert into Citizen values (132, 'Zone 827W', 21);
Insert into Citizen values (133, 'Zone 691Y', 3);
Insert into Citizen values (134, 'Territory 469C', 19);
Insert into Citizen values (135, 'Zone 657B', 12);
Insert into Citizen values (136, 'Sector 517V', 19);
Insert into Citizen values (137, 'District 116E', 26);
Insert into Citizen values (138, 'Territory 481Q', 14);
Insert into Citizen values (139, 'Sector 279D', 13);
Insert into Citizen values (140, 'Area 707V', 12);
Insert into Citizen values (141, 'Area 731V', 6);
Insert into Citizen values (142, 'Zone 529I', 30);
Insert into Citizen values (143, 'Zone 754Z', 25);
Insert into Citizen values (144, 'District 386M', 15);
Insert into Citizen values (145, 'Sector 093F', 27);
Insert into Citizen values (146, 'Zone 497D', 28);
Insert into Citizen values (147, 'Sector 508I', 17);
Insert into Citizen values (148, 'Zone 438Q', 19);
Insert into Citizen values (149, 'Region 543X', 4);
Insert into Citizen values (150, 'Territory 351A', 1);
Insert into Citizen values (151, 'Area 668R', 10);
Insert into Citizen values (152, 'Territory 881D', 19);
Insert into Citizen values (153, 'Sector 555J', 3);
Insert into Citizen values (154, 'Area 542K', 7);
Insert into Citizen values (155, 'Region 473R', 16);
Insert into Citizen values (156, 'Region 699W', 12);
Insert into Citizen values (157, 'Sector 617N', 10);
Insert into Citizen values (158, 'Area 056Y', 24);
Insert into Citizen values (159, 'Zone 262D', 7);
Insert into Citizen values (160, 'Area 184R', 16);
Insert into Citizen values (161, 'Territory 564H', 14);
Insert into Citizen values (162, 'Territory 248F', 4);
Insert into Citizen values (163, 'Sector 167K', 23);
Insert into Citizen values (164, 'Sector 367W', 6);
Insert into Citizen values (165, 'Territory 238P', 14);
Insert into Citizen values (166, 'Sector 816K', 2);
Insert into Citizen values (167, 'Sector 239A', 20);
Insert into Citizen values (168, 'Sector 172O', 29);
Insert into Citizen values (169, 'District 974Y', 16);
Insert into Citizen values (170, 'Territory 006C', 10);
Insert into Citizen values (171, 'Region 500C', 2);
Insert into Citizen values (172, 'Region 388M', 29);
Insert into Citizen values (173, 'Area 650I', 6);
Insert into Citizen values (174, 'Area 324K', 9);
Insert into Citizen values (175, 'Territory 329T', 23);
Insert into Citizen values (176, 'Zone 624H', 5);
Insert into Citizen values (177, 'Zone 954I', 4);
Insert into Citizen values (178, 'Territory 557F', 5);
Insert into Citizen values (179, 'Region 857U', 7);
Insert into Citizen values (180, 'Region 587L', 13);
Insert into Citizen values (181, 'District 250I', 9);
Insert into Citizen values (182, 'Sector 690B', 23);
Insert into Citizen values (183, 'Zone 715L', 26);
Insert into Citizen values (184, 'Sector 674N', 23);
Insert into Citizen values (185, 'Zone 679T', 14);
Insert into Citizen values (186, 'Area 979I', 30);
Insert into Citizen values (187, 'Zone 567K', 19);
Insert into Citizen values (188, 'Sector 719S', 27);
Insert into Citizen values (189, 'District 858F', 4);
Insert into Citizen values (190, 'Territory 213Q', 1);
Insert into Citizen values (191, 'Sector 461G', 10);
Insert into Citizen values (192, 'District 071T', 2);
Insert into Citizen values (193, 'Area 590N', 7);
Insert into Citizen values (194, 'Sector 101I', 27);
Insert into Citizen values (195, 'Region 547D', 28);
Insert into Citizen values (196, 'Territory 584B', 3);
Insert into Citizen values (197, 'Area 874H', 7);
Insert into Citizen values (198, 'Region 221X', 20);
Insert into Citizen values (199, 'District 509I', 1);
Insert into Citizen values (200, 'Region 336S', 25);
Insert into Citizen values (201, 'Area 064U', 8);
Insert into Citizen values (202, 'Zone 360X', 18);
Insert into Citizen values (203, 'Zone 162U', 4);
Insert into Citizen values (204, 'Area 847Y', 25);
Insert into Citizen values (205, 'Territory 385E', 30);
Insert into Citizen values (206, 'Area 661T', 12);
Insert into Citizen values (207, 'Sector 394L', 14);
Insert into Citizen values (208, 'Zone 738Z', 24);
Insert into Citizen values (209, 'Territory 178K', 14);
Insert into Citizen values (210, 'Sector 847T', 12);
Insert into Citizen values (211, 'District 910E', 8);
Insert into Citizen values (212, 'Zone 525Q', 5);
Insert into Citizen values (213, 'District 471R', 18);
Insert into Citizen values (214, 'Territory 923B', 24);
Insert into Citizen values (215, 'Zone 477D', 8);
Insert into Citizen values (216, 'Sector 288R', 21);
Insert into Citizen values (217, 'Zone 437J', 9);
Insert into Citizen values (218, 'Region 750G', 1);
Insert into Citizen values (219, 'Sector 871W', 23);
Insert into Citizen values (220, 'Region 584Q', 15);
Insert into Citizen values (221, 'Region 839O', 13);
Insert into Citizen values (222, 'Zone 956P', 24);
Insert into Citizen values (223, 'Territory 169Z', 26);
Insert into Citizen values (224, 'Territory 168N', 15);
Insert into Citizen values (225, 'Territory 527Z', 1);
Insert into Citizen values (226, 'Area 107B', 1);
Insert into Citizen values (227, 'Zone 142V', 22);
Insert into Citizen values (228, 'Territory 156W', 9);
Insert into Citizen values (229, 'Zone 610I', 12);
Insert into Citizen values (230, 'Region 396J', 21);
Insert into Citizen values (231, 'District 519S', 28);
Insert into Citizen values (232, 'Area 256B', 15);
Insert into Citizen values (233, 'Zone 600J', 5);
Insert into Citizen values (234, 'Area 867M', 12);
Insert into Citizen values (235, 'Territory 564U', 6);
Insert into Citizen values (236, 'Area 371S', 21);
Insert into Citizen values (237, 'Zone 632M', 20);
Insert into Citizen values (238, 'Area 850M', 1);
Insert into Citizen values (239, 'Territory 512R', 24);
Insert into Citizen values (240, 'Zone 822P', 3);
Insert into Citizen values (241, 'District 396J', 17);
Insert into Citizen values (242, 'Area 250J', 26);
Insert into Citizen values (243, 'Sector 142T', 13);
Insert into Citizen values (244, 'District 590Y', 23);
Insert into Citizen values (245, 'Area 198J', 23);
Insert into Citizen values (246, 'Area 531I', 6);
Insert into Citizen values (247, 'Region 623V', 14);
Insert into Citizen values (248, 'Zone 798C', 13);
Insert into Citizen values (249, 'District 954Y', 19);
Insert into Citizen values (250, 'Sector 519Z', 8);

--Insert Rebel table values:
Insert into Rebel values (230, 'Frohupin', 'Whassup?');
Insert into Rebel values (208, 'Winsipover', 'Whassup?');
Insert into Rebel values (110, 'Tipquestar', 'I know nothing!');
Insert into Rebel values (177, 'Windimax', 'Don''t make me angry');
Insert into Rebel values (228, 'Endtananazz', 'Yabba dabba do!');
Insert into Rebel values (223, 'Klirobentor', 'One small step for man ');
Insert into Rebel values (159, 'Adwerover', 'Mom always liked you best');
Insert into Rebel values (141, 'Monpebor', 'Holy crap!');
Insert into Rebel values (233, 'Tupzapollan', 'Do you believe in miracles?');
Insert into Rebel values (193, 'Surzapex', 'The truth is out there');
Insert into Rebel values (186, 'Adhupican', 'Mom always liked you best');
Insert into Rebel values (86, 'Doperupistor', 'Tell me what you don''t like about yourself');
Insert into Rebel values (150, 'Monpickedgazz', 'Let''s get ready to rumble!');
Insert into Rebel values (14, 'Endroban', 'Good night, and good luck');
Insert into Rebel values (238, 'Varsipar', 'Yabba dabba do!');
Insert into Rebel values (73, 'Grodudower', 'Bam!');
Insert into Rebel values (92, 'Dopjubadistor', 'You rang?');
Insert into Rebel values (204, 'Lomrobex', 'Whassup?');
Insert into Rebel values (213, 'Winzapommover', 'Norm!');
Insert into Rebel values (130, 'Emfropower', 'You look mahvelous!');
Insert into Rebel values (226, 'Lomrobover', 'Let''s get ready to rumble!');
Insert into Rebel values (4, 'Dopweredor', 'Bam!');
Insert into Rebel values (176, 'Unsapantor', 'Let''s be careful out there');
Insert into Rebel values (29, 'Rapdudower', 'Oh, my nose!');
Insert into Rebel values (203, 'Monkilin', 'D''oh!');
Insert into Rebel values (199, 'Inzapopar', 'Space, the final frontier ');
Insert into Rebel values (246, 'Thrusipepower', 'Yeah, that''s the ticket');
Insert into Rebel values (121, 'Adkilan', 'Hey now!');
Insert into Rebel values (182, 'Cipbanazz', 'Have you no sense of decency?');
Insert into Rebel values (13, 'Surzapax', 'You rang?');
Insert into Rebel values (168, 'Tupvenentor', 'One small step for man ');
Insert into Rebel values (56, 'Cipdudan', 'Yada, yada, yada');
Insert into Rebel values (129, 'Parnipan', 'Holy crap!');
Insert into Rebel values (178, 'Suppickeficator', 'Well, isn''t that special?');
Insert into Rebel values (140, 'Requestommin', 'Pardon me, would you have any Grey Poupon?');
Insert into Rebel values (217, 'Indimex', 'Baby, you''re the greatest');
Insert into Rebel values (229, 'Zeetinin', 'D''oh!');
Insert into Rebel values (122, 'Hapglibex', 'How you doin''?');
Insert into Rebel values (20, 'Enderedicator', 'Don''t make me angry');
Insert into Rebel values (79, 'Surjubazz', 'Don''t make me angry');
Insert into Rebel values (147, 'Tipquestazz', 'The tribe has spoken');
Insert into Rebel values (60, 'Hapfropimar', 'Well, isn''t that special?');
Insert into Rebel values (210, 'Varsipanazz', 'Homey don''t play that!');
Insert into Rebel values (172, 'Resapackazz', 'How sweet it is!');
Insert into Rebel values (113, 'Adsipollin', 'Resistance is futile');
Insert into Rebel values (53, 'Addimover', 'Danger, Will Robinson');
Insert into Rebel values (40, 'Tuppebinex', 'That''s hot');
Insert into Rebel values (10, 'Upbanover', 'Good night, John Boy');
Insert into Rebel values (170, 'Rapweror', 'Now cut that out!');
Insert into Rebel values (138, 'Admunaquax', 'Norm!');
Insert into Rebel values (3, 'Gropebommistor', 'The thrill of victory, the agony of defeat');
Insert into Rebel values (91, 'Rapdudicator', 'You''re fired!');
Insert into Rebel values (133, 'Trutinegover', 'I''m not a doctor, but I play one on TV');
Insert into Rebel values (42, 'Winjubinar', 'Yeah, that''s the ticket');
Insert into Rebel values (232, 'Dopdudplantor', 'D''oh!');
Insert into Rebel values (167, 'Wintanan', 'I know nothing!');
Insert into Rebel values (116, 'Barpickackicator', 'D''oh!');
Insert into Rebel values (163, 'Tupmunistor', 'Tell me what you don''t like about yourself');
Insert into Rebel values (82, 'Qwizapadax', 'Good night, John Boy');
Insert into Rebel values (174, 'Endsapexower', 'Just one more thing ');
Insert into Rebel values (72, 'Tipwerpilor', 'Do you believe in miracles?');
Insert into Rebel values (195, 'Inerantor', 'You eeeediot!');
Insert into Rebel values (97, 'Qwimunistor', 'Do you believe in miracles?');
Insert into Rebel values (108, 'Tupbanamistor', 'Live long and prosper');
Insert into Rebel values (22, 'Rapnipex', 'The tribe has spoken');
Insert into Rebel values (248, 'Supnipegicator', 'I love it when a plan comes together');
Insert into Rebel values (180, 'Rejuban', 'What you see is what you get!');
Insert into Rebel values (35, 'Upnipax', 'One small step for man ');
Insert into Rebel values (8, 'Gronipex', 'Here it is, your moment of Zen');
Insert into Rebel values (161, 'Rapjubover', 'I love it when a plan comes together');
Insert into Rebel values (245, 'Rejubedgower', 'One small step for man ');
Insert into Rebel values (48, 'Suppickanin', 'Here it is, your moment of Zen');
Insert into Rebel values (131, 'Updimower', 'Oh, my nose!');
Insert into Rebel values (58, 'Doptinedgor', 'Oh, my nose!');
Insert into Rebel values (21, 'Klipickin', 'You''re fired!');

--Insert TaintedCitizen table values:
Insert into TaintedCitizen values (3, 'Tidy');
Insert into TaintedCitizen values (15, 'Dingy');
Insert into TaintedCitizen values (16, 'Spotless');
Insert into TaintedCitizen values (18, 'Filthy');
Insert into TaintedCitizen values (23, 'Unkempt');
Insert into TaintedCitizen values (26, 'Tidy');
Insert into TaintedCitizen values (28, 'Unkempt');
Insert into TaintedCitizen values (31, 'Tidy');
Insert into TaintedCitizen values (34, 'Filthy');
Insert into TaintedCitizen values (36, 'Spotless');
Insert into TaintedCitizen values (37, 'Filthy');
Insert into TaintedCitizen values (38, 'Spotless');
Insert into TaintedCitizen values (39, 'Dingy');
Insert into TaintedCitizen values (42, 'Dingy');
Insert into TaintedCitizen values (46, 'Tidy');
Insert into TaintedCitizen values (49, 'Spotless');
Insert into TaintedCitizen values (54, 'Spotless');
Insert into TaintedCitizen values (57, 'Tidy');
Insert into TaintedCitizen values (61, 'Tidy');
Insert into TaintedCitizen values (64, 'Unkempt');
Insert into TaintedCitizen values (69, 'Filthy');
Insert into TaintedCitizen values (72, 'Filthy');
Insert into TaintedCitizen values (74, 'Filthy');
Insert into TaintedCitizen values (77, 'Tidy');
Insert into TaintedCitizen values (82, 'Spotless');
Insert into TaintedCitizen values (83, 'Dingy');
Insert into TaintedCitizen values (87, 'Dingy');
Insert into TaintedCitizen values (88, 'Unkempt');
Insert into TaintedCitizen values (91, 'Tidy');
Insert into TaintedCitizen values (93, 'Dingy');
Insert into TaintedCitizen values (95, 'Tidy');
Insert into TaintedCitizen values (96, 'Filthy');
Insert into TaintedCitizen values (97, 'Filthy');
Insert into TaintedCitizen values (102, 'Unkempt');
Insert into TaintedCitizen values (103, 'Unkempt');
Insert into TaintedCitizen values (104, 'Dingy');
Insert into TaintedCitizen values (105, 'Spotless');
Insert into TaintedCitizen values (106, 'Spotless');
Insert into TaintedCitizen values (108, 'Dingy');
Insert into TaintedCitizen values (115, 'Unkempt');
Insert into TaintedCitizen values (116, 'Filthy');
Insert into TaintedCitizen values (117, 'Unkempt');
Insert into TaintedCitizen values (118, 'Tidy');
Insert into TaintedCitizen values (120, 'Tidy');
Insert into TaintedCitizen values (125, 'Tidy');
Insert into TaintedCitizen values (133, NULL);
Insert into TaintedCitizen values (134, 'Tidy');
Insert into TaintedCitizen values (136, 'Tidy');
Insert into TaintedCitizen values (137, 'Spotless');
Insert into TaintedCitizen values (139, 'Spotless');
Insert into TaintedCitizen values (149, 'Unkempt');
Insert into TaintedCitizen values (152, 'Dingy');
Insert into TaintedCitizen values (154, NULL);
Insert into TaintedCitizen values (163, 'Spotless');
Insert into TaintedCitizen values (164, 'Unkempt');
Insert into TaintedCitizen values (167, 'Dingy');
Insert into TaintedCitizen values (171, 'Spotless');
Insert into TaintedCitizen values (174, 'Tidy');
Insert into TaintedCitizen values (188, 'Dingy');
Insert into TaintedCitizen values (190, 'Filthy');
Insert into TaintedCitizen values (194, 'Tidy');
Insert into TaintedCitizen values (195, 'Dingy');
Insert into TaintedCitizen values (198, 'Unkempt');
Insert into TaintedCitizen values (205, 'Spotless');
Insert into TaintedCitizen values (206, 'Tidy');
Insert into TaintedCitizen values (212, 'Filthy');
Insert into TaintedCitizen values (224, 'Dingy');
Insert into TaintedCitizen values (225, 'Unkempt');
Insert into TaintedCitizen values (231, 'Unkempt');
Insert into TaintedCitizen values (232, 'Spotless');
Insert into TaintedCitizen values (236, 'Filthy');
Insert into TaintedCitizen values (240, 'Dingy');
Insert into TaintedCitizen values (247, 'Unkempt');
Insert into TaintedCitizen values (249, 'Filthy');
Insert into TaintedCitizen values (250, 'Unkempt');

--Insert Oversight table values:
Insert into Oversight values (1, '6/17/2850', '12/24/2851', 'C', 'TX1N9VP', 182, 'QY9U1DWEQDQTCCWO', 182);
Insert into Oversight values (2, '6/28/2194', '4/27/2203', 'C', 'L1V1UC', 205, 'UC95TWHVB9D7PTF9', 205);
Insert into Oversight values (3, '5/19/2870', '2/10/2876', 'B', 'S9SHY98', 147, 'SIE9TETIL48RDJOI', 193);
Insert into Oversight values (4, '12/1/2992', '1/2/3002', 'B', 'CAVYMB', 140, 'KR6T8T1VX37PJ3L5', 140);
Insert into Oversight values (5, '1/13/2209', '8/12/2213', 'A', 'ZWF7FD', 52, '7S524A0S2604DT6W', 52);
Insert into Oversight values (6, '4/28/2037', '11/17/2046', 'C', '032T5N', 86, '02RZBAJ5Z9AJR2L9', 140);
Insert into Oversight values (7, '6/7/2279', '7/24/2285', 'A', 'WDH90I', 227, 'X51S7WO8JCQ4NPIB', 227);
Insert into Oversight values (8, '8/21/2918', '6/24/2921', 'D', 'H8LPX9O9', 111, 'FW4457E8Q30PZPE1', 111);
Insert into Oversight values (9, '4/4/2653', '12/25/2662', 'C', '9EILRM', 245, 'ZDC2KHTL59DIKY4B', 245);
Insert into Oversight values (10, '9/21/2269', '2/3/2274', 'F', 'OX9X753MBG', 69, 'AJ997SYD5YQAE1IC', 69);
Insert into Oversight values (11, '1/28/2570', '9/22/2574', 'A', 'A25D3ZTNWP', 116, 'AZHHPAKB7L0LPADB', 73);
Insert into Oversight values (12, '3/25/2231', '11/2/2232', 'C', 'I5M5WA', 246, 'GD94O0GYLLPALY8K', 117);
Insert into Oversight values (13, '6/17/2773', '2/22/2780', 'A', 'NNA5ZY', 105, 'MPZ4DX9EMXT8RK0B', 159);
Insert into Oversight values (14, '3/20/2162', '3/14/2172', 'B', '9CCEWQNI', 118, 'GKSYZ06ANYWVNZSW', 118);
Insert into Oversight values (15, '11/30/2181', '10/13/2191', 'B', 'V3B1QM1U', 246, 'ZGCCRVV63VGSZVFL', 246);
Insert into Oversight values (16, '2/5/2273', '10/26/2275', 'B', 'ZU5FJKE4Y', 8, '0XAZDM6591U4TBWD', 8);
Insert into Oversight values (17, '2/24/2223', NULL, 'A', 'SVN66I', 216, 'VZ7YCLU7TDOBVZOL', 216);
Insert into Oversight values (18, '1/5/2302', '10/18/2302', 'B', 'ZU5FJKE4Y', 249, 'ZK5MMF0151EWVANW', 249);
Insert into Oversight values (19, '8/1/2632', '1/16/2634', 'C', '2P57MY', 170, 'OM38IBKFREUE196R', 170);
Insert into Oversight values (20, '1/14/2194', '3/20/2198', 'D', 'H8LPX9O9', 79, 'C60T195NML30TXA7', 79);
Insert into Oversight values (21, '6/15/2611', '9/3/2613', 'C', 'TX1N9VP', 192, 'UC95TWHVB9D7PTF9', 205);
Insert into Oversight values (22, '8/18/2574', '2/3/2576', 'A', 'UZ6Q321I41', 44, 'VR3LCT211U9D52DU', 213);
Insert into Oversight values (23, '9/4/2836', '10/16/2838', 'A', 'ZT8QM9', 248, 'ZIMY0VS4AC2TPK3S', 248);
Insert into Oversight values (24, '9/4/2425', '11/18/2425', 'A', '11D8NS', 9, '0YC8IA30NOUP5OUW', 9);
Insert into Oversight values (25, '8/15/2739', '9/11/2747', 'D', 'PW1ABBDL2F', 175, 'PQO8D8QOWNJG90V7', 175);
Insert into Oversight values (26, '3/29/2983', '9/19/2992', 'B', '57VXH4', 132, 'IS6Z06HCXK0A91UK', 132);
Insert into Oversight values (27, '8/11/2202', '7/30/2206', 'D', 'I9RV30', 234, 'XUTPUHC6GP05G9EK', 234);
Insert into Oversight values (28, '11/11/2579', '11/16/2580', 'C', 'XHXZPX', 172, 'OPMGYSWEG8WLB6N6', 172);
Insert into Oversight values (29, '6/28/2104', '8/30/2110', 'C', 'Y2VJD9XXI5', 137, 'JZQLRGOP3Q8R5AHP', 137);
Insert into Oversight values (30, '10/5/2467', '10/10/2473', 'A', '3YRHXR', 21, '30OGWYDGL3TN2JYP', 21);
Insert into Oversight values (31, '11/24/2974', '7/31/2984', 'C', '5NLLJZ', 217, '77B0FPKUUVNN7CVH', 47);
Insert into Oversight values (32, '7/22/2736', '9/5/2736', 'B', 'HVGSCOY', 114, 'G69PG0Y1TWYH2HLM', 114);
Insert into Oversight values (33, '3/8/2239', '12/14/2239', 'A', 'BORXUS', 75, 'BEJRV2B2OJR8BEX7', 75);
Insert into Oversight values (34, '12/7/2420', '8/11/2424', 'B', 'ZT8QM9', 9, 'ZIMY0VS4AC2TPK3S', 248);
Insert into Oversight values (35, '2/3/2157', '2/20/2161', 'C', 'JPN8JN', 161, 'MV2ZOSSS3ZLUIX76', 161);
Insert into Oversight values (36, '5/29/2966', '5/25/2968', 'A', 'S2MQC4', 191, 'S7XAVIFMTI7ESPPR', 191);
Insert into Oversight values (37, '8/15/2397', '3/25/2399', 'A', '08I0E96', 124, '0PVE2FTDWJ2XRNYX', 8);
Insert into Oversight values (38, '11/19/2475', '5/8/2484', 'C', 'E9HS1E', 96, 'EAQ8A9X27XJ107K7', 96);
Insert into Oversight values (39, '12/24/2505', '6/15/2508', 'C', 'CAVYMB', 209, 'D6F63VTK8HE0I673', 86);
Insert into Oversight values (40, '12/14/2273', '5/28/2276', 'B', '1VVSQ46F', 240, 'YT91HYUUI9P3MQO3', 240);
Insert into Oversight values (41, '12/17/2607', '7/10/2614', 'A', '423FD511', 127, 'HM0194W4F7TXFIXR', 127);
Insert into Oversight values (42, '6/22/2413', '10/23/2422', 'D', 'QNR7RXDBZD', 198, 'QHT60CBX6F8JPWRW', 179);
Insert into Oversight values (43, '6/27/2364', '12/15/2370', 'B', 'UZ6Q321I41', 30, '4KACIS64UBXB1B2U', 30);
Insert into Oversight values (44, '8/7/2084', '7/19/2092', 'B', 'CZZIHN', 3, '0N68P1YP4MNLFXRO', 69);
Insert into Oversight values (45, '12/24/2235', '7/19/2242', 'B', 'WSXBMHP8G', 227, 'X51S7WO8JCQ4NPIB', 227);
Insert into Oversight values (46, '7/30/2219', '5/10/2228', 'D', '5QE4X6', 199, 'T4F7TIQOJSFQJV6Y', 199);
Insert into Oversight values (47, '11/19/2931', '5/26/2934', 'C', '04ME81', 85, 'D4EL8GM9CJKZT4KE', 85);
Insert into Oversight values (48, '11/5/2934', '9/25/2938', 'D', 'OHBBCM0LQ2', 115, 'G6QOSDY74Q9PYZPR', 115);
Insert into Oversight values (49, '2/17/2673', '9/29/2682', 'C', 'EVIBKJ', 37, '5TE6JWRELOTH1CHC', 37);
Insert into Oversight values (50, '2/4/2127', '1/5/2134', 'B', '7P4Z5E', 56, '8F3IQ262GSB0YI7X', 56);
Insert into Oversight values (51, '3/24/2187', '7/7/2193', 'B', 'YETQ8X', 103, 'EWXN56H0U9HLX3D5', 103);
Insert into Oversight values (52, '2/26/2862', '1/18/2870', 'C', 'UXO6V6', 180, 'QIBE9IOEQAM7BTN0', 180);
Insert into Oversight values (53, '7/9/2552', '2/28/2555', 'F', 'MWT8FS', 173, 'MC60M8H618F3S1Y2', 155);
Insert into Oversight values (54, '3/13/2482', '1/7/2487', 'C', 'J3IEIO', 122, 'GZNO1VJ24JQYM5GY', 122);
Insert into Oversight values (55, '6/5/2786', '5/2/2788', 'A', 'XE6AWAD', 49, '7FJHTBPN9RJ995P1', 49);
Insert into Oversight values (56, '10/30/2295', '3/21/2296', 'C', 'MP9RT1', 220, 'W8W90V9M5JRMEKM9', 220);
Insert into Oversight values (57, '10/25/2357', '6/27/2360', 'B', '7F2UIJ', 207, 'UMKSLT4DROVO49B2', 207);
Insert into Oversight values (58, '9/13/2464', '7/15/2467', 'A', 'R3O5O1', 234, 'RA23PINJFDZTISEI', 184);
Insert into Oversight values (59, '4/20/2273', '12/19/2274', 'B', 'ZU5FJKE4Y', 215, 'VYA8CGY3HE9GXPXQ', 215);
Insert into Oversight values (60, '10/18/2225', '3/6/2227', 'C', 'WI0S8DZGJ1', 170, 'OM38IBKFREUE196R', 170);
Insert into Oversight values (61, '9/18/2834', '12/28/2834', 'C', 'NCBMEKU', 129, 'MIGBWS7PZVL60ZL7', 157);
Insert into Oversight values (62, '7/28/2699', '2/8/2700', 'B', 'WRA098GV', 55, '8700PNV6UVT36DOO', 55);
Insert into Oversight values (63, '2/22/2834', '8/18/2839', 'B', 'WDH90I', 224, 'WVQLIISP3R56BG7I', 224);
Insert into Oversight values (64, '6/30/2205', '3/11/2207', 'C', 'WI0S8DZGJ1', 43, 'WYE9R8EZSN6UT551', 225);
Insert into Oversight values (65, '10/29/2294', '2/6/2300', 'B', 'R61KTH', 22, '337GVDOZQ9YPWNG7', 22);
Insert into Oversight values (66, '7/10/2833', '1/11/2839', 'C', 'LX65V3', 210, 'V893OT4Y4F3HKZXK', 210);
Insert into Oversight values (67, '1/18/2992', '3/15/2995', 'C', 'JL7DK6', 43, '6M011YSIKQEHSI57', 43);
Insert into Oversight values (68, '7/11/2372', '8/22/2378', 'C', 'NOJAQM', 144, 'N782A1UVDGV7X4PE', 162);
Insert into Oversight values (69, '2/14/2025', '6/19/2026', 'B', 'U8YH60', 207, 'UMKSLT4DROVO49B2', 207);
Insert into Oversight values (70, '7/5/2215', '11/27/2224', 'B', '7F2UIJ', 226, '8700PNV6UVT36DOO', 55);
Insert into Oversight values (71, '6/23/2875', '12/21/2882', 'B', 'ZWF7FD', 250, 'ZLTZJSHS5K7W4DEB', 250);
Insert into Oversight values (72, '4/8/2747', NULL, 'B', 'IX51GZSJXS', 121, 'GU77216M5R3C1WJL', 121);
Insert into Oversight values (73, '1/13/2796', '9/1/2798', 'C', 'NT18XU19VG', 75, 'ND8UA7ISHY05K5UP', 164);
Insert into Oversight values (74, '8/18/2378', '4/22/2379', 'B', 'QNZ1NUXHHX', 212, 'QIBE9IOEQAM7BTN0', 180);
Insert into Oversight values (75, '1/30/2586', '8/26/2590', 'C', 'S3EHC2', 203, 'TQ8JITKD8UCETUBQ', 203);
Insert into Oversight values (76, '12/23/2217', '10/22/2223', 'D', '2ICSFP', 26, '40M24WZKVI1DKVYM', 26);
Insert into Oversight values (77, '2/22/2230', '4/14/2234', 'B', 'BYFIHPY', 183, 'R2TXQAYO6ASF2ROH', 183);
Insert into Oversight values (78, '1/29/2772', '12/19/2773', 'C', '1JNYMC', 220, '1KBMRVF1VHWFVLWH', 180);
Insert into Oversight values (79, '9/13/2209', '3/27/2217', 'C', '2D28I9', 32, '4X6922IR2DASMMTT', 32);
Insert into Oversight values (80, '1/17/2540', '12/7/2540', 'D', 'V0VQ4K8CWG', 227, 'X51S7WO8JCQ4NPIB', 227);
Insert into Oversight values (81, '5/10/2071', '10/9/2072', 'C', '1OXH5EU', 48, '7DG3GXVZHAC5C6ZK', 48);
Insert into Oversight values (82, '10/7/2267', '10/28/2276', 'D', 'IBEJL2', 46, 'GP628AFWW50WN7DZ', 120);
Insert into Oversight values (83, '9/24/2906', '1/23/2910', 'D', 'KP6GCTZVHV', 70, 'JKYXAANHFKK1QY70', 136);
Insert into Oversight values (84, '5/25/2977', '1/11/2982', 'B', 'BYFIHPY', 82, 'CGTP6LFQ2JDB79U4', 82);
Insert into Oversight values (85, '7/15/2300', '6/4/2306', 'C', 'TARCJK', 168, 'O27173Y475L02QNF', 168);
Insert into Oversight values (86, '9/27/2132', '8/8/2139', 'D', 'I7WEYW', 66, 'GKSYZ06ANYWVNZSW', 118);
Insert into Oversight values (87, '1/13/2204', '6/15/2208', 'B', '1HNML33X', 209, 'V2CRNXHG26GRMKB1', 209);
Insert into Oversight values (88, '12/25/2756', '8/9/2765', 'A', '30PEJ7UWSQ', 19, '2NSHBQ2N4J39XRX5', 203);
Insert into Oversight values (89, '7/6/2634', '4/22/2639', 'B', '3VS36Y', 199, 'T4F7TIQOJSFQJV6Y', 199);
Insert into Oversight values (90, '4/7/2861', '2/24/2866', 'A', 'S4W0NT', 138, 'SCCIDWWEWMTTVMS4', 192);
Insert into Oversight values (91, '8/4/2628', '3/28/2629', 'B', 'XQOGYCV', 235, 'Y40YFHVH1E6DSSY2', 235);
Insert into Oversight values (92, '12/1/2932', '4/17/2935', 'C', 'A3029U', 74, 'B500CAXKY6OFBRXR', 74);
Insert into Oversight values (93, '8/2/2222', '7/1/2227', 'B', 'K7KDMD', 131, 'I3L2REBHKFRY4SU3', 131);
Insert into Oversight values (94, '3/9/2300', '11/26/2306', 'A', 'OHBBCM0LQ2', 242, 'NG5L9GKEEL4S4QOO', 166);
Insert into Oversight values (95, '3/28/2439', '2/1/2447', 'B', 'C2LAEAG', 61, 'CY1RH0CW9I8E1RY4', 84);
Insert into Oversight values (96, '5/21/2908', '8/5/2912', 'C', 'A19R943N', 72, 'AURIVV5VTPTYYD1G', 72);
Insert into Oversight values (97, '4/30/2579', '6/5/2580', 'C', 'U71PKKQ', 39, 'UIWWLJ1OWW2M4ED8', 206);
Insert into Oversight values (98, '12/28/2178', '2/27/2182', 'C', 'L8R9KG', 56, '8F3IQ262GSB0YI7X', 56);
Insert into Oversight values (99, '10/10/2789', NULL, 'A', 'V50J4K', 47, '77B0FPKUUVNN7CVH', 47);
Insert into Oversight values (100, '6/16/2402', '1/30/2408', 'B', '1ZJGV093B5', 18, '2MZB4A539J8IC4RB', 18);
Insert into Oversight values (101, '7/12/2227', '5/27/2233', 'B', '1VVSQ46F', 16, '26QIITY328O418H0', 157);
Insert into Oversight values (102, '5/11/2579', '12/8/2579', 'D', '2P57MY', 174, 'P723N4U4HOYAGMS3', 174);
Insert into Oversight values (103, '9/20/2929', '5/30/2930', 'C', 'NL8CR43H', 158, 'MIWFO9Z5TY7Y2QEY', 158);
Insert into Oversight values (104, '8/15/2477', '8/7/2487', 'B', 'XHXZPX', 232, 'XPJT20V688Y1K9IA', 232);
Insert into Oversight values (105, '8/14/2251', '8/12/2258', 'D', 'MP9RT1', 13, '1KBMRVF1VHWFVLWH', 56);
Insert into Oversight values (106, '12/17/2439', '3/30/2448', 'A', 'XJ6DWW', 145, 'XPXMFB4I8FHBOMNW', 233);
Insert into Oversight values (107, '2/14/2086', '6/25/2091', 'A', '8CRLN1226', 17, '2LOPLWSRTQ0KDGQ5', 17);
Insert into Oversight values (108, '11/22/2193', '4/9/2197', 'C', 'WRA098GV', 4, 'X02K1V6RSZM63J7K', 226);
Insert into Oversight values (109, '2/12/2896', '7/6/2904', 'A', 'P6PSXM', 170, 'OM38IBKFREUE196R', 170);
Insert into Oversight values (110, '6/12/2588', '3/8/2594', 'B', 'KYSNA7', 24, '3FTSDBGF1U6D5V4E', 24);
Insert into Oversight values (111, '9/7/2085', '4/19/2090', 'B', '1OXH5EU', 38, '64TVWRHARIE5NTNB', 38);
Insert into Oversight values (112, '9/27/2585', '11/22/2593', 'C', 'F3L78PWF7', 27, '4CIADAUFEYTWXSVM', 27);
Insert into Oversight values (113, '1/2/2275', '8/7/2276', 'B', 'MOXI6AP3KB', 153, 'M3LRKZ5Y8WG98OTJ', 153);
Insert into Oversight values (114, '4/4/2733', '3/29/2741', 'B', 'Y81IS9DR61', 239, 'YRJY4CDO7YDMAGMN', 239);
Insert into Oversight values (115, '6/9/2174', '5/17/2177', 'A', 'Q1TU98PR', 123, 'H6A382V3DB8BRTHU', 123);
Insert into Oversight values (116, '12/13/2586', '5/19/2588', 'D', '3VS36Y', 14, '64TVWRHARIE5NTNB', 38);
Insert into Oversight values (117, '11/3/2792', '4/17/2801', 'B', 'PDUV6B8TF3', 5, '0QR773WPQMO8LD74', 170);
Insert into Oversight values (118, '9/30/2856', '2/12/2863', 'A', 'LLTW5F', 143, 'KXAW238TP57HJYKC', 143);
Insert into Oversight values (119, '12/17/2904', '11/2/2909', 'A', 'F3L78PWF7', 57, '8IJ3RAEKOI22ZWQG', 57);
Insert into Oversight values (120, '1/31/2182', '6/19/2184', 'B', 'SO5AYX', 155, 'MC60M8H618F3S1Y2', 155);
Insert into Oversight values (121, '6/28/2649', '6/29/2652', 'B', '3D6I59', 2, '0CAP8OOA0OXHH02U', 2);
Insert into Oversight values (122, '1/25/2255', '8/12/2256', 'C', 'DW1P2Q367Y', 91, 'DCV6N57HKXUE2AX8', 91);
Insert into Oversight values (123, '1/7/2738', '6/24/2746', 'B', 'SQH15N2I', 213, 'VR3LCT211U9D52DU', 213);
Insert into Oversight values (124, '11/10/2163', '2/4/2171', 'B', 'FKTWJYEB2', 16, '26QIITY328O418H0', 16);
Insert into Oversight values (125, '11/30/2586', '1/4/2590', 'A', 'N9I9ZY9', 71, 'AQJ5HXBG6NU0LQ63', 71);
Insert into Oversight values (126, '7/24/2942', NULL, 'B', 'Q7LV73', 87, 'Q3IJP7MPTR7JI5SN', 177);
Insert into Oversight values (127, '9/5/2544', '8/8/2551', 'C', 'FKTWJYEB2', 240, 'YT91HYUUI9P3MQO3', 240);
Insert into Oversight values (128, '11/7/2515', '7/24/2523', 'C', 'JWOPDL', 9, '0YC8IA30NOUP5OUW', 248);
Insert into Oversight values (129, '5/23/2939', '1/12/2941', 'C', 'EBRDKA', 99, 'EBBLR18B31O87DE2', 97);
Insert into Oversight values (130, '9/11/2677', '10/16/2682', 'A', '2D28I9', 24, '3FTSDBGF1U6D5V4E', 131);
Insert into Oversight values (131, '8/26/2638', '12/28/2643', 'B', '9Z21I9', 71, 'AQJ5HXBG6NU0LQ63', 71);
Insert into Oversight values (132, '2/24/2071', '9/30/2077', 'C', '4E88SJ3', 127, 'HM0194W4F7TXFIXR', 127);
Insert into Oversight values (133, '4/20/2982', '9/13/2986', 'C', 'KABVD4UXX', 182, 'IYCZELUZDQL8FI0R', 133);
Insert into Oversight values (134, '3/31/2807', '5/21/2809', 'B', '8V36I2', 15, '20R6A0ZW5TN5KQ92', 15);
Insert into Oversight values (135, '7/8/2332', '1/14/2333', 'C', 'NCBMEKU', 33, '55ND0YWK7F3MTBAS', 71);
Insert into Oversight values (136, '12/31/2491', '6/17/2500', 'C', 'FD2E0JH', 125, 'HHWEAHOS8REJ3DBX', 125);
Insert into Oversight values (137, '1/17/2338', '4/7/2338', 'B', 'NOX09028MW', 212, 'VLNY7A4WZ85BTPEV', 212);
Insert into Oversight values (138, '2/8/2449', '10/1/2453', 'B', '262MFR5', 154, 'M4KK2BNTKY9AH4SV', 154);
Insert into Oversight values (139, '10/12/2745', '4/4/2752', 'B', '2N7CUAT68D', 27, '4CIADAUFEYTWXSVM', 27);
Insert into Oversight values (140, '7/28/2860', '7/16/2868', 'B', 'MBWX54RW', 186, 'RJKLGZT1OUAHZX9P', 186);
Insert into Oversight values (141, '8/13/2066', '7/10/2076', 'C', 'F3L78PWF7', 101, 'ESASEJ7695M0TW1J', 101);
Insert into Oversight values (142, '2/20/2030', '11/3/2037', 'B', '9BL5KW', 234, 'XUTPUHC6GP05G9EK', 234);
Insert into Oversight values (143, '11/12/2860', '11/14/2862', 'A', 'NCBMEKU', 33, '55ND0YWK7F3MTBAS', 33);
Insert into Oversight values (144, '1/22/2066', '8/4/2071', 'A', '0FPY4D', 7, '0T8EDH1STAEOZNTH', 175);
Insert into Oversight values (145, '8/1/2795', '2/16/2800', 'C', 'MP9RT1', 154, 'M4KK2BNTKY9AH4SV', 154);
Insert into Oversight values (146, '11/7/2062', '2/7/2072', 'C', 'LCX2Y5EK', 208, 'URGHW381IZC2SRI5', 208);
Insert into Oversight values (147, '11/29/2677', '7/20/2680', 'B', 'JWOPDL', 172, 'OPMGYSWEG8WLB6N6', 172);
Insert into Oversight values (148, '4/29/2489', '3/8/2492', 'C', '4M2QLFE', 30, '4KACIS64UBXB1B2U', 143);
Insert into Oversight values (149, '9/29/2145', '2/23/2152', 'C', '4M2QLFE', 44, '6SVKMSW55WMD0SCD', 44);
Insert into Oversight values (150, '4/15/2852', '2/9/2862', 'C', '5NLLJZ', 47, '77B0FPKUUVNN7CVH', 47);
Insert into Oversight values (151, '7/19/2135', '9/7/2142', 'B', '2VPIZK', 29, '4E5598EBC9VD6TIN', 153);
Insert into Oversight values (152, '8/1/2722', '2/23/2726', 'C', 'UK04D9', 63, '8S6SG5UC7XQ3BEVQ', 63);
Insert into Oversight values (153, '1/12/2274', '10/5/2282', 'B', 'HMUXRN', 250, 'ZLTZJSHS5K7W4DEB', 250);
Insert into Oversight values (154, '9/9/2627', '12/3/2630', 'C', 'LLROC6PI', 143, 'KXAW238TP57HJYKC', 143);
Insert into Oversight values (155, '12/19/2752', '6/25/2758', 'F', '1VVSQ46F', 104, '26QIITY328O418H0', 16);
Insert into Oversight values (156, '6/17/2972', '8/27/2976', 'C', '9CCEWQNI', 114, 'A49JZXPUJUZ8O6KT', 66);
Insert into Oversight values (157, '5/5/2841', '4/26/2844', 'B', 'ZT8QM9', 211, 'VDELJ6ZLCORGX5NF', 211);
Insert into Oversight values (158, '11/11/2785', '9/17/2789', 'B', 'MOXI6AP3KB', 39, '6AURSC1MT47SOKFL', 143);
Insert into Oversight values (159, '9/15/2890', '5/6/2897', 'B', 'LLTW5F', 162, 'N782A1UVDGV7X4PE', 162);
Insert into Oversight values (160, '1/22/2309', '11/8/2309', 'B', 'K6MR1V', 15, 'HRD5WMEVQ6UXUDC3', 130);
Insert into Oversight values (161, '4/13/2895', '9/9/2897', 'B', 'I7WEYW', 243, 'Z7XSB84E9VDTKCHU', 243);
Insert into Oversight values (162, '4/10/2570', '6/11/2579', 'B', '57VXH4', 20, '2P3RQ1ZVW4B2ES1G', 20);
Insert into Oversight values (163, '7/3/2254', '1/31/2261', 'D', 'K5X31U', 56, 'HPMQAXQKPIM70MX0', 129);
Insert into Oversight values (164, '6/3/2238', NULL, 'A', '3YRHXR', 153, '6AURSC1MT47SOKFL', 39);
Insert into Oversight values (165, '10/19/2949', '3/29/2955', 'A', 'QNZ1NUXHHX', 204, 'TRCONMN6ND9XTT14', 204);
Insert into Oversight values (166, '7/14/2034', '2/11/2037', 'B', 'PE6IW2', 9, '0YC8IA30NOUP5OUW', 161);
Insert into Oversight values (167, '6/10/2603', '1/30/2605', 'C', 'LLTW5F', 231, 'KXF4ENH2DK6Y3SMZ', 144);
Insert into Oversight values (168, '10/5/2467', '2/20/2474', 'D', 'H7N3ZA', 139, 'KPZ0XOOZR3TFWIA1', 139);
Insert into Oversight values (169, '9/27/2420', '11/2/2421', 'C', 'OX9X753MBG', 169, 'OLZ2SUH6VCSQ5SHF', 169);
Insert into Oversight values (170, '6/10/2682', '3/17/2684', 'B', 'OTOSFFMLJ', 249, 'ZK5MMF0151EWVANW', 249);
Insert into Oversight values (171, '11/26/2268', '9/12/2272', 'B', 'FSHOGMH', 76, 'BQ9TNWT8DRYTLU80', 76);
Insert into Oversight values (172, '9/25/2363', '3/16/2372', 'C', '1W8QOX', 17, '2LOPLWSRTQ0KDGQ5', 17);
Insert into Oversight values (173, '12/20/2130', '4/3/2139', 'C', 'I5M5WA', 117, 'GD94O0GYLLPALY8K', 117);
Insert into Oversight values (174, '5/20/2064', '8/26/2064', 'C', 'IX51GZSJXS', 183, 'GU77216M5R3C1WJL', 121);
Insert into Oversight values (175, '6/21/2135', '10/2/2143', 'B', '08I0E96', 55, '8700PNV6UVT36DOO', 55);
Insert into Oversight values (176, '5/9/2639', '7/20/2642', 'D', '1ZJGV093B5', 191, '2MZB4A539J8IC4RB', 18);
Insert into Oversight values (177, '3/15/2394', '9/28/2403', 'B', '8CRLN1226', 58, '8MPWPZ610MIZIOVB', 58);
Insert into Oversight values (178, '12/15/2691', '4/14/2697', 'B', '3VS36Y', 38, '64TVWRHARIE5NTNB', 38);
Insert into Oversight values (179, '4/12/2368', '10/27/2375', 'C', 'U9R9HB', 112, 'FX1B8IVTVEI1UFSW', 112);
Insert into Oversight values (180, '1/24/2544', '5/29/2550', 'B', 'HMUXRN', 155, 'G1QJKT32QSM7BK43', 113);
Insert into Oversight values (181, '8/24/2284', '6/27/2294', 'A', '0D5U71', 171, '0QR773WPQMO8LD74', 5);
Insert into Oversight values (182, '5/9/2075', '7/21/2080', 'A', 'EC15Y6Z', 54, 'EEEOE33W9U7ZR9C4', 98);
Insert into Oversight values (183, '2/7/2390', '10/2/2390', 'C', '0DYUQB', 6, '0S4YMQMZEG8RM9IL', 205);
Insert into Oversight values (184, '2/7/2107', '6/28/2115', 'A', 'X58KYW3P', 51, '7GT35AN84UNWBN22', 51);
Insert into Oversight values (185, '2/24/2562', '6/6/2569', 'C', '2YS4KG', 229, 'XJ3RZVEP9U43EM80', 229);
Insert into Oversight values (186, '1/26/2916', '9/4/2925', 'B', 'V3B1QM1U', 8, '0XAZDM6591U4TBWD', 8);
Insert into Oversight values (187, '2/12/2797', '11/7/2804', 'B', 'ORABD0', 128, 'HON3KT9XY75YDFT2', 128);
Insert into Oversight values (188, '8/12/2374', '1/24/2376', 'A', 'PDUV6B8TF3', 241, 'Z07KXP73XXP7HBPG', 241);
Insert into Oversight values (189, '4/11/2074', NULL, 'B', 'AVM59G', 249, 'ZK5MMF0151EWVANW', 249);
Insert into Oversight values (190, '1/22/2360', '7/12/2366', 'A', '0D5U71', 5, '0QR773WPQMO8LD74', 5);
Insert into Oversight values (191, '8/29/2650', '9/6/2657', 'B', 'AA2GT7', 164, 'ND8UA7ISHY05K5UP', 164);
Insert into Oversight values (192, '3/7/2552', '11/8/2557', 'A', 'C2LAEAG', 70, 'AL7HEIKO970Z74L6', 70);
Insert into Oversight values (193, '5/27/2558', '1/17/2562', 'B', 'YOC1MIEN', 242, 'Z6IZ0I5VORL6JHDM', 242);
Insert into Oversight values (194, '9/20/2456', '2/15/2458', 'A', 'LUWPJRUF', 147, 'L5G9QG3XF0L9OHJX', 147);
Insert into Oversight values (195, '4/17/2965', '10/8/2969', 'A', 'SC5AG5', 190, 'SUGGN3127HY3PDV8', 194);
Insert into Oversight values (196, '5/4/2496', '5/31/2505', 'B', '0DYUQB', 82, 'CGTP6LFQ2JDB79U4', 82);
Insert into Oversight values (197, '8/21/2775', '11/8/2781', 'B', 'GXNBQ1NE3', 33, 'F7P34FJI2XPPAW04', 106);
Insert into Oversight values (198, '6/12/2642', '5/10/2643', 'A', 'RWN9GS9V', 244, 'ZCU31JW1XEGH6CBG', 244);
Insert into Oversight values (199, '4/5/2116', '8/1/2117', 'D', '2AN3YY', 222, 'WPKXMJOV3O6R94KX', 222);
Insert into Oversight values (200, '1/17/2781', '12/18/2784', 'B', 'YSD9UN4E', 156, 'ZCU31JW1XEGH6CBG', 244);
Insert into Oversight values (201, '6/1/2459', '5/28/2461', 'C', '9A6CKZDB', 223, '8WYR1XM91HLE6A48', 64);
Insert into Oversight values (202, '2/25/2230', '6/16/2238', 'B', '3D6I59', 34, '56UY4B46FM61TAGT', 34);
Insert into Oversight values (203, '8/2/2088', '10/18/2094', 'A', '4M2QFM', 225, 'WYE9R8EZSN6UT551', 225);
Insert into Oversight values (204, '4/22/2463', '5/26/2465', 'B', 'H4SO62', 45, '6V4VXMARZY7IRE8R', 45);
Insert into Oversight values (205, '5/21/2603', '12/12/2611', 'A', 'U71PKKQ', 221, 'WNQNBEKZ743G02Z2', 221);
Insert into Oversight values (206, '10/25/2771', '10/15/2772', 'B', 'GXNBQ1NE3', 137, 'JZQLRGOP3Q8R5AHP', 137);
Insert into Oversight values (207, '8/12/2611', '9/2/2618', 'F', 'IX51GZSJXS', 197, 'SXQ6YDSJSD2KB9IK', 197);
Insert into Oversight values (208, '8/25/2229', '5/14/2230', 'C', 'K5X31U', 129, 'HPMQAXQKPIM70MX0', 129);
Insert into Oversight values (209, '3/21/2512', '10/11/2518', 'B', 'DCZ0IA', 89, 'DBKSF6C9NUSFQ0FO', 89);
Insert into Oversight values (210, '8/12/2133', '8/13/2135', 'A', 'NNPK54O0', 6, '0S4YMQMZEG8RM9IL', 248);
Insert into Oversight values (211, '4/4/2598', '12/12/2604', 'A', 'JWOPDL', 9, '0YC8IA30NOUP5OUW', 9);
Insert into Oversight values (212, '5/21/2169', '11/6/2177', 'A', 'PHRL6K39', 196, 'P0HFITFWB04WNE7I', 173);
Insert into Oversight values (213, '8/1/2437', '9/27/2438', 'C', 'LAF3OFZP', 31, '4W8KDLOWYHGRV03H', 31);
Insert into Oversight values (214, '8/24/2366', '6/28/2368', 'F', 'NOJAQM', 14, '1XRYB5CMAV1QOV32', 49);
Insert into Oversight values (215, '5/30/2044', '7/14/2052', 'B', '3D6I59', 216, '56UY4B46FM61TAGT', 125);
Insert into Oversight values (216, '12/6/2839', '4/6/2841', 'B', '1ZJGV093B5', 146, 'KXYDIJWTIR2KNN3V', 146);
Insert into Oversight values (217, '3/4/2200', '4/11/2208', 'B', 'HVGSCOY', 66, 'A49JZXPUJUZ8O6KT', 66);
Insert into Oversight values (218, '5/27/2167', '5/15/2177', 'C', 'XJ6DWW', 78, 'C5IH1A3QUQIJZ8X6', 78);
Insert into Oversight values (219, '4/8/2676', '10/7/2676', 'B', 'RH4J15LIQ', 61, '8ROOBQV9LB2C1N8L', 61);
Insert into Oversight values (220, '9/23/2053', '4/18/2056', 'B', 'SQH15N2I', 121, 'SXQ6YDSJSD2KB9IK', 197);
Insert into Oversight values (221, '6/1/2237', '4/27/2241', 'A', 'QNR7RXDBZD', 34, '56UY4B46FM61TAGT', 34);
Insert into Oversight values (222, '10/28/2248', '7/8/2249', 'C', 'MP9RT1', 19, 'M4KK2BNTKY9AH4SV', 154);
Insert into Oversight values (223, '6/25/2413', '3/26/2416', 'C', 'L8R9KG', 140, 'KR6T8T1VX37PJ3L5', 140);
Insert into Oversight values (224, '9/5/2080', '2/26/2089', 'C', 'NT18XU19VG', 164, 'ND8UA7ISHY05K5UP', 164);
Insert into Oversight values (225, '10/13/2051', '7/16/2052', 'B', 'CAVYMB', 86, 'D6F63VTK8HE0I673', 86);
Insert into Oversight values (226, '9/21/2716', '1/15/2718', 'B', '0DYUQB', 160, '0S4YMQMZEG8RM9IL', 6);
Insert into Oversight values (227, '5/1/2805', '8/31/2807', 'B', 'DWDJMZ6ZW', 25, '3WJ5AMJPO9M5QSD4', 25);
Insert into Oversight values (228, '4/1/2674', '10/27/2677', 'C', '262MFR5', 220, 'W8W90V9M5JRMEKM9', 220);
Insert into Oversight values (229, '2/3/2099', '1/20/2106', 'B', 'M9FFL6S3HI', 178, 'Q51KWLPVDUSXETNC', 178);
Insert into Oversight values (230, '2/16/2639', '3/4/2644', 'D', 'WDH90I', 60, 'WVQLIISP3R56BG7I', 224);
Insert into Oversight values (231, '9/18/2863', '8/23/2866', 'B', 'NOX09028MW', 163, 'N9ZJRTP9KXVFD0FF', 163);
Insert into Oversight values (232, '10/4/2751', '6/8/2752', 'B', '6OKDPYJF', 51, '7GT35AN84UNWBN22', 64);
Insert into Oversight values (233, '9/11/2595', '10/10/2603', 'B', '9EILRM', 67, 'A9IL2939ARNYNC82', 67);
Insert into Oversight values (234, '3/26/2587', '12/17/2595', 'B', 'LYRBZJHS5', 119, 'GOP79FUCU8Q4THMW', 119);
Insert into Oversight values (235, '8/24/2104', '1/7/2113', 'B', '6IJNIH', 230, '7FJHTBPN9RJ995P1', 49);
Insert into Oversight values (236, '6/30/2074', '4/12/2084', 'B', 'W8VBVM', 222, 'WPKXMJOV3O6R94KX', 222);
Insert into Oversight values (237, '10/6/2986', '12/13/2993', 'A', 'JBIH4N0JMR', 176, 'H6A382V3DB8BRTHU', 123);
Insert into Oversight values (238, '10/19/2926', '5/23/2930', 'B', '2N7CUAT68D', 160, 'MTHYTM103RELEN03', 160);
Insert into Oversight values (239, '9/20/2503', '10/8/2512', 'A', 'BTD3I5', 91, 'C6NKIZ48GN3EF5J8', 80);
Insert into Oversight values (240, '5/3/2790', '12/19/2799', 'A', '2YS4KG', 93, 'DJG75Q4BJ5LDPRWU', 93);
Insert into Oversight values (241, '6/17/2324', '9/29/2332', 'B', '5QE4X6', 62, '8S40ERYECRBSFROE', 62);
Insert into Oversight values (242, '6/21/2587', '1/10/2597', 'B', 'B8RSBY8BE', 5, '0QR773WPQMO8LD74', 249);
Insert into Oversight values (243, '5/24/2862', '9/16/2869', 'D', 'SYP590', 153, 'M3LRKZ5Y8WG98OTJ', 153);
Insert into Oversight values (244, '8/31/2940', '5/6/2944', 'B', 'CAVYMB', 1, '02RZBAJ5Z9AJR2L9', 1);
Insert into Oversight values (245, '10/19/2761', '10/1/2764', 'A', 'Z40NJAP3', 246, 'ZGCCRVV63VGSZVFL', 246);
Insert into Oversight values (246, '4/9/2501', '11/14/2501', 'A', '0D5U71', 241, 'Z07KXP73XXP7HBPG', 241);
Insert into Oversight values (247, '8/7/2134', '9/1/2141', 'B', '4E88SJ3', 40, '6CZM28XWGMZEC1L1', 40);
Insert into Oversight values (248, '10/4/2211', '6/22/2215', 'B', 'XE6AWAD', 49, '7FJHTBPN9RJ995P1', 194);
Insert into Oversight values (249, '4/22/2432', '1/24/2439', 'C', '2CWXPFB98', 174, '38YALNX986CZD09M', 23);
Insert into Oversight values (250, '5/13/2145', '2/19/2148', 'D', '3VS36Y', 48, '7DG3GXVZHAC5C6ZK', 48);
Insert into Oversight values (251, '3/4/2316', '8/5/2320', 'D', '2YS4KG', 165, '4W8KDLOWYHGRV03H', 16);
Insert into Oversight values (252, '3/27/2628', '11/23/2634', 'C', 'WI0S8DZGJ1', 28, '4E3T6VUTMC5JA0JX', 28);
Insert into Oversight values (253, '3/6/2966', '5/24/2972', 'C', '9BL5KW', 184, 'RA23PINJFDZTISEI', 184);
Insert into Oversight values (254, '7/13/2082', '6/24/2087', 'B', 'KJ6JCR', 26, '40M24WZKVI1DKVYM', 26);
Insert into Oversight values (255, '8/18/2563', '6/21/2566', 'B', 'UK04D9', 210, 'V893OT4Y4F3HKZXK', 210);
Insert into Oversight values (256, '8/4/2230', '1/29/2233', 'B', '8DJ2MQGD4D', 42, '6GH7YEYNENIKZ4C4', 161);
Insert into Oversight values (257, '9/1/2816', '5/4/2824', 'D', '6IJNIH', 144, 'KXF4ENH2DK6Y3SMZ', 144);
Insert into Oversight values (258, '11/27/2027', '4/15/2033', 'B', '8HGO5S', 61, '8ROOBQV9LB2C1N8L', 61);
Insert into Oversight values (259, '7/11/2431', '11/17/2434', 'A', 'JK3JU5', 210, 'V893OT4Y4F3HKZXK', 210);
Insert into Oversight values (260, '8/29/2886', '11/26/2893', 'B', 'V3B1QM1U', 249, 'VYA8CGY3HE9GXPXQ', 215);
Insert into Oversight values (261, '6/25/2966', '12/9/2969', 'A', 'HIES52', 208, 'FX1B8IVTVEI1UFSW', 112);
Insert into Oversight values (262, '5/13/2937', '8/20/2941', 'B', '1HNML33X', 12, '1B7F6KOCR3592A6M', 227);
Insert into Oversight values (263, '7/22/2150', '3/10/2154', 'B', 'TA6XIR', 201, 'TIXF3ACA55RQ2KQS', 201);
Insert into Oversight values (264, '2/3/2873', '6/23/2875', 'B', 'I0TXI6NKW', 116, 'GC0MUDVG890BL1S9', 116);
Insert into Oversight values (265, '11/25/2269', '11/27/2271', 'C', '1HNML33X', 86, 'D6F63VTK8HE0I673', 86);
Insert into Oversight values (266, '7/3/2846', '10/2/2848', 'C', 'H8LDV5R5', 195, 'SV9UK1CHY8CT2WVW', 195);
Insert into Oversight values (267, '9/10/2573', '3/4/2575', 'C', 'JL7DK6', 107, 'FAMB9CAP20WJHCEF', 107);
Insert into Oversight values (268, '5/8/2850', '4/4/2854', 'B', 'XG46EPZSJM', 162, 'N782A1UVDGV7X4PE', 162);
Insert into Oversight values (269, '12/30/2281', '11/7/2284', 'B', 'S4QLODSST', 18, '2MZB4A539J8IC4RB', 250);
Insert into Oversight values (270, '12/1/2969', '12/30/2978', 'D', '6ZN05N', 153, 'M3LRKZ5Y8WG98OTJ', 153);
Insert into Oversight values (271, '3/1/2853', '4/10/2859', 'B', 'P6PSXM', 23, '38YALNX986CZD09M', 23);
Insert into Oversight values (272, '5/16/2273', '3/24/2275', 'A', 'N9I9ZY9', 188, 'MEM7LCQM9Z1RD58I', 156);
Insert into Oversight values (273, '9/7/2663', '5/28/2666', 'C', 'PE6IW2', 248, 'ZIMY0VS4AC2TPK3S', 248);
Insert into Oversight values (274, '12/6/2885', '5/17/2888', 'B', '1ZJGV093B5', 219, 'W5TZ5UBIXQX1X1K9', 219);
Insert into Oversight values (275, '4/10/2729', '1/18/2730', 'C', 'ZI8FJRIPAQ', 135, 'JE2XTTC71U5O0XKS', 135);
Insert into Oversight values (276, '12/12/2649', '10/14/2657', 'B', '70N4EO', 35, '5M4K4CI1FGTABW8T', 35);
Insert into Oversight values (277, '6/7/2386', '4/22/2393', 'C', '8HGO5S', 186, '8ROOBQV9LB2C1N8L', 1);
Insert into Oversight values (278, '10/25/2472', '8/14/2473', 'B', '032T5N', 140, 'KR6T8T1VX37PJ3L5', 140);
Insert into Oversight values (279, '11/20/2318', '1/19/2319', 'C', '4M2QFM', 43, '6M011YSIKQEHSI57', 169);
Insert into Oversight values (280, '7/6/2550', '8/21/2559', 'A', 'E5NVD0', 177, 'E9WZ7HV7O5Q1RI51', 95);
Insert into Oversight values (281, '2/15/2602', '8/6/2604', 'A', 'Q7LV73', 217, 'W2BO0NGX46W51Q0K', 217);
Insert into Oversight values (282, '7/30/2613', '12/4/2613', 'A', '2AN3YY', 206, '30OGWYDGL3TN2JYP', 82);
Insert into Oversight values (283, '12/9/2261', '12/27/2269', 'D', 'R3BNDPXK', 197, 'SXQ6YDSJSD2KB9IK', 197);
Insert into Oversight values (284, '9/23/2953', '7/17/2961', 'B', 'K6MR1V', 130, 'HRD5WMEVQ6UXUDC3', 130);
Insert into Oversight values (285, '12/15/2342', '4/25/2352', 'A', '2DBC41287V', 208, 'URGHW381IZC2SRI5', 208);
Insert into Oversight values (286, '6/24/2255', '2/2/2256', 'C', '9UD0E1', 136, 'JKYXAANHFKK1QY70', 136);
Insert into Oversight values (287, '7/31/2785', '5/2/2786', 'C', 'K5X31U', 33, '55ND0YWK7F3MTBAS', 131);
Insert into Oversight values (288, '2/28/2533', '5/14/2539', 'D', 'VBPNN8', 41, '6DL91TFIKZS840IL', 41);
Insert into Oversight values (289, '8/9/2043', '6/16/2050', 'D', 'NNA5ZY', 159, 'MPZ4DX9EMXT8RK0B', 159);
Insert into Oversight values (290, '1/21/2874', '2/1/2881', 'A', 'L62POPM49L', 139, 'KPZ0XOOZR3TFWIA1', 139);
Insert into Oversight values (291, '10/29/2257', '7/6/2267', 'B', '0D5U71', 171, '0QR773WPQMO8LD74', 79);
Insert into Oversight values (292, '11/10/2978', '9/28/2984', 'C', 'JK3JU5', 63, '8S6SG5UC7XQ3BEVQ', 63);
Insert into Oversight values (293, '4/10/2515', '7/7/2522', 'B', 'TA6XIR', 161, 'TIXF3ACA55RQ2KQS', 201);
Insert into Oversight values (294, '1/21/2617', '1/2/2625', 'C', '9CCEWQNI', 114, 'A49JZXPUJUZ8O6KT', 116);
Insert into Oversight values (295, '11/9/2823', '12/6/2824', 'F', '6IJNIH', 231, 'XPDZ8OXHAO6HTFJ9', 231);
Insert into Oversight values (296, '2/4/2387', '12/1/2389', 'B', 'OX9X753MBG', 12, '1B7F6KOCR3592A6M', 85);
Insert into Oversight values (297, '11/30/2456', NULL, 'B', '1JNYMC', 49, '7FJHTBPN9RJ995P1', 49);
Insert into Oversight values (298, '4/19/2989', '8/30/2996', 'C', '9Z21I9', 45, '6V4VXMARZY7IRE8R', 38);
Insert into Oversight values (299, '10/6/2690', '11/8/2698', 'C', 'OHBBCM0LQ2', 166, 'NG5L9GKEEL4S4QOO', 166);
Insert into Oversight values (300, '4/19/2915', '9/29/2923', 'B', 'HMUXRN', 52, '7S524A0S2604DT6W', 52);
Insert into Oversight values (301, '7/31/2927', '12/15/2929', 'B', 'PW1ABBDL2F', 134, 'J2CO6MV35YNC1ROH', 134);
Insert into Oversight values (302, '3/31/2284', '7/10/2285', 'A', 'V50J4K', 47, '77B0FPKUUVNN7CVH', 128);
Insert into Oversight values (303, '10/5/2929', '8/5/2931', 'C', 'R3O5O1', 194, 'SUGGN3127HY3PDV8', 194);
Insert into Oversight values (304, '5/23/2462', '9/28/2465', 'C', 'R3BNDPXK', 121, 'GU77216M5R3C1WJL', 121);
Insert into Oversight values (305, '3/14/2292', '1/27/2300', 'C', 'SGNXI12C6', 64, '8WYR1XM91HLE6A48', 26);
Insert into Oversight values (306, '10/19/2062', '4/1/2071', 'C', '70N4EO', 110, 'FRB1IB7F22EK38VN', 110);
Insert into Oversight values (307, '7/20/2964', '3/10/2965', 'A', '2Y4T5C', 213, '4KACIS64UBXB1B2U', 30);
Insert into Oversight values (308, '3/30/2100', '10/20/2102', 'B', '9BL5KW', 119, '99557XF0NKT3TBCP', 215);
Insert into Oversight values (309, '4/6/2353', '8/17/2355', 'C', 'TA6XIR', 141, 'KRDU74GVPIO9YHZF', 141);
Insert into Oversight values (310, '9/6/2913', '6/7/2917', 'C', '9A6CKZDB', 176, 'PTDQ35JURVKZ58O3', 176);
Insert into Oversight values (311, '2/27/2844', '7/18/2848', 'B', 'NOF28HZ5', 127, 'MV2ZOSSS3ZLUIX76', 161);
Insert into Oversight values (312, '11/7/2363', '6/15/2365', 'C', '08I0E96', 124, '0PVE2FTDWJ2XRNYX', 4);
Insert into Oversight values (313, '1/9/2709', '2/29/2716', 'C', '3TVPOK', 97, '5TE6JWRELOTH1CHC', 143);
Insert into Oversight values (314, '1/5/2881', '8/30/2888', 'A', '1HNML33X', 69, '1B7F6KOCR3592A6M', 115);
Insert into Oversight values (315, '7/16/2304', '9/14/2307', 'B', '5QE4X6', 38, '7DG3GXVZHAC5C6ZK', 249);
Insert into Oversight values (316, '11/27/2372', '4/26/2380', 'D', 'OF7UQJHY', 31, '4W8KDLOWYHGRV03H', 31);
Insert into Oversight values (317, '6/5/2695', '9/12/2701', 'B', '2YS4KG', 31, '4W8KDLOWYHGRV03H', 31);
Insert into Oversight values (318, '10/28/2196', '4/3/2198', 'C', '9Z21I9', 244, 'AQJ5HXBG6NU0LQ63', 71);
Insert into Oversight values (319, '2/20/2550', '8/2/2552', 'B', 'MBWX54RW', 26, '40M24WZKVI1DKVYM', 158);
Insert into Oversight values (320, '6/3/2034', '2/27/2039', 'A', 'ZWF7FD', 200, 'T85M2I9AYJM341S9', 200);
Insert into Oversight values (321, '12/3/2080', '7/17/2089', 'C', 'EBRDKA', 58, '8MPWPZ610MIZIOVB', 64);
Insert into Oversight values (322, '7/12/2060', '5/13/2062', 'C', '3YRHXR', 153, '6AURSC1MT47SOKFL', 66);
Insert into Oversight values (323, '9/30/2826', '11/21/2833', 'B', '08I0E96', 4, '0PVE2FTDWJ2XRNYX', 4);
Insert into Oversight values (324, '12/9/2407', '5/6/2414', 'B', 'LCX2Y5EK', 112, 'FX1B8IVTVEI1UFSW', 112);
Insert into Oversight values (325, '2/3/2732', '12/3/2737', 'B', '2CWXPFB98', 174, '38YALNX986CZD09M', 74);
Insert into Oversight values (326, '4/21/2874', '4/18/2875', 'B', 'WDC3CEA5B', 64, '8WYR1XM91HLE6A48', 210);
Insert into Oversight values (327, '2/6/2758', '4/23/2759', 'C', 'U71PKKQ', 206, 'UIWWLJ1OWW2M4ED8', 206);
Insert into Oversight values (328, '8/17/2066', '2/9/2075', 'A', 'TX1N9VP', 133, 'IYCZELUZDQL8FI0R', 133);
Insert into Oversight values (329, '1/28/2082', '8/8/2091', 'B', 'Y2VJD9XXI5', 238, 'YJT7OIJDN5GLYDLG', 238);
Insert into Oversight values (330, '3/6/2362', '1/14/2365', 'C', '5GUSUX6P1', 218, '75U3A02CV4H4ZEMC', 51);
Insert into Oversight values (331, '1/12/2213', '5/6/2222', 'B', 'JBIH4N0JMR', 237, 'Y9HY4OJQLH7UIX43', 237);
Insert into Oversight values (332, '2/17/2397', '10/25/2399', 'A', 'UZ6Q321I41', 213, 'VR3LCT211U9D52DU', 213);
Insert into Oversight values (333, '1/20/2782', '3/12/2791', 'B', '1VVSQ46F', 104, '26QIITY328O418H0', 225);
Insert into Oversight values (334, '8/4/2403', '9/23/2412', 'B', 'Z40NJAP3', 117, 'GD94O0GYLLPALY8K', 117);
Insert into Oversight values (335, '12/7/2622', '10/21/2625', 'C', 'UXO6V6', 163, 'VLNY7A4WZ85BTPEV', 212);
Insert into Oversight values (336, '11/17/2337', '7/31/2340', 'A', '9CCEWQNI', 90, 'DCHS6FJBU9Q8BU3C', 90);
Insert into Oversight values (337, '10/25/2683', '12/25/2683', 'B', 'L62POPM49L', 138, 'K1GHULDZCP6DR75S', 138);
Insert into Oversight values (338, '7/19/2799', '11/29/2800', 'A', 'AVM59G', 77, 'BY8VO2AWO7O5KEJF', 77);
Insert into Oversight values (339, '7/12/2681', '5/2/2691', 'C', 'TQO86D8', 105, 'F5FO45SJD37E7JW5', 105);
Insert into Oversight values (340, '2/26/2300', '8/10/2300', 'B', '7CVMJK8T', 98, 'EEEOE33W9U7ZR9C4', 98);
Insert into Oversight values (341, '12/5/2290', '10/23/2291', 'B', '34TC0D', 106, 'F7P34FJI2XPPAW04', 106);
Insert into Oversight values (342, '5/4/2705', '5/19/2714', 'B', 'YOC1MIEN', 166, 'NG5L9GKEEL4S4QOO', 166);
Insert into Oversight values (343, '11/25/2199', '6/10/2202', 'B', 'M9FFL6S3HI', 120, 'LUQL6654MUAMLZBS', 151);
Insert into Oversight values (344, '12/3/2129', '12/4/2131', 'A', 'XJ6DWW', 233, 'XPXMFB4I8FHBOMNW', 233);
Insert into Oversight values (345, '11/25/2049', '8/22/2054', 'C', 'XA1HC0', 31, 'XJ3RZVEP9U43EM80', 229);
Insert into Oversight values (346, '12/23/2893', NULL, 'C', 'AA2GT7', 79, 'BEJRV2B2OJR8BEX7', 75);
Insert into Oversight values (347, '11/2/2289', '7/16/2298', 'C', 'PDUV6B8TF3', 78, 'OMH74VFCDNC1558Y', 171);
Insert into Oversight values (348, '4/5/2634', '2/26/2638', 'A', 'UHNU2B', 86, 'D6F63VTK8HE0I673', 86);
Insert into Oversight values (349, '7/9/2332', '12/20/2338', 'B', '8HGO5S', 84, 'CY1RH0CW9I8E1RY4', 117);
Insert into Oversight values (350, '12/12/2470', '12/15/2476', 'A', 'BTD3I5', 91, 'C6NKIZ48GN3EF5J8', 200);
Insert into Oversight values (351, '9/2/2691', '2/14/2701', 'C', 'SQH15N2I', 44, '6SVKMSW55WMD0SCD', 55);
Insert into Oversight values (352, '2/2/2280', '4/5/2285', 'B', 'H7N3ZA', 228, 'XGYG3J2VZEEJDH74', 228);
Insert into Oversight values (353, '2/28/2459', '3/7/2464', 'B', '9Z21I9', 244, 'AQJ5HXBG6NU0LQ63', 130);
Insert into Oversight values (354, '5/5/2676', '10/28/2677', 'C', '0D5U71', 5, '0QR773WPQMO8LD74', 216);
Insert into Oversight values (355, '5/15/2854', '4/8/2863', 'B', '34TC0D', 238, 'YJT7OIJDN5GLYDLG', 238);
Insert into Oversight values (356, '1/18/2887', '2/20/2890', 'C', 'U9R9HB', 68, 'AD4IGBQZZXDSFD03', 68);
Insert into Oversight values (357, '7/2/2457', '6/3/2458', 'B', '7CVMJK8T', 54, '7X1SJQDF3QI9HDER', 125);
Insert into Oversight values (358, '10/27/2541', '1/17/2550', 'B', 'BYFIHPY', 236, 'CGTP6LFQ2JDB79U4', 82);
Insert into Oversight values (359, '4/22/2730', '3/8/2733', 'B', '5QE4X6', 38, '7DG3GXVZHAC5C6ZK', 48);
Insert into Oversight values (360, '11/23/2417', '7/26/2418', 'A', '08I0E96', 55, '8700PNV6UVT36DOO', 66);
Insert into Oversight values (361, '9/13/2304', '2/7/2307', 'D', '3TVPOK', 37, '5TE6JWRELOTH1CHC', 154);
Insert into Oversight values (362, '12/4/2917', '2/16/2927', 'D', 'LX65V3', 103, 'LA9U81RWJKJ68AUM', 148);
Insert into Oversight values (363, '3/1/2038', '4/2/2041', 'A', 'X58KYW3P', 109, 'XGYG3J2VZEEJDH74', 228);
Insert into Oversight values (364, '1/31/2991', '8/15/2998', 'D', 'LAF3OFZP', 31, '4W8KDLOWYHGRV03H', 91);
Insert into Oversight values (365, '8/26/2720', '7/1/2728', 'C', 'S3EHC2', 184, 'S4EN6C9YW0WTO7HZ', 190);
Insert into Oversight values (366, '1/9/2467', '5/11/2467', 'B', 'SVN66I', 164, 'SZKSNWS8UE9GCFNM', 198);
Insert into Oversight values (367, '10/18/2581', '12/6/2582', 'A', 'UOQ5NAA', 77, 'BY8VO2AWO7O5KEJF', 30);
Insert into Oversight values (368, '6/8/2325', '6/2/2332', 'B', 'MBWX54RW', 26, '40M24WZKVI1DKVYM', 26);
Insert into Oversight values (369, '1/31/2278', '9/2/2285', 'B', '70N4EO', 35, '5M4K4CI1FGTABW8T', 154);
Insert into Oversight values (370, '8/30/2966', '11/17/2975', 'A', '2Y4T5C', 60, '8QFO8MJXK1035AHQ', 160);
Insert into Oversight values (371, '2/2/2689', '10/18/2689', 'B', 'NOJAQM', 143, 'KXAW238TP57HJYKC', 143);
Insert into Oversight values (372, '11/17/2895', '10/27/2903', 'B', 'VA3VQQXJ', 46, '75U3A02CV4H4ZEMC', 205);
Insert into Oversight values (373, '4/19/2515', '2/14/2519', 'D', 'V50J4K', 95, 'W2BO0NGX46W51Q0K', 217);
Insert into Oversight values (374, '12/25/2269', '4/20/2276', 'A', 'UZ6Q321I41', 60, '8QFO8MJXK1035AHQ', 60);
Insert into Oversight values (375, '7/1/2743', '3/23/2746', 'B', 'E5NVD0', 95, 'E9WZ7HV7O5Q1RI51', 95);
Insert into Oversight values (376, '8/4/2375', '3/27/2379', 'B', 'LXOJYK', 50, 'LRCAPKMMYRQ7FYLZ', 149);
Insert into Oversight values (377, '8/17/2860', NULL, 'B', 'KYSNA7', 24, '3FTSDBGF1U6D5V4E', 166);
Insert into Oversight values (378, '10/28/2716', '11/14/2721', 'B', '2AN3YY', 21, '30OGWYDGL3TN2JYP', 21);
Insert into Oversight values (379, '1/14/2378', '5/31/2387', 'C', 'KJ6JCR', 134, 'J2CO6MV35YNC1ROH', 134);
Insert into Oversight values (380, '2/10/2838', '11/11/2842', 'C', '8HGO5S', 61, '8ROOBQV9LB2C1N8L', 249);
Insert into Oversight values (381, '6/20/2604', '8/3/2610', 'C', '423FD511', 42, '6CZM28XWGMZEC1L1', 40);
Insert into Oversight values (382, '11/4/2143', '2/9/2151', 'C', 'FAPGGM', 121, 'GU77216M5R3C1WJL', 121);
Insert into Oversight values (383, '2/10/2734', '3/29/2742', 'C', 'SYP590', 39, '6AURSC1MT47SOKFL', 16);
Insert into Oversight values (384, '2/18/2611', '6/13/2620', 'B', '3YRHXR', 39, '6AURSC1MT47SOKFL', 39);
Insert into Oversight values (385, '7/4/2670', '6/19/2676', 'C', '1UTMH6', 247, 'ZGPV504C4JLSEMUG', 247);
Insert into Oversight values (386, '12/10/2932', '1/23/2934', 'C', '12XY95', 10, '18EOISOZO56CWR78', 10);
Insert into Oversight values (387, '12/21/2937', '6/6/2941', 'C', 'Y2VJD9XXI5', 24, '3FTSDBGF1U6D5V4E', 84);
Insert into Oversight values (388, '9/16/2125', '11/7/2127', 'C', 'PE6IW2', 9, '0YC8IA30NOUP5OUW', 9);
Insert into Oversight values (389, '3/21/2549', '5/5/2551', 'C', '1UTMH6', 130, 'HRD5WMEVQ6UXUDC3', 130);
Insert into Oversight values (390, '11/19/2735', '3/2/2744', 'A', 'LLTW5F', 144, 'KXF4ENH2DK6Y3SMZ', 144);
Insert into Oversight values (391, '5/17/2880', '12/4/2884', 'B', 'AVM59G', 202, 'BY8VO2AWO7O5KEJF', 215);
Insert into Oversight values (392, '12/29/2161', '11/16/2171', 'A', '87V4LZJIEO', 57, '8IJ3RAEKOI22ZWQG', 57);
Insert into Oversight values (393, '3/29/2089', '5/27/2097', 'C', '2Y4T5C', 30, '4KACIS64UBXB1B2U', 30);
Insert into Oversight values (394, '8/20/2283', '11/2/2283', 'C', 'SXQLB49S6', 62, '8S40ERYECRBSFROE', 40);
Insert into Oversight values (395, '6/16/2995', '9/22/3001', 'B', 'SC5AG5', 194, 'SUGGN3127HY3PDV8', 194);
Insert into Oversight values (396, '1/1/2373', '2/19/2379', 'C', 'UHNU2B', 12, 'V2CRNXHG26GRMKB1', 209);
Insert into Oversight values (397, '3/4/2687', '1/14/2689', 'B', 'R61KTH', 189, 'S1XKBBNJ3TVOITYQ', 189);
Insert into Oversight values (398, '10/26/2208', '8/25/2216', 'B', '2ICSFP', 61, '8ROOBQV9LB2C1N8L', 61);
Insert into Oversight values (399, '4/9/2409', '8/25/2414', 'B', '4M2QLFE', 197, '6SVKMSW55WMD0SCD', 44);
Insert into Oversight values (400, '11/16/2582', '9/8/2591', 'B', '2YS4KG', 165, '4W8KDLOWYHGRV03H', 31);
Insert into Oversight values (401, '3/8/2332', '9/8/2335', 'B', '57VXH4', 108, '6V4VXMARZY7IRE8R', 45);
Insert into Oversight values (402, '5/28/2964', '9/21/2967', 'B', 'LP8QG4', 145, 'KXUIF68WK1JU2DN7', 145);
Insert into Oversight values (403, '3/5/2376', '5/14/2379', 'C', '2A5O0M', 20, '2P3RQ1ZVW4B2ES1G', 183);
Insert into Oversight values (404, '11/10/2365', '1/12/2371', 'A', 'A19R943N', 10, 'AURIVV5VTPTYYD1G', 208);
Insert into Oversight values (405, '11/9/2781', '7/29/2789', 'C', '8CRLN1226', 37, '8MPWPZ610MIZIOVB', 58);
Insert into Oversight values (406, '10/17/2795', '5/29/2802', 'B', '9UD0E1', 101, 'ESASEJ7695M0TW1J', 101);
Insert into Oversight values (407, '10/16/2764', NULL, 'B', '1HNML33X', 12, '1B7F6KOCR3592A6M', 12);
Insert into Oversight values (408, '3/6/2209', '3/16/2217', 'B', 'V40GELZ', 34, '56UY4B46FM61TAGT', 71);
Insert into Oversight values (409, '11/6/2932', '2/10/2933', 'B', 'J3IEIO', 11, 'GZNO1VJ24JQYM5GY', 122);
Insert into Oversight values (410, '10/12/2498', '4/9/2500', 'A', 'RH4J15LIQ', 84, 'CY1RH0CW9I8E1RY4', 90);
Insert into Oversight values (411, '6/3/2046', '2/9/2051', 'A', 'PW1ABBDL2F', 152, 'LW2WMXHVWT9AKKCK', 152);
Insert into Oversight values (412, '9/5/2740', '4/11/2750', 'A', 'S9SHY98', 104, 'F17C54V5Y3AQ3KDU', 104);
Insert into Oversight values (413, '10/14/2183', '2/9/2185', 'C', '9QLSKU', 12, '1B7F6KOCR3592A6M', 199);
Insert into Oversight values (414, '3/11/2892', '3/30/2897', 'B', 'AA2GT7', 75, 'BEJRV2B2OJR8BEX7', 49);
Insert into Oversight values (415, '6/6/2813', '4/26/2814', 'B', 'XRM5BI', 92, 'DI22INE1BXTMAWHA', 26);
Insert into Oversight values (416, '11/9/2180', '8/22/2181', 'B', 'V40GELZ', 34, '56UY4B46FM61TAGT', 34);
Insert into Oversight values (417, '10/26/2203', '12/3/2210', 'A', '2A5O0M', 132, 'IS6Z06HCXK0A91UK', 132);
Insert into Oversight values (418, '1/12/2427', '10/2/2432', 'C', 'S2MQC4', 189, 'S1XKBBNJ3TVOITYQ', 189);
Insert into Oversight values (419, '7/30/2340', NULL, 'A', 'DX47MCU7QS', 94, 'DW7XXCEU0GW0K730', 94);
Insert into Oversight values (420, '9/17/2787', '9/28/2795', 'D', 'QSOYH2Z', 93, 'QSUI7J60GMNOMZJZ', 181);
Insert into Oversight values (421, '1/20/2529', '12/8/2529', 'C', 'HZED6Z', 115, 'G6QOSDY74Q9PYZPR', 115);
Insert into Oversight values (422, '2/1/2476', '1/2/2478', 'B', 'DCZ0IA', 22, '337GVDOZQ9YPWNG7', 22);
Insert into Oversight values (423, '3/20/2776', '7/10/2785', 'C', 'HZED6Z', 147, 'L5G9QG3XF0L9OHJX', 147);
Insert into Oversight values (424, '3/15/2542', '9/22/2543', 'B', '1DY54ZA6W', 11, '1939IIMO5KL4TBE0', 11);
Insert into Oversight values (425, '4/15/2106', '7/27/2107', 'C', 'BY8HRJWJ1', 195, 'SV9UK1CHY8CT2WVW', 195);
Insert into Oversight values (426, '2/5/2547', '9/5/2550', 'B', 'DX47MCU7QS', 87, 'D7E23TZ322IMBPEP', 87);
Insert into Oversight values (427, '8/21/2826', '10/5/2829', 'B', '3NVM0A', 193, '5S3UHNUGX9IKNE37', 175);
Insert into Oversight values (428, '8/31/2251', '2/13/2256', 'B', 'Q7LV73', 177, 'Q3IJP7MPTR7JI5SN', 177);
Insert into Oversight values (429, '7/12/2274', '2/18/2281', 'C', '117U2H', 117, 'GD94O0GYLLPALY8K', 117);
Insert into Oversight values (430, '6/29/2390', '5/6/2397', 'C', 'HMUXRN', 52, '7S524A0S2604DT6W', 137);
Insert into Oversight values (431, '6/1/2688', '1/6/2692', 'A', 'LYRBZJHS5', 65, '99557XF0NKT3TBCP', 210);
Insert into Oversight values (432, '10/23/2671', '12/11/2680', 'B', 'NCBMEKU', 106, 'F7P34FJI2XPPAW04', 106);
Insert into Oversight values (433, '7/21/2327', '10/25/2332', 'A', '2A5O0M', 45, '2P3RQ1ZVW4B2ES1G', 227);
Insert into Oversight values (434, '2/28/2795', '5/17/2801', 'B', 'FD2E0JH', 103, 'EWXN56H0U9HLX3D5', 103);
Insert into Oversight values (435, '12/6/2525', '8/6/2533', 'A', 'UXO6V6', 204, 'TRCONMN6ND9XTT14', 204);
Insert into Oversight values (436, '1/24/2640', '2/6/2649', 'B', '8CRLN1226', 54, '7X1SJQDF3QI9HDER', 146);
Insert into Oversight values (437, '9/1/2767', '6/5/2770', 'C', 'RWN9GS9V', 188, 'S179NZ7F0XS4TKYT', 188);
Insert into Oversight values (438, '4/2/2388', '10/26/2389', 'C', 'ZI8FJRIPAQ', 59, '8MQ3DD4XNXLTZMFP', 59);
Insert into Oversight values (439, '4/10/2829', '7/4/2836', 'C', 'XG46EPZSJM', 231, 'XPDZ8OXHAO6HTFJ9', 231);
Insert into Oversight values (440, '9/18/2874', '11/5/2878', 'B', 'LUWPJRUF', 131, 'L5G9QG3XF0L9OHJX', 147);
Insert into Oversight values (441, '2/24/2188', '4/20/2194', 'B', 'EW6T2L', 53, '7SW76ZN8XJOH3OR4', 248);
Insert into Oversight values (442, '10/17/2748', '5/15/2755', 'B', '1OXH5EU', 14, '1XRYB5CMAV1QOV32', 14);
Insert into Oversight values (443, '11/10/2192', '8/4/2202', 'B', '6OKDPYJF', 138, 'K1GHULDZCP6DR75S', 138);
Insert into Oversight values (444, '6/8/2070', '8/28/2079', 'B', '4BR55VJ', 41, '6DL91TFIKZS840IL', 41);
Insert into Oversight values (445, '6/17/2709', '3/19/2711', 'D', '12XY95', 242, 'Z6IZ0I5VORL6JHDM', 242);
Insert into Oversight values (446, '9/12/2159', '6/20/2168', 'B', 'V50J4K', 111, 'FW4457E8Q30PZPE1', 111);
Insert into Oversight values (447, '3/17/2978', '7/26/2980', 'B', 'H4SO62', 108, 'FAPY3WG16BTNO9LX', 108);
Insert into Oversight values (448, '1/17/2197', '6/12/2197', 'B', '70N4EO', 110, 'FRB1IB7F22EK38VN', 231);
Insert into Oversight values (449, '3/15/2470', '9/27/2474', 'B', '1OXH5EU', 143, '1XRYB5CMAV1QOV32', 14);
Insert into Oversight values (450, '8/6/2834', '2/3/2836', 'A', 'XJ6DWW', 78, 'C5IH1A3QUQIJZ8X6', 161);
Insert into Oversight values (451, '3/9/2189', '2/11/2197', 'B', 'AVM59G', 202, 'BY8VO2AWO7O5KEJF', 77);
Insert into Oversight values (452, '2/20/2280', '7/15/2281', 'C', '9OUT4C9TB', 68, 'AD4IGBQZZXDSFD03', 250);
Insert into Oversight values (453, '3/28/2868', '4/21/2877', 'A', 'E5NVD0', 217, 'W2BO0NGX46W51Q0K', 217);
Insert into Oversight values (454, '7/25/2621', '7/29/2627', 'B', 'J3IEIO', 114, 'G69PG0Y1TWYH2HLM', 114);
Insert into Oversight values (455, '10/27/2073', '9/8/2077', 'B', 'K9OTNW7KB', 167, 'O1JHFOLBTEZ5YY7Y', 167);
Insert into Oversight values (456, '2/4/2856', '5/20/2858', 'B', 'Y2VJD9XXI5', 24, '3FTSDBGF1U6D5V4E', 24);
Insert into Oversight values (457, '3/11/2208', '10/29/2217', 'B', 'ZU5FJKE4Y', 168, 'ZK5MMF0151EWVANW', 249);
Insert into Oversight values (458, '12/22/2833', '12/2/2836', 'C', '2CWXPFB98', 173, 'P0HFITFWB04WNE7I', 173);
Insert into Oversight values (459, '7/29/2279', '10/4/2286', 'B', '1JNYMC', 220, '1KBMRVF1VHWFVLWH', 13);
Insert into Oversight values (460, '10/4/2254', '5/31/2260', 'B', '6ZN05N', 52, '7S524A0S2604DT6W', 221);
Insert into Oversight values (461, '2/25/2969', '4/11/2974', 'A', 'Q1TU98PR', 29, 'PTDQ35JURVKZ58O3', 176);
Insert into Oversight values (462, '2/16/2533', '8/25/2539', 'B', 'SXQLB49S6', 74, 'B500CAXKY6OFBRXR', 85);
Insert into Oversight values (463, '8/26/2934', '5/16/2941', 'C', 'YZP0WI', 109, 'FQX4SRCXSCFT4LTH', 204);
Insert into Oversight values (464, '5/11/2562', '10/17/2571', 'B', 'XQOGYCV', 241, 'Y40YFHVH1E6DSSY2', 235);
Insert into Oversight values (465, '5/13/2810', '9/23/2812', 'A', '8V36I2', 130, 'HRD5WMEVQ6UXUDC3', 130);
Insert into Oversight values (466, '8/12/2374', '3/21/2378', 'D', '1OXH5EU', 38, '64TVWRHARIE5NTNB', 47);
Insert into Oversight values (467, '2/15/2433', '1/17/2438', 'A', 'XHXZPX', 128, 'HON3KT9XY75YDFT2', 128);
Insert into Oversight values (468, '8/16/2388', '1/5/2393', 'A', '05YV6GA8', 97, 'EBBLR18B31O87DE2', 97);
Insert into Oversight values (469, '4/6/2386', '10/23/2393', 'B', 'DX47MCU7QS', 94, 'DW7XXCEU0GW0K730', 95);
Insert into Oversight values (470, '5/13/2193', '9/6/2199', 'D', 'K7KDMD', 115, 'I3L2REBHKFRY4SU3', 131);
Insert into Oversight values (471, '3/11/2413', '10/3/2421', 'B', 'E9HS1E', 98, 'EAQ8A9X27XJ107K7', 96);
Insert into Oversight values (472, '7/26/2815', '1/12/2822', 'B', 'NL8CR43H', 73, 'AZHHPAKB7L0LPADB', 73);
Insert into Oversight values (473, '10/4/2597', '6/13/2607', 'A', 'EVIBKJ', 99, 'EKUOQBD6VSJVXBGY', 209);
Insert into Oversight values (474, '11/11/2465', '2/23/2469', 'C', 'NT18XU19VG', 198, 'SZKSNWS8UE9GCFNM', 198);
Insert into Oversight values (475, '7/25/2619', '7/30/2627', 'C', 'R3BNDPXK', 102, 'R2TXQAYO6ASF2ROH', 183);
Insert into Oversight values (476, '4/6/2780', '11/10/2783', 'B', 'FAPGGM', 82, 'EW48KXR2F6YALVUP', 102);
Insert into Oversight values (477, '3/25/2303', '11/23/2305', 'C', 'KJ6JCR', 175, 'J2CO6MV35YNC1ROH', 134);
Insert into Oversight values (478, '10/12/2725', '12/25/2729', 'B', 'AL96I4LT', 107, 'FAMB9CAP20WJHCEF', 107);
Insert into Oversight values (479, '9/28/2832', '8/10/2841', 'B', '30PEJ7UWSQ', 19, '2NSHBQ2N4J39XRX5', 19);
Insert into Oversight values (480, '8/3/2946', '2/6/2950', 'A', 'C2LAEAG', 84, 'CY1RH0CW9I8E1RY4', 84);
Insert into Oversight values (481, '11/20/2568', '5/23/2571', 'D', 'XE6AWAD', 13, 'XKL5MZLOWR9ULM3R', 230);
Insert into Oversight values (482, '8/3/2649', '9/12/2658', 'D', 'SGNXI12C6', 81, 'SV9UK1CHY8CT2WVW', 195);
Insert into Oversight values (483, '6/17/2781', '1/23/2785', 'F', '262MFR5', 19, '2NSHBQ2N4J39XRX5', 164);
Insert into Oversight values (484, '12/6/2439', '7/22/2448', 'B', 'XREICD', 82, 'CGTP6LFQ2JDB79U4', 206);
Insert into Oversight values (485, '4/21/2221', '12/28/2230', 'B', '8GXHO3IIU0', 30, '8QFO8MJXK1035AHQ', 60);
Insert into Oversight values (486, '4/11/2428', '3/26/2431', 'B', '3TVPOK', 17, '2LOPLWSRTQ0KDGQ5', 210);
Insert into Oversight values (487, '7/28/2803', '5/8/2806', 'A', '9UD0E1', 70, 'AL7HEIKO970Z74L6', 140);
Insert into Oversight values (488, '12/28/2705', '5/13/2714', 'C', '57VXH4', 108, '6V4VXMARZY7IRE8R', 113);
Insert into Oversight values (489, '5/4/2741', '4/12/2751', 'A', '3M11Y71QSO', 53, '5M4K4CI1FGTABW8T', 186);
Insert into Oversight values (490, '11/1/2669', '11/26/2673', 'C', 'DWDJMZ6ZW', 181, 'QSUI7J60GMNOMZJZ', 181);
Insert into Oversight values (491, '11/15/2451', '5/4/2461', 'A', 'V0VQ4K8CWG', 91, 'DCV6N57HKXUE2AX8', 148);
Insert into Oversight values (492, '9/10/2933', '8/7/2936', 'B', 'UK04D9', 63, '8S6SG5UC7XQ3BEVQ', 16);
Insert into Oversight values (493, '9/5/2128', '3/17/2134', 'A', 'VA3VQQXJ', 46, '75U3A02CV4H4ZEMC', 46);
Insert into Oversight values (494, '7/7/2594', NULL, 'B', '9OUT4C9TB', 11, '1939IIMO5KL4TBE0', 11);
Insert into Oversight values (495, '7/25/2905', '9/13/2910', 'A', 'W6QBTW0UE0', 221, 'WNQNBEKZ743G02Z2', 221);
Insert into Oversight values (496, '1/9/2655', '6/1/2657', 'A', 'BORXUS', 164, 'ND8UA7ISHY05K5UP', 164);
Insert into Oversight values (497, '2/21/2814', '4/27/2814', 'B', 'J3IEIO', 11, 'GZNO1VJ24JQYM5GY', 60);
Insert into Oversight values (498, '7/3/2630', '10/29/2637', 'A', '3VS36Y', 38, '64TVWRHARIE5NTNB', 153);
Insert into Oversight values (499, '1/27/2260', '1/17/2264', 'B', '423FD511', 161, 'MV2ZOSSS3ZLUIX76', 161);
Insert into Oversight values (500, '11/6/2354', '12/2/2363', 'A', '2CWXPFB98', 196, 'SXM7F0OLQEHSJSB7', 196);

--Insert BadThing table values:
Insert into BadThing values (1, 171, '8/23/2760', 'District 562A', 'Temporary Loss of Sight', 182);
Insert into BadThing values (2, 15, '6/12/2244', 'Area 461K', 'Being Flung About', 326);
Insert into BadThing values (3, 87, '4/10/2391', 'District 831E', 'Thirst', 340);
Insert into BadThing values (4, 15, '4/9/2955', 'Territory 398S', 'Temporary Loss of Taste', 278);
Insert into BadThing values (5, 82, '5/8/2929', 'Zone 224M', 'Temporary Loss of Taste', 293);
Insert into BadThing values (6, 74, '6/13/2392', 'District 117W', 'Thirst', 287);
Insert into BadThing values (7, 120, '10/9/2818', 'Zone 164B', 'Temporary Loss of Sight', 188);
Insert into BadThing values (8, 42, '4/9/2433', 'Region 281H', 'Social Abandonment', 84);
Insert into BadThing values (9, 96, '3/20/2540', 'Region 419L', 'Extreme Cold', 175);
Insert into BadThing values (10, 3, '12/17/2828', 'Area 658Q', 'Temporary Loss of Sight', 212);
Insert into BadThing values (11, 198, '3/1/2240', 'Area 818X', 'Being Flung About', 265);
Insert into BadThing values (12, 39, '7/10/2942', 'Sector 381G', 'Temporary Loss of Taste', 278);
Insert into BadThing values (13, 250, '6/13/2037', 'Sector 324A', 'Public Service', 100);
Insert into BadThing values (14, 116, '8/10/2459', 'District 206Q', 'Social Abandonment', 319);
Insert into BadThing values (15, 15, '8/29/2142', 'Zone 395W', 'Hard Labor', 61);
Insert into BadThing values (16, 198, '12/20/2649', 'Territory 322P', 'Extreme Heat', 193);
Insert into BadThing values (17, 106, '11/14/2310', 'Territory 004P', 'Hunger', 232);
Insert into BadThing values (18, 231, '2/14/2120', 'Area 566Q', 'Hard Labor', 30);
Insert into BadThing values (19, 87, '12/19/2901', 'Region 656V', 'Temporary Loss of Hearing', 342);
Insert into BadThing values (20, 28, '5/16/2640', 'Sector 726S', 'Extreme Heat', 213);
Insert into BadThing values (21, 118, '11/18/2741', 'District 727S', 'Customer Facing Retail Job', 122);
Insert into BadThing values (22, 105, '4/1/2061', 'Sector 013R', 'Public Service', 322);
Insert into BadThing values (23, 91, '6/22/2194', 'Sector 209B', 'Being Flung About', 288);
Insert into BadThing values (24, 28, '12/22/2131', 'Sector 309S', 'Hard Labor', 197);
Insert into BadThing values (25, 42, '9/27/2961', 'Region 174I', 'Temporary Loss of Taste', 238);
Insert into BadThing values (26, 125, '12/16/2392', 'Region 335P', 'Thirst', 243);
Insert into BadThing values (27, 61, '10/5/2167', 'Area 741K', 'Hard Labor', 149);
Insert into BadThing values (28, 15, '12/19/2767', 'Territory 765D', 'Temporary Loss of Sight', 215);
Insert into BadThing values (29, 137, '6/26/2350', 'District 422F', 'Thirst', 148);
Insert into BadThing values (30, 88, '11/26/2617', 'Zone 915V', 'Extreme Heat', 346);
Insert into BadThing values (31, 224, '1/9/2245', 'Region 961D', 'Being Flung About', 335);
Insert into BadThing values (32, 231, '8/19/2905', 'District 346E', 'Temporary Loss of Hearing', 82);
Insert into BadThing values (33, 54, '4/15/2410', 'Zone 021A', 'Thirst', 22);
Insert into BadThing values (34, 105, '3/3/2075', 'Region 803K', 'Public Service', 246);
Insert into BadThing values (35, 15, '12/11/2560', 'Zone 625V', 'Extreme Cold', 277);
Insert into BadThing values (36, 87, '8/3/2474', 'Territory 737K', 'Social Abandonment', 201);
Insert into BadThing values (37, 149, '7/2/2281', 'Region 714Z', 'Hunger', 93);
Insert into BadThing values (38, 240, '4/13/2460', 'District 353V', 'Social Abandonment', 151);
Insert into BadThing values (39, 105, '10/24/2071', 'Sector 272N', 'Public Service', 228);
Insert into BadThing values (40, 105, '1/30/2618', 'District 291F', 'Extreme Heat', 28);
Insert into BadThing values (41, 15, '10/26/2481', 'Area 036F', 'Social Abandonment', 27);
Insert into BadThing values (42, 54, '6/29/2362', 'Sector 234E', 'Thirst', 253);
Insert into BadThing values (43, 108, '11/29/2418', 'District 023H', 'Thirst', 273);
Insert into BadThing values (44, 231, '5/18/2948', 'Region 052L', 'Temporary Loss of Taste', 55);
Insert into BadThing values (45, 105, '9/9/2187', 'Zone 646O', 'Being Flung About', 1);
Insert into BadThing values (46, 195, '10/5/2290', 'Territory 660L', 'Hunger', 132);
Insert into BadThing values (47, 104, '2/11/2327', 'Territory 616U', 'Hunger', 235);
Insert into BadThing values (48, 125, '8/15/2356', 'Area 481H', 'Thirst', 124);
Insert into BadThing values (49, 133, '2/5/2754', 'Sector 546Y', 'Customer Facing Retail Job', 202);
Insert into BadThing values (50, 28, '1/12/2274', 'Area 440W', 'Hunger', 278);
Insert into BadThing values (51, 88, '12/26/2991', 'Area 281T', 'Temporary Loss of Taste', 185);
Insert into BadThing values (52, 125, '12/15/2076', 'District 265T', 'Public Service', 69);
Insert into BadThing values (53, 93, '9/3/2804', 'Territory 288K', 'Temporary Loss of Sight', 261);
Insert into BadThing values (54, 37, '6/15/2311', 'Region 279F', 'Hunger', 312);
Insert into BadThing values (55, 247, '11/30/2776', 'Territory 919I', 'Temporary Loss of Sight', 242);
Insert into BadThing values (56, 74, '9/12/2264', 'Sector 422Z', 'Being Flung About', 352);
Insert into BadThing values (57, 3, '5/14/2052', 'Sector 676D', 'Public Service', 304);
Insert into BadThing values (58, 49, '12/6/2938', 'Territory 447S', 'Temporary Loss of Taste', 177);
Insert into BadThing values (59, 42, '12/11/2177', 'Area 561O', 'Hard Labor', 168);
Insert into BadThing values (60, 174, '7/20/2774', 'Region 005O', 'Temporary Loss of Sight', 302);
Insert into BadThing values (61, 82, '10/26/2998', 'Area 020Y', 'Temporary Loss of Taste', 137);
Insert into BadThing values (62, 240, '6/4/2618', 'Area 509B', 'Extreme Heat', 134);
Insert into BadThing values (63, 3, '8/5/2717', 'Area 392Q', 'Customer Facing Retail Job', 234);
Insert into BadThing values (64, 125, '8/4/2433', 'Area 384W', 'Social Abandonment', 159);
Insert into BadThing values (65, 64, '2/20/2539', 'Zone 144P', 'Extreme Cold', 89);
Insert into BadThing values (66, 224, '8/1/2874', 'Area 155G', 'Temporary Loss of Hearing', 94);
Insert into BadThing values (67, 232, '1/24/2595', 'District 369A', 'Extreme Heat', 270);
Insert into BadThing values (68, 77, '12/8/2704', 'Area 665O', 'Customer Facing Retail Job', 303);
Insert into BadThing values (69, 167, '3/9/2854', 'Zone 158Z', 'Temporary Loss of Hearing', 156);
Insert into BadThing values (70, 26, '12/25/2712', 'Zone 663K', 'Customer Facing Retail Job', 320);
Insert into BadThing values (71, 39, '12/27/2540', 'District 675F', 'Extreme Cold', 212);
Insert into BadThing values (72, 36, '4/7/2472', 'District 913K', 'Social Abandonment', 184);
Insert into BadThing values (73, 249, '7/23/2710', 'District 728O', 'Customer Facing Retail Job', 342);
Insert into BadThing values (74, 206, '10/17/2441', 'Sector 927G', 'Social Abandonment', 283);
Insert into BadThing values (75, 212, '7/5/2739', 'Zone 071U', 'Customer Facing Retail Job', 109);
Insert into BadThing values (76, 247, '12/19/2955', 'District 451Z', 'Temporary Loss of Taste', 347);
Insert into BadThing values (77, 167, '8/5/2978', 'Territory 522G', 'Temporary Loss of Taste', 328);
Insert into BadThing values (78, 88, '4/16/2670', 'Area 017R', 'Extreme Heat', 286);
Insert into BadThing values (79, 163, '9/4/2482', 'District 538D', 'Social Abandonment', 303);
Insert into BadThing values (80, 190, '12/8/2040', 'Area 543S', 'Public Service', 8);
Insert into BadThing values (81, 117, '1/19/2403', 'Region 636L', 'Thirst', 75);
Insert into BadThing values (82, 115, '7/9/2543', 'Sector 891B', 'Extreme Cold', 249);
Insert into BadThing values (83, 120, '8/3/2483', 'Sector 316Y', 'Social Abandonment', 199);
Insert into BadThing values (84, 49, '7/2/2661', 'Sector 858E', 'Extreme Heat', 37);
Insert into BadThing values (85, 106, '1/3/2532', 'Area 412G', 'Extreme Cold', 20);
Insert into BadThing values (86, 232, '10/26/2606', 'Area 714D', 'Extreme Heat', 232);
Insert into BadThing values (87, 190, '4/4/2736', 'Sector 353V', 'Customer Facing Retail Job', 26);
Insert into BadThing values (88, 231, '7/19/2830', 'Territory 071D', 'Temporary Loss of Sight', 81);
Insert into BadThing values (89, 198, '12/16/2619', 'Territory 275M', 'Extreme Heat', 345);
Insert into BadThing values (90, 247, '6/1/2962', 'Zone 907A', 'Temporary Loss of Taste', 125);
Insert into BadThing values (91, 247, '8/29/2754', 'Area 191G', 'Customer Facing Retail Job', 111);
Insert into BadThing values (92, 195, '1/28/2775', 'Region 432F', 'Temporary Loss of Sight', 94);
Insert into BadThing values (93, 154, '11/26/2335', 'Sector 332W', 'Hunger', 302);
Insert into BadThing values (94, 250, '3/22/2481', 'Sector 874E', 'Social Abandonment', 158);
Insert into BadThing values (95, 136, '9/9/2354', 'District 374L', 'Thirst', 211);
Insert into BadThing values (96, 18, '7/26/2782', 'Zone 594V', 'Temporary Loss of Sight', 260);
Insert into BadThing values (97, 34, '1/11/2793', 'Area 653N', 'Temporary Loss of Sight', 239);
Insert into BadThing values (98, 206, '11/11/2704', 'Territory 141L', 'Customer Facing Retail Job', 237);
Insert into BadThing values (99, 91, '3/8/2832', 'Sector 599C', 'Temporary Loss of Sight', 97);
Insert into BadThing values (100, 42, '7/16/2118', 'Territory 765R', 'Hard Labor', 267);
Insert into BadThing values (101, 77, '12/4/2739', 'Sector 780B', 'Customer Facing Retail Job', 109);
Insert into BadThing values (102, 167, '9/18/2344', 'Region 525D', 'Hunger', 351);
Insert into BadThing values (103, 49, '11/17/2193', 'Territory 302C', 'Being Flung About', 140);
Insert into BadThing values (104, 118, '12/17/2150', 'Region 201U', 'Hard Labor', 62);
Insert into BadThing values (105, 108, '9/27/2177', 'Zone 637I', 'Hard Labor', 225);
Insert into BadThing values (106, 91, '8/3/2984', 'Region 480E', 'Temporary Loss of Taste', 223);
Insert into BadThing values (107, 171, '5/12/2132', 'District 079T', 'Hard Labor', 351);
Insert into BadThing values (108, 91, '3/1/2709', 'Area 244O', 'Customer Facing Retail Job', 254);
Insert into BadThing values (109, 49, '8/24/2154', 'District 252F', 'Hard Labor', 177);
Insert into BadThing values (110, 249, '9/15/2209', 'District 375N', 'Being Flung About', 118);
Insert into BadThing values (111, 96, '7/18/2674', 'Zone 084Z', 'Customer Facing Retail Job', 54);
Insert into BadThing values (112, 61, '7/4/2327', 'Zone 260C', 'Hunger', 268);
Insert into BadThing values (113, 236, '7/22/2714', 'District 308G', 'Customer Facing Retail Job', 180);
Insert into BadThing values (114, 77, '8/11/2880', 'Territory 194Z', 'Temporary Loss of Hearing', 84);
Insert into BadThing values (115, 171, '3/20/2964', 'Sector 231U', 'Temporary Loss of Taste', 26);
Insert into BadThing values (116, 26, '6/21/2132', 'Region 780T', 'Hard Labor', 130);
Insert into BadThing values (117, 137, '6/13/2162', 'Zone 046X', 'Hard Labor', 280);
Insert into BadThing values (118, 231, '10/16/2195', 'District 989X', 'Being Flung About', 98);
Insert into BadThing values (119, 139, '12/30/2264', 'Territory 452F', 'Being Flung About', 277);
Insert into BadThing values (120, 167, '7/6/2261', 'Territory 838L', 'Being Flung About', 85);
Insert into BadThing values (121, 91, '4/26/2044', 'Region 677A', 'Public Service', 213);
Insert into BadThing values (122, 103, '12/13/2315', 'Region 416Z', 'Hunger', 1);
Insert into BadThing values (123, 93, '6/23/2339', 'Region 100D', 'Hunger', 314);
Insert into BadThing values (124, 115, '10/27/2673', 'Zone 291L', 'Customer Facing Retail Job', 342);
Insert into BadThing values (125, 95, '11/6/2761', 'District 394K', 'Temporary Loss of Sight', 9);
Insert into BadThing values (126, 3, '2/11/2962', 'Territory 880Y', 'Temporary Loss of Taste', 132);
Insert into BadThing values (127, 205, '7/8/2515', 'Zone 399F', 'Extreme Cold', 244);
Insert into BadThing values (128, 97, '3/21/2170', 'District 808H', 'Hard Labor', 92);
Insert into BadThing values (129, 134, '8/28/2610', 'Area 291J', 'Extreme Heat', 41);
Insert into BadThing values (130, 34, '11/1/2878', 'Sector 835L', 'Temporary Loss of Hearing', 30);
Insert into BadThing values (131, 250, '9/24/2736', 'Area 702Y', 'Customer Facing Retail Job', 96);
Insert into BadThing values (132, 188, '10/26/2732', 'Region 282O', 'Customer Facing Retail Job', 85);
Insert into BadThing values (133, 206, '6/4/2104', 'Zone 246S', 'Hard Labor', 302);
Insert into BadThing values (134, 15, '7/26/2569', 'District 125U', 'Extreme Cold', 243);
Insert into BadThing values (135, 139, '1/29/2068', 'Sector 207P', 'Public Service', 1);
Insert into BadThing values (136, 38, '1/5/2383', 'Area 617J', 'Thirst', 103);
Insert into BadThing values (137, 97, '5/21/2791', 'Sector 747M', 'Temporary Loss of Sight', 198);
Insert into BadThing values (138, 49, '10/2/2847', 'Zone 023L', 'Temporary Loss of Hearing', 91);
Insert into BadThing values (139, 212, '11/21/2621', 'Zone 974X', 'Extreme Heat', 247);
Insert into BadThing values (140, 139, '2/12/2876', 'Region 765D', 'Temporary Loss of Hearing', 105);
Insert into BadThing values (141, 149, '2/9/2931', 'District 749H', 'Temporary Loss of Taste', 10);
Insert into BadThing values (142, 54, '4/12/2734', 'Region 176Y', 'Customer Facing Retail Job', 341);
Insert into BadThing values (143, 236, '5/21/2195', 'District 229J', 'Being Flung About', 257);
Insert into BadThing values (144, 23, '2/16/2836', 'Area 716Q', 'Temporary Loss of Sight', 336);
Insert into BadThing values (145, 93, '12/17/2811', 'Sector 039F', 'Temporary Loss of Sight', 152);
Insert into BadThing values (146, 36, '7/8/2300', 'Zone 461R', 'Hunger', 151);
Insert into BadThing values (147, 57, '12/26/2543', 'Region 496V', 'Extreme Cold', 322);
Insert into BadThing values (148, 125, '3/6/2980', 'Region 986F', 'Temporary Loss of Taste', 139);
Insert into BadThing values (149, 136, '7/30/2622', 'Sector 987N', 'Extreme Heat', 118);
Insert into BadThing values (150, 236, '5/13/2198', 'Area 926O', 'Being Flung About', 202);
Insert into BadThing values (151, 34, '9/1/2912', 'Region 810L', 'Temporary Loss of Hearing', 102);
Insert into BadThing values (152, 16, '11/18/2384', 'District 318K', 'Thirst', 37);
Insert into BadThing values (153, 198, '6/9/2753', 'Territory 284V', 'Customer Facing Retail Job', 74);
Insert into BadThing values (154, 96, '6/9/2341', 'Sector 093F', 'Hunger', 281);
Insert into BadThing values (155, 206, '5/20/2998', 'Sector 455H', 'Temporary Loss of Taste', 153);
Insert into BadThing values (156, 82, '3/1/2930', 'Region 546U', 'Temporary Loss of Taste', 123);
Insert into BadThing values (157, 39, '4/5/2558', 'Region 353P', 'Extreme Cold', 265);
Insert into BadThing values (158, 212, '12/21/2178', 'Zone 364A', 'Hard Labor', 228);
Insert into BadThing values (159, 240, '5/3/2709', 'Territory 482D', 'Customer Facing Retail Job', 94);
Insert into BadThing values (160, 46, '2/3/2040', 'Area 247K', 'Public Service', 270);
Insert into BadThing values (161, 82, '5/2/2127', 'Zone 271Q', 'Hard Labor', 102);
Insert into BadThing values (162, 69, '12/27/2294', 'Area 664X', 'Hunger', 1);
Insert into BadThing values (163, 115, '3/21/2686', 'Area 537A', 'Customer Facing Retail Job', 135);
Insert into BadThing values (164, 136, '1/12/2819', 'Area 591U', 'Temporary Loss of Sight', 325);
Insert into BadThing values (165, 152, '11/2/2478', 'Area 960N', 'Social Abandonment', 187);
Insert into BadThing values (166, 154, '2/16/2097', 'Territory 729V', 'Public Service', 235);
Insert into BadThing values (167, 236, '5/15/2462', 'Area 162F', 'Social Abandonment', 192);
Insert into BadThing values (168, 15, '8/7/2545', 'District 814G', 'Extreme Cold', 64);
Insert into BadThing values (169, 42, '12/5/2088', 'Area 881N', 'Public Service', 28);
Insert into BadThing values (170, 232, '8/6/2559', 'Territory 309A', 'Extreme Cold', 69);
Insert into BadThing values (171, 103, '7/27/2540', 'Sector 375W', 'Extreme Cold', 237);
Insert into BadThing values (172, 37, '9/23/2490', 'Zone 335G', 'Social Abandonment', 297);
Insert into BadThing values (173, 77, '5/27/2454', 'Zone 911Z', 'Social Abandonment', 110);
Insert into BadThing values (174, 231, '3/1/2416', 'Zone 902U', 'Thirst', 153);
Insert into BadThing values (175, 247, '11/5/2098', 'Territory 795U', 'Public Service', 200);
Insert into BadThing values (176, 174, '12/8/2637', 'Area 216S', 'Extreme Heat', 84);
Insert into BadThing values (177, 82, '5/23/2266', 'District 985W', 'Hunger', 293);
Insert into BadThing values (178, 54, '4/17/2744', 'District 467Q', 'Customer Facing Retail Job', 333);
Insert into BadThing values (179, 205, '10/26/2494', 'Territory 079M', 'Social Abandonment', 75);
Insert into BadThing values (180, 97, '2/23/2278', 'District 777Y', 'Hunger', 312);
Insert into BadThing values (181, 49, '6/4/2364', 'Sector 853G', 'Thirst', 312);
Insert into BadThing values (182, 95, '12/5/2237', 'Region 843X', 'Being Flung About', 184);
Insert into BadThing values (183, 102, '6/27/2376', 'Region 066Y', 'Thirst', 309);
Insert into BadThing values (184, 106, '11/11/2292', 'Area 166I', 'Hunger', 44);
Insert into BadThing values (185, 206, '1/21/2496', 'Region 324M', 'Social Abandonment', 211);
Insert into BadThing values (186, 77, '7/3/2224', 'Territory 351J', 'Being Flung About', 166);
Insert into BadThing values (187, 171, '12/16/2446', 'Sector 789B', 'Social Abandonment', 17);
Insert into BadThing values (188, 232, '9/4/2222', 'District 610X', 'Being Flung About', 250);
Insert into BadThing values (189, 91, '1/4/2176', 'Territory 056R', 'Hard Labor', 210);
Insert into BadThing values (190, 102, '4/26/2940', 'District 765X', 'Temporary Loss of Taste', 225);
Insert into BadThing values (191, 28, '8/25/2482', 'Region 038Z', 'Social Abandonment', 80);
Insert into BadThing values (192, 95, '11/27/2758', 'District 423Z', 'Temporary Loss of Sight', 184);
Insert into BadThing values (193, 49, '2/14/2392', 'District 238A', 'Thirst', 259);
Insert into BadThing values (194, 236, '1/3/2927', 'Sector 294C', 'Temporary Loss of Taste', 323);
Insert into BadThing values (195, 225, '10/28/2487', 'Zone 891R', 'Social Abandonment', 212);
Insert into BadThing values (196, 139, '6/15/2837', 'Region 264H', 'Temporary Loss of Hearing', 184);
Insert into BadThing values (197, 61, '3/3/2815', 'Region 095L', 'Temporary Loss of Sight', 26);
Insert into BadThing values (198, 236, '4/6/2068', 'District 398P', 'Public Service', 50);
Insert into BadThing values (199, 188, '3/31/2047', 'Zone 878G', 'Public Service', 338);
Insert into BadThing values (200, 57, '11/4/2294', 'Territory 552U', 'Hunger', 39);
Insert into BadThing values (201, 163, '2/21/2486', 'Area 958W', 'Social Abandonment', 22);
Insert into BadThing values (202, 97, '8/22/2158', 'Territory 326S', 'Hard Labor', 309);
Insert into BadThing values (203, 61, '10/19/2740', 'Region 395C', 'Customer Facing Retail Job', 173);
Insert into BadThing values (204, 174, '10/4/2289', 'Area 904D', 'Hunger', 359);
Insert into BadThing values (205, 69, '7/10/2099', 'Zone 745Q', 'Public Service', 217);
Insert into BadThing values (206, 16, '7/18/2521', 'Region 905J', 'Extreme Cold', 45);
Insert into BadThing values (207, 106, '5/14/2578', 'Zone 448N', 'Extreme Cold', 293);
Insert into BadThing values (208, 115, '8/20/2389', 'Sector 354M', 'Thirst', 9);
Insert into BadThing values (209, 236, '4/5/2323', 'Region 209O', 'Hunger', 305);
Insert into BadThing values (210, 102, '3/17/2473', 'Region 663W', 'Social Abandonment', 241);
Insert into BadThing values (211, 31, '3/4/2306', 'Zone 066S', 'Hunger', 269);
Insert into BadThing values (212, 118, '11/28/2213', 'Area 604X', 'Being Flung About', 45);
Insert into BadThing values (213, 133, '3/28/2159', 'Territory 341O', 'Hard Labor', 195);
Insert into BadThing values (214, 97, '12/18/2056', 'Area 827E', 'Public Service', 93);
Insert into BadThing values (215, 250, '8/31/2182', 'Region 649V', 'Hard Labor', 245);
Insert into BadThing values (216, 97, '3/23/2403', 'Area 395A', 'Thirst', 324);
Insert into BadThing values (217, 95, '1/9/2635', 'Zone 175W', 'Extreme Heat', 359);
Insert into BadThing values (218, 139, '8/24/2752', 'District 391T', 'Customer Facing Retail Job', 112);
Insert into BadThing values (219, 46, '2/24/2630', 'Sector 351S', 'Extreme Heat', 332);
Insert into BadThing values (220, 106, '9/17/2085', 'Area 519A', 'Public Service', 149);
Insert into BadThing values (221, 136, '8/23/2917', 'Area 770Q', 'Temporary Loss of Hearing', 175);
Insert into BadThing values (222, 87, '6/19/2582', 'Region 666F', 'Extreme Cold', 228);
Insert into BadThing values (223, 240, '9/24/2179', 'Area 127P', 'Hard Labor', 117);
Insert into BadThing values (224, 225, '1/4/2548', 'Sector 379B', 'Extreme Cold', 166);
Insert into BadThing values (225, 103, '3/27/2210', 'Sector 601P', 'Being Flung About', 143);
Insert into BadThing values (226, 61, '5/28/2882', 'District 007U', 'Temporary Loss of Hearing', 196);
Insert into BadThing values (227, 37, '3/20/2243', 'Region 089G', 'Being Flung About', 129);
Insert into BadThing values (228, 72, '4/16/2377', 'District 063W', 'Thirst', 346);
Insert into BadThing values (229, 190, '7/13/2867', 'Territory 926U', 'Temporary Loss of Hearing', 269);
Insert into BadThing values (230, 39, '6/22/2536', 'Sector 245Y', 'Extreme Cold', 287);
Insert into BadThing values (231, 64, '4/19/2958', 'Area 598R', 'Temporary Loss of Taste', 8);
Insert into BadThing values (232, 134, '3/27/2565', 'Area 584Z', 'Extreme Cold', 286);
Insert into BadThing values (233, 36, '8/13/2885', 'Zone 176J', 'Temporary Loss of Hearing', 172);
Insert into BadThing values (234, 16, '11/28/2292', 'Zone 852I', 'Hunger', 289);
Insert into BadThing values (235, 61, '2/19/2971', 'Area 445S', 'Temporary Loss of Taste', 176);
Insert into BadThing values (236, 174, '12/22/2430', 'Region 128C', 'Social Abandonment', 133);
Insert into BadThing values (237, 96, '12/25/2515', 'Territory 055L', 'Extreme Cold', 248);
Insert into BadThing values (238, 163, '10/14/2716', 'Zone 905F', 'Customer Facing Retail Job', 284);
Insert into BadThing values (239, 108, '6/17/2956', 'Area 312L', 'Temporary Loss of Taste', 280);
Insert into BadThing values (240, 206, '1/7/2298', 'Zone 766O', 'Hunger', 241);
Insert into BadThing values (241, 118, '1/1/2524', 'Territory 584X', 'Extreme Cold', 62);
Insert into BadThing values (242, 118, '12/23/2434', 'District 046L', 'Social Abandonment', 136);
Insert into BadThing values (243, 95, '1/24/2451', 'Zone 906G', 'Social Abandonment', 43);
Insert into BadThing values (244, 37, '6/13/2918', 'Region 829Q', 'Temporary Loss of Taste', 145);
Insert into BadThing values (245, 88, '8/31/2266', 'Zone 137Z', 'Hunger', 104);
Insert into BadThing values (246, 194, '2/2/2745', 'Zone 774D', 'Customer Facing Retail Job', 291);
Insert into BadThing values (247, 95, '11/7/2297', 'Sector 543K', 'Hunger', 142);
Insert into BadThing values (248, 49, '3/22/2243', 'Region 928V', 'Being Flung About', 192);
Insert into BadThing values (249, 225, '2/17/2211', 'Zone 503Z', 'Being Flung About', 59);
Insert into BadThing values (250, 38, '9/14/2436', 'Area 155M', 'Social Abandonment', 332);
Insert into BadThing values (251, 95, '5/31/2476', 'District 584Z', 'Social Abandonment', 9);
Insert into BadThing values (252, 31, '3/13/2211', 'District 555D', 'Being Flung About', 123);
Insert into BadThing values (253, 3, '9/15/2311', 'District 366X', 'Hunger', 97);
Insert into BadThing values (254, 15, '2/12/2437', 'District 427L', 'Social Abandonment', 103);
Insert into BadThing values (255, 115, '4/9/2915', 'Zone 258S', 'Temporary Loss of Hearing', 93);
Insert into BadThing values (256, 82, '1/6/2924', 'Territory 073J', 'Temporary Loss of Taste', 207);
Insert into BadThing values (257, 195, '6/4/2929', 'Region 926D', 'Temporary Loss of Taste', 111);
Insert into BadThing values (258, 198, '6/25/2813', 'Area 059O', 'Temporary Loss of Sight', 166);
Insert into BadThing values (259, 39, '11/23/2236', 'Zone 241O', 'Being Flung About', 161);
Insert into BadThing values (260, 194, '6/12/2415', 'Region 768W', 'Thirst', 307);
Insert into BadThing values (261, 190, '5/10/2198', 'Area 738I', 'Being Flung About', 37);
Insert into BadThing values (262, 116, '9/12/2305', 'District 764J', 'Hunger', 304);
Insert into BadThing values (263, 77, '11/13/2655', 'Region 880K', 'Extreme Heat', 234);
Insert into BadThing values (264, 102, '3/26/2572', 'Region 434Y', 'Extreme Cold', 108);
Insert into BadThing values (265, 139, '8/25/2066', 'Territory 355K', 'Public Service', 203);
Insert into BadThing values (266, 149, '3/19/2459', 'Area 368C', 'Social Abandonment', 104);
Insert into BadThing values (267, 188, '5/31/2443', 'Region 271V', 'Social Abandonment', 131);
Insert into BadThing values (268, 152, '11/24/2611', 'Area 947X', 'Extreme Heat', 267);
Insert into BadThing values (269, 69, '6/25/2071', 'Region 741U', 'Public Service', 289);
Insert into BadThing values (270, 31, '7/8/2929', 'Zone 055K', 'Temporary Loss of Taste', 165);
Insert into BadThing values (271, 49, '4/25/2670', 'Territory 182A', 'Extreme Heat', 338);
Insert into BadThing values (272, 57, '12/28/2619', 'Area 619M', 'Extreme Heat', 105);
Insert into BadThing values (273, 49, '12/12/2082', 'Zone 284X', 'Public Service', 344);
Insert into BadThing values (274, 97, '11/8/2386', 'Region 280J', 'Thirst', 25);
Insert into BadThing values (275, 74, '8/5/2872', 'Zone 905P', 'Temporary Loss of Hearing', 269);
Insert into BadThing values (276, 194, '6/28/2778', 'Sector 324N', 'Temporary Loss of Sight', 119);
Insert into BadThing values (277, 174, '1/18/2431', 'Region 801R', 'Social Abandonment', 120);
Insert into BadThing values (278, 171, '4/23/2844', 'Territory 483L', 'Temporary Loss of Hearing', 161);
Insert into BadThing values (279, 240, '12/6/2349', 'Area 249F', 'Thirst', 96);
Insert into BadThing values (280, 167, '12/18/2909', 'Territory 455X', 'Temporary Loss of Hearing', 3);
Insert into BadThing values (281, 97, '3/24/2662', 'Area 127E', 'Extreme Heat', 342);
Insert into BadThing values (282, 134, '2/4/2929', 'District 362O', 'Temporary Loss of Taste', 336);
Insert into BadThing values (283, 18, '8/26/2174', 'Region 965R', 'Hard Labor', 69);
Insert into BadThing values (284, 174, '9/23/2268', 'Area 823G', 'Hunger', 198);
Insert into BadThing values (285, 171, '9/25/2084', 'Zone 072F', 'Public Service', 270);
Insert into BadThing values (286, 164, '8/19/2799', 'Zone 885O', 'Temporary Loss of Sight', 341);
Insert into BadThing values (287, 72, '7/31/2943', 'Region 830U', 'Temporary Loss of Taste', 341);
Insert into BadThing values (288, 194, '8/5/2287', 'Area 775C', 'Hunger', 164);
Insert into BadThing values (289, 93, '12/11/2532', 'Region 414U', 'Extreme Cold', 82);
Insert into BadThing values (290, 108, '4/24/2961', 'Sector 617O', 'Temporary Loss of Taste', 193);
Insert into BadThing values (291, 149, '9/29/2072', 'Sector 185H', 'Public Service', 25);
Insert into BadThing values (292, 72, '10/25/2874', 'Area 018N', 'Temporary Loss of Hearing', 143);
Insert into BadThing values (293, 134, '10/4/2860', 'Territory 968Z', 'Temporary Loss of Hearing', 159);
Insert into BadThing values (294, 249, '9/2/2765', 'Region 555E', 'Temporary Loss of Sight', 234);
Insert into BadThing values (295, 134, '4/17/2826', 'Territory 281H', 'Temporary Loss of Sight', 24);
Insert into BadThing values (296, 91, '2/6/2031', 'Region 750T', 'Public Service', 65);
Insert into BadThing values (297, 167, '9/23/2880', 'Territory 348X', 'Temporary Loss of Hearing', 300);
Insert into BadThing values (298, 247, '10/2/2852', 'Sector 136C', 'Temporary Loss of Hearing', 261);
Insert into BadThing values (299, 61, '8/31/2760', 'District 885D', 'Temporary Loss of Sight', 145);
Insert into BadThing values (300, 83, '8/5/2913', 'Sector 650C', 'Temporary Loss of Hearing', 343);
Insert into BadThing values (301, 96, '9/20/2608', 'Area 820Z', 'Extreme Heat', 232);
Insert into BadThing values (302, 231, '6/9/2169', 'Zone 240K', 'Hard Labor', 168);
Insert into BadThing values (303, 205, '3/18/2917', 'Area 596O', 'Temporary Loss of Hearing', 64);
Insert into BadThing values (304, 232, '11/7/2313', 'Zone 575I', 'Hunger', 297);
Insert into BadThing values (305, 250, '8/25/2085', 'District 609T', 'Public Service', 202);
Insert into BadThing values (306, 194, '4/10/2411', 'Area 824D', 'Thirst', 159);
Insert into BadThing values (307, 104, '8/14/2324', 'Region 861B', 'Hunger', 332);
Insert into BadThing values (308, 103, '7/23/2448', 'Territory 068P', 'Social Abandonment', 23);
Insert into BadThing values (309, 102, '12/4/2176', 'Region 360G', 'Hard Labor', 138);
Insert into BadThing values (310, 91, '4/22/2484', 'Territory 733I', 'Social Abandonment', 305);
Insert into BadThing values (311, 105, '2/24/2179', 'Zone 443I', 'Hard Labor', 56);
Insert into BadThing values (312, 167, '12/19/2186', 'District 978L', 'Being Flung About', 244);
Insert into BadThing values (313, 232, '10/22/2756', 'Region 957E', 'Temporary Loss of Sight', 28);
Insert into BadThing values (314, 105, '1/16/2830', 'Area 642W', 'Temporary Loss of Sight', 94);
Insert into BadThing values (315, 152, '8/9/2254', 'Sector 410Y', 'Being Flung About', 281);
Insert into BadThing values (316, 149, '11/29/2418', 'Territory 065F', 'Thirst', 13);
Insert into BadThing values (317, 36, '1/29/2679', 'Region 946M', 'Customer Facing Retail Job', 28);
Insert into BadThing values (318, 116, '7/6/2976', 'Sector 332T', 'Temporary Loss of Taste', 53);
Insert into BadThing values (319, 250, '12/14/2465', 'Area 358V', 'Social Abandonment', 281);
Insert into BadThing values (320, 72, '1/25/2885', 'Territory 931J', 'Temporary Loss of Hearing', 205);
Insert into BadThing values (321, 120, '2/25/2153', 'Territory 448L', 'Hard Labor', 280);
Insert into BadThing values (322, 137, '3/3/2358', 'Zone 265C', 'Thirst', 54);
Insert into BadThing values (323, 39, '9/22/2961', 'Sector 694Q', 'Temporary Loss of Taste', 257);
Insert into BadThing values (324, 198, '7/28/2429', 'Sector 668V', 'Social Abandonment', 231);
Insert into BadThing values (325, 115, '4/29/2479', 'Sector 656W', 'Social Abandonment', 320);
Insert into BadThing values (326, 88, '3/1/2131', 'District 252W', 'Hard Labor', 64);
Insert into BadThing values (327, 195, '2/6/2188', 'Region 570H', 'Being Flung About', 139);
Insert into BadThing values (328, 61, '12/30/2597', 'Area 484V', 'Extreme Heat', 190);
Insert into BadThing values (329, 64, '11/10/2394', 'Area 746X', 'Thirst', 196);
Insert into BadThing values (330, 88, '2/1/2620', 'District 995P', 'Extreme Heat', 259);
Insert into BadThing values (331, 72, '3/17/2982', 'Territory 167N', 'Temporary Loss of Taste', 42);
Insert into BadThing values (332, 120, '7/28/2829', 'Territory 724Q', 'Temporary Loss of Sight', 210);
Insert into BadThing values (333, 250, '11/5/2481', 'Zone 496R', 'Social Abandonment', 185);
Insert into BadThing values (334, 104, '8/28/2195', 'Sector 526Y', 'Being Flung About', 262);
Insert into BadThing values (335, 38, '11/6/2598', 'District 819Z', 'Extreme Heat', 160);
Insert into BadThing values (336, 97, '11/16/2732', 'Zone 973R', 'Customer Facing Retail Job', 49);
Insert into BadThing values (337, 118, '1/23/2221', 'Zone 756P', 'Being Flung About', 113);
Insert into BadThing values (338, 57, '7/20/2326', 'Region 567N', 'Hunger', 222);
Insert into BadThing values (339, 23, '7/3/2196', 'Sector 871N', 'Being Flung About', 34);
Insert into BadThing values (340, 205, '10/23/2539', 'District 970L', 'Extreme Cold', 208);
Insert into BadThing values (341, 103, '10/15/2108', 'Area 365T', 'Hard Labor', 324);
Insert into BadThing values (342, 224, '2/26/2311', 'District 493P', 'Hunger', 130);
Insert into BadThing values (343, 224, '6/26/2951', 'Area 383R', 'Temporary Loss of Taste', 59);
Insert into BadThing values (344, 205, '7/16/2637', 'Sector 734Y', 'Extreme Heat', 327);
Insert into BadThing values (345, 102, '7/15/2606', 'District 023G', 'Extreme Heat', 336);
Insert into BadThing values (346, 108, '3/19/2498', 'Zone 532D', 'Social Abandonment', 164);
Insert into BadThing values (347, 194, '10/21/2558', 'Zone 547A', 'Extreme Cold', 201);
Insert into BadThing values (348, 49, '2/10/2239', 'Area 137K', 'Being Flung About', 48);
Insert into BadThing values (349, 190, '12/18/2265', 'Sector 603Q', 'Hunger', 82);
Insert into BadThing values (350, 125, '4/12/2417', 'Zone 640S', 'Thirst', 96);

--select *
--from BadThing;
