use aa_classroom;
GO

drop table computerinventory;
drop table computer;
drop table casestudy;
drop table studio;
drop table lab;
drop table classroom;
drop table schedule;
drop table room;
drop table preference;
drop table timeslot;
drop table section;
drop table instructor;
drop table prerequisite;
drop table course;


create table Course (
CourseID int primary key not null,
CourseShortName varchar(10) not null,
CourseDescription varchar(60) not null,
Credits tinyint not null);

create table Prerequisite (
CourseID int not null,
PrerequisiteID int not null);

alter table Prerequisite add constraint PrerequisiteCourseIDfk foreign key (CourseID) references Course(CourseID);
alter table Prerequisite add constraint PrerequisitePrerequisiteIDfk foreign key (PrerequisiteID) references Course(CourseID);
alter table Prerequisite add constraint Prerequisitepk primary key (CourseID, PrerequisiteID);

create table Instructor (
EmpID int primary key,
FirstName varchar(20) not null,
LastName varchar(20) not null,
Rank varchar(40) not null,
OfficePhone varchar(10) not null);

create table Section (
SectionID int not null,
CourseID int not null,
EnrollmentLimit smallint not null,
EmpID int null);

alter table Section add constraint SectionCourseIDfk foreign key (CourseID) references Course(CourseID) on delete cascade;
alter table Section add constraint Sectionpk primary key (SectionID, CourseID);
alter table Section add constraint SectionEmpIDfk foreign key (EmpID) references Instructor(EmpID);

create table Timeslot (
TSID int primary key,
DayOfWeek varchar(20) not null,
StartTime time not null,
endtime time not null);

create table Preference (
EmpID int not null,
TSID int not null,
IsEssential char(1) not null);

alter table Preference add constraint Preferencepk primary key (EmpID, TSID);
alter table Preference add constraint PreferenceEmpIDfk foreign key (EmpID) references Instructor(EmpID);
alter table Preference add constraint PreferenceTSIDfk foreign key (TSID) references Timeslot(TSID);


create table Room (
RoomID int primary key,
BuildingName varchar(100) not null,
RoomNo smallint not null,
Capacity smallint not null);

Create table Schedule (
Semester varchar(10) not null,
Year smallint not null,
TSID int not null, 
RoomID int not null,
SectionID int not null,
CourseID int not null);

alter table Schedule add constraint ScheduleTSIDfk foreign key (TSID) references Timeslot(TSID);
alter table Schedule add constraint ScheduleRoomIDfk foreign key (RoomID) references Room(RoomID);
alter table Schedule add constraint ScheduleSectionIDfk foreign key (SectionID, CourseID) references Section(SectionID, CourseID) on delete cascade;
alter table Schedule add constraint Schedulepk primary key (Semester, Year, TSID, RoomID, SectionID, CourseID);

create table Lab (
LabID int primary key,
Locktype varchar(20));

Alter table Lab add constraint LabLabIDfk foreign key (LabID) references Room(RoomID) on delete cascade;

create table Classroom (
ClassroomID int primary key,
MediaType varchar(20));

Alter table Classroom add constraint ClassroomClassroomIDfk foreign key (ClassroomID) references Room(RoomID) on delete cascade;

create table Studio (
SClassroomID int primary key,
NumberofCameras tinyint not null,
DefaultVideoInput varchar(15) not null);

alter table Studio add constraint StudioSClassroomIDfk foreign key (SClassroomID) references Classroom(ClassroomID)on delete cascade;

create table CaseStudy (
CClassroomID int primary key,
WhiteboardCount smallint not null,
PrinterCount smallint not null);

alter table CaseStudy add constraint CaseStudyCClassroomIDfk foreign key (CClassroomID) references Classroom(ClassroomID) on delete cascade;

create table Computer (
ComputerID int primary key,
CPUType varchar(30) not null,
DiskCapacity int not null,
CPUSpeed decimal (2,1) not null,
InRepair char(1) not null);

create table ComputerInventory (
ComputerInventoryID int primary key,
LabID int null,
ComputerID int not null,
InstallDate datetime not null);

alter table ComputerInventory add constraint ComputerInventoryLabIDfk foreign key (LabID) references Lab(LabID)on delete set null;
alter table ComputerInventory add constraint ComputerInventoryComputerIDfk foreign key (ComputerID) references Computer(ComputerID);

INSERT INTO course (CourseID, CourseShortName, CourseDescription, Credits) VALUES
(1, 'ART4500', 'delerium. ut Sed ut pladior gravum linguens Longam, si Tam', 1),
(2, 'SPED3880', 'brevens, et glavans quorum novum e egreddior gravis fecit.', 3),
(3, 'MCAG1190', 'quad fecundio, in eggredior. et ut brevens, quorum et fecit.', 4),
(4, 'MGMT1150', 'quartu fecundio, gravis gravis quad homo, plurissimum', 2),
(5, 'BOT4430', 'quad Multum eudis rarendum in plorum in funem. non Quad', 4),
(6, 'MAE2210', 'plorum e manifestum pladior dolorum fecundio, Pro quad', 3),
(7, 'MKTG3770', 'apparens plorum rarendum Longam, rarendum Versus fecit.', 2),
(8, 'EDUC4490', 'quad sed eggredior. delerium. et plorum fecit. quorum plorum', 4),
(9, 'NREM4290', 'dolorum quartu quis Longam, delerium. linguens pladior eudis', 1),
(10, 'PHIL1630', 'non travissimantor linguens ut quo vobis novum e ut', 4),
(11, 'FDSC1110', 'Id eudis e egreddior pladior homo, non pars fecit. et in Pro', 1),
(12, 'ASL3280', 'et ut et non quo novum quis non funem. gravum Et quantare', 3),
(13, 'HHP2620', 'dolorum Et et rarendum quad sed vantis. plorum vobis esset', 2),
(14, 'AGEC2470', 'brevens, trepicandor glavans egreddior novum non linguens', 4),
(15, 'SPED3130', 'novum fecundio, quis transit. in eggredior. quorum quad in', 1),
(16, 'CIED4430', 'funem. quad venit. linguens nomen quorum Et glavans quoque', 4),
(17, 'FREN4840', 'linguens sed ut nomen gravis homo, estis volcans gravum', 4),
(18, 'GEOL2610', 'Versus quoque egreddior egreddior bono brevens, fecit. Et', 2),
(19, 'OCED3660', 'apparens estum. delerium. quoque homo, Versus Tam brevens,', 3),
(20, 'EPSY2950', 'nomen Id in brevens, pladior quorum venit. quoque eggredior.', 2),
(21, 'HDFS4990', 'pladior Quad Sed plorum novum plurissimum quad trepicandor', 2),
(22, 'POLS1820', 'esset quis homo, pladior Id habitatio e et nomen quad quad', 2),
(23, 'EEE1930', 'non et novum Pro Multum non gravum si regit, Longam, volcans', 3),
(24, 'PHIL3190', 'quantare quo, nomen vantis. nomen quartu linguens dolorum', 1),
(25, 'HRAD3260', 'apparens non non delerium. in et linguens dolorum Et et Sed', 2),
(26, 'ENSC4560', 'apparens Sed volcans esset habitatio Versus nomen et non', 4),
(27, 'SPED4930', 'quantare delerium. gravis et estis et quis Id et imaginator', 1),
(28, 'LATN4860', 'ut quad vobis fecit. quad habitatio funem. estis delerium.', 2),
(29, 'FIN3480', 'Quad regit, quad funem. vantis. fecit. plorum estum. quad', 3),
(30, 'MMJ3370', 'plorum estum. in e Sed Id e non dolorum fecit. Et non quad', 2),
(31, 'REMS1060', 'trepicandor estis estum. plorum et Et plurissimum', 2),
(32, 'SPCH3320', 'plorum imaginator non eggredior. bono et essit. et quo quad', 1),
(33, 'SOC3160', 'novum homo, glavans vantis. esset non si fecit, novum et', 3),
(34, 'HIST1540', 'quad fecundio, vobis plorum habitatio Et nomen Id et eudis', 4),
(35, 'TCOM3550', 'fecit, apparens brevens, et volcans plorum plorum vobis', 4),
(36, 'SDEV1380', 'linguens non delerium. non glavans e essit. vobis sed quad', 2),
(37, 'MKTG3760', 'funem. ut eudis volcans delerium. vantis. in novum parte', 2),
(38, 'PLNT4290', 'quo non novum venit. trepicandor regit, et Longam,', 4),
(39, 'AGLE3620', 'quis delerium. linguens pars funem. nomen trepicandor regit,', 2),
(40, 'RES2740', 'imaginator fecit, non et si quad quo, linguens fecit,', 2),
(41, 'LA1950', 'cognitio, cognitio, dolorum et bono pladior eudis transit.', 2),
(42, 'BHON3520', 'et Quad apparens habitatio Multum egreddior Versus et bono', 3),
(43, 'MLSC1430', 'rarendum quis in linguens et vantis. esset et manifestum', 2),
(44, 'EDLE4590', 'vantis. si eudis quad et dolorum vobis linguens eggredior.', 1),
(45, 'PHIL4530', 'cognitio, e nomen in brevens, fecundio, non esset Tam', 1),
(46, 'FIN1290', 'rarendum plurissimum nomen egreddior in Longam, eudis', 3),
(47, 'FDSC2950', 'quo Et et quis vobis et fecit. glavans funem. Et Et estis', 4),
(48, 'LA3160', 'quantare trepicandor quo funem. linguens regit, Id quad quad', 3),
(49, 'BIOL1040', 'Id et apparens fecit, venit. transit. novum bono quad esset', 3),
(50, 'SOIL1240', 'pars ut gravum Et vantis. Id fecundio, e fecit. estum.', 4),
(51, 'ZOOL4880', 'et imaginator plurissimum non estis novum delerium.', 3),
(52, 'MMJ3530', 'Id esset delerium. quartu et vantis. pars estis cognitio, e', 1),
(53, 'ANSI2560', 'esset nomen glavans trepicandor Versus sed pars venit. parte', 3),
(54, 'ECEN1990', 'et manifestum quad quis bono Et si gravis plorum plorum Id', 3),
(55, 'LBSC3830', 'imaginator Versus plorum bono Quad transit. plorum homo, in', 4),
(56, 'HIST4100', 'plorum non estis fecundio, parte quad non vobis imaginator', 3),
(57, 'ENSC4870', 'gravum Multum fecundio, volcans quorum homo, e vobis Pro', 4),
(58, 'FPST3000', 'vobis gravis Sed plurissimum Pro brevens, fecit. non vantis.', 4),
(59, 'AMST1800', 'habitatio travissimantor pladior quoque plorum novum glavans', 1),
(60, 'RMTR3330', 'linguens fecit, quo, parte si quo regit, pars si nomen', 4),
(61, 'MATH1330', 'esset egreddior vantis. homo, estum. novum delerium. nomen', 3),
(62, 'EDTC1440', 'nomen eudis Id Pro nomen novum quad et eudis quo si dolorum', 1),
(63, 'REMS2400', 'quo plorum et travissimantor Multum fecit. Multum esset', 1),
(64, 'ECON3790', 'quad apparens brevens, Tam Multum glavans novum Multum', 4),
(65, 'MC1830', 'travissimantor quad Sed vobis quo fecit, Quad non parte', 2),
(66, 'GENE4780', 'volcans linguens non brevens, quantare quad in Longam,', 4),
(67, 'PSYC2700', 'fecit. glavans habitatio rarendum Id vantis. Pro et fecit.', 1),
(68, 'CIVE2410', 'quoque Versus vobis quad Tam bono funem. novum quis non', 3),
(69, 'ECEN1610', 'fecit, linguens novum non egreddior manifestum si e homo,', 1),
(70, 'MAE4880', 'in homo, quantare quantare homo, quad esset vantis. pars', 4),
(71, 'EET4460', 'gravis quo, regit, regit, nomen estum. plurissimum habitatio', 3),
(72, 'GENT1920', 'apparens essit. et e si volcans quoque vobis cognitio, novum', 1),
(73, 'GEOG2580', 'estum. bono non nomen in e quo, habitatio vobis regit, quo', 1),
(74, 'ENGR3330', 'rarendum manifestum linguens egreddior in nomen habitatio', 2),
(75, 'PSYC1660', 'linguens delerium. si linguens Longam, quis esset quoque', 1),
(76, 'GREK3750', 'quis in trepicandor trepicandor quis e Pro glavans nomen', 4),
(77, 'MET1970', 'plurissimum eggredior. regit, novum quad Longam, quo estum.', 1),
(78, 'SPAN1070', 'estis si in et homo, vobis habitatio homo, glavans eudis', 3),
(79, '2190', 'imaginator non plorum sed cognitio, venit. volcans Et', 4),
(80, 'STAT3790', 'pladior estis vobis dolorum e quartu in in e quo quis e', 4),
(81, 'TH2480', 'in et in quantare quis parte cognitio, imaginator vantis. et', 1),
(82, 'DHM1820', 'eudis plorum trepicandor bono plorum et quantare et estum.', 2),
(83, 'SDEV2480', 'gravis transit. plorum Sed linguens Tam delerium. in gravum', 4),
(84, 'FRNS2860', 'Tam quorum quad si et pars nomen et fecit. Tam plorum fecit,', 4),
(85, 'EDLE3610', 'esset gravum estum. apparens Et Multum si si quartu nomen', 3),
(86, 'EEE4770', 'bono gravum e in Tam pars quad Tam parte linguens plorum', 2),
(87, 'RMTR4700', 'transit. eudis e quis volcans e Longam, si non novum pars', 3),
(88, 'ECEN3130', 'si esset quo, gravum eudis quorum novum quartu ut bono nomen', 1),
(89, 'MCAG1880', 'funem. si dolorum e quantare estum. non estum. Et quorum', 4),
(90, 'HDFS1340', 'fecit, gravis fecit, novum et et eudis novum homo, sed', 2),
(91, 'HIST4170', 'funem. estum. esset gravis venit. gravis Multum parte fecit.', 3),
(92, 'ENGL4270', 'Sed quad manifestum travissimantor transit. novum quo,', 3),
(93, 'FLL2070', 'nomen glavans cognitio, in ut non brevens, apparens quorum', 4),
(94, 'AGLE3330', 'Sed vobis non plorum et esset volcans quantare eggredior. e', 2),
(95, 'REL1560', 'nomen vobis et Sed homo, et fecit. Quad quad pladior estum.', 4),
(96, 'AMST4880', 'cognitio, venit. et parte in pladior non plorum quad nomen', 2),
(97, 'DHM3330', 'non Tam non in Quad Et gravum regit, Pro pars si eggredior.', 2),
(98, 'AGEC3090', 'et in quad et estum. travissimantor gravis trepicandor', 3),
(99, 'HDFS2320', 'quad quad quad homo, parte Id nomen si gravum eggredior.', 4),
(100, 'CHIN1080', 'gravum habitatio et trepicandor quartu plorum Tam nomen quad', 1);

INSERT INTO prerequisite (CourseID, PrerequisiteID) VALUES
(42, 1),
(94, 1),
(7, 2),
(76, 2),
(7, 3),
(88, 3),
(1, 4),
(81, 4),
(73, 5),
(26, 6),
(29, 6),
(87, 7),
(21, 8),
(81, 8),
(68, 9),
(84, 9),
(6, 10),
(57, 10),
(9, 11),
(51, 11),
(2, 12),
(60, 12),
(79, 13),
(85, 13),
(5, 14),
(28, 14),
(24, 15),
(48, 15),
(32, 16),
(35, 16),
(93, 16),
(13, 17),
(20, 18),
(55, 18),
(20, 19),
(55, 19),
(56, 19),
(60, 20),
(96, 20),
(45, 21),
(63, 21),
(29, 22),
(63, 22),
(2, 23),
(32, 23),
(35, 23),
(8, 24),
(17, 24),
(27, 25),
(40, 25),
(96, 25),
(37, 26),
(51, 27),
(57, 27),
(9, 28),
(30, 29),
(66, 29),
(80, 29),
(16, 30),
(53, 30),
(1, 31),
(12, 32),
(76, 32),
(26, 34),
(98, 34),
(92, 35),
(98, 35),
(16, 36),
(15, 37),
(44, 37),
(67, 38),
(91, 38),
(88, 39),
(25, 40),
(28, 40),
(26, 41),
(29, 41),
(98, 41),
(47, 42),
(6, 43),
(71, 43),
(18, 44),
(74, 44),
(42, 45),
(73, 46),
(27, 47),
(60, 47),
(96, 47),
(39, 48),
(73, 48),
(87, 49),
(64, 50),
(91, 50),
(94, 51),
(86, 52),
(99, 52),
(14, 53),
(84, 55),
(68, 56),
(79, 56),
(30, 57),
(80, 57),
(83, 57),
(52, 58),
(30, 59),
(66, 59),
(64, 60),
(91, 60),
(67, 61),
(58, 62),
(70, 62),
(71, 64),
(48, 66),
(19, 67),
(38, 67),
(70, 67),
(13, 68),
(19, 68),
(87, 69),
(45, 70),
(63, 70),
(99, 70),
(17, 71),
(27, 71),
(40, 71),
(13, 72),
(19, 72),
(38, 72),
(25, 73),
(74, 74),
(47, 75),
(93, 75),
(67, 76),
(97, 76),
(44, 77),
(58, 77),
(5, 78),
(21, 78),
(18, 79),
(53, 80),
(86, 81),
(52, 82),
(20, 84),
(56, 84),
(92, 84),
(80, 85),
(83, 85),
(97, 85),
(14, 86),
(83, 87),
(97, 87),
(2, 88),
(35, 88),
(45, 90),
(99, 90),
(55, 91),
(39, 92),
(15, 93),
(85, 93),
(8, 94),
(64, 94),
(32, 95),
(47, 95),
(93, 95),
(12, 96),
(56, 97),
(92, 97),
(66, 98),
(86, 98),
(24, 99),
(37, 99);

INSERT INTO instructor (EmpID, FirstName, LastName, Rank, OfficePhone) VALUES
(1, 'Jeanine', 'Abbott', 'Instructor', '2324707281'),
(2, 'Lester', 'Lam', 'Instructor', '6073369081'),
(3, 'Claire', 'Cowan', 'Professor', '5871748438'),
(4, 'Shannon', 'Bentley', 'Instructor', '1274167471'),
(5, 'Valerie', 'Berger', 'Visiting Faculty', '3163341219'),
(6, 'Ty', 'Keith', 'Associate Professor', '645401318'),
(7, 'Roy', 'Finley', 'Visiting Faculty', '6564073215'),
(8, 'Ashley', 'Howard', 'Associate Professor', '430621939'),
(9, 'Forrest', 'Rich', 'Professor', '3058546843'),
(10, 'Ron', 'Martin', 'Assistant Professor', '1154233661'),
(11, 'Gerard', 'Duffy', 'Associate Professor', '5636397611'),
(12, 'Lamont', 'Douglas', 'Instructor', '6055965074'),
(13, 'Gilberto', 'Gillespie', 'Assistant Professor', '644800831'),
(14, 'Lara', 'Willis', 'Professor', '424446280'),
(15, 'Roberta', 'Lynch', 'Clinical Professor', '7505512207'),
(16, 'Shirley', 'Landry', 'Assistant Professor', '2191128191'),
(17, 'Randal', 'Hendrix', 'Assistant Professor', '3963591450'),
(18, 'Alisha', 'Dillon', 'Visiting Faculty', '8011261390'),
(19, 'Max', 'Steele', 'Assistant Professor', '7773081149'),
(20, 'Guy', 'Cameron', 'Clinical Professor', '4886462211'),
(21, 'Rolando', 'Luna', 'Associate Professor', '7436638162'),
(22, 'Adrienne', 'Casey', 'Professor', '4138787740'),
(23, 'Lee', 'Booth', 'Professor', '5425672469'),
(24, 'Jami', 'Daniel', 'Professor', '8577189455'),
(25, 'Roderick', 'Zamora', 'Professor', '4287810903'),
(26, 'Traci', 'Kaufman', 'Associate Professor', '576678341'),
(27, 'Ty', 'Hutchinson', 'Associate Professor', '2109691552'),
(28, 'Felicia', 'Vega', 'Clinical Professor', '7755631387'),
(29, 'Donna', 'Lowe', 'Associate Professor', '8709386994'),
(30, 'Albert', 'Woods', 'Clinical Professor', '3340299080'),
(31, 'Yvonne', 'West', 'Assistant Professor', '8878288216'),
(32, 'Rafael', 'Boyer', 'Clinical Professor', '1498532973'),
(33, 'Bridgette', 'Kaiser', 'Assistant Professor', '5777144095'),
(34, 'Caleb', 'Newton', 'Assistant Professor', '7590210508'),
(35, 'Daphne', 'Castillo', 'Assistant Professor', '2718086138'),
(36, 'Lara', 'Gentry', 'Professor', '9243968766'),
(37, 'Damian', 'Vaughan', 'Associate Professor', '5191719699'),
(38, 'Darnell', 'Jackson', 'Professor', '9763562993'),
(39, 'Andrea', 'Mc Bride', 'Professor', '1159584650'),
(40, 'Carla', 'Jensen', 'Professor', '6705470908'),
(41, 'Lewis', 'Salas', 'Assistant Professor', '931915905'),
(42, 'Luz', 'Stout', 'Instructor', '4020099852'),
(43, 'Dwayne', 'Rich', 'Visiting Faculty', '5692454952'),
(44, 'Melody', 'Costa', 'Instructor', '5908049795'),
(45, 'Glen', 'Goodman', 'Clinical Professor', '9890894504'),
(46, 'Tyler', 'Gallagher', 'Visiting Faculty', '5011724049'),
(47, 'Garrett', 'Duke', 'Visiting Faculty', '5868955753'),
(48, 'Demond', 'Huang', 'Professor', '6383954460'),
(49, 'Marco', 'Nicholson', 'Associate Professor', '2347523108'),
(50, 'Adam', 'Grant', 'Visiting Faculty', '933560953'),
(51, 'Kate', 'Sparks', 'Associate Professor', '4384956180'),
(52, 'Tim', 'Andrews', 'Associate Professor', '9171829685'),
(53, 'Anna', 'Cox', 'Professor', '434911823'),
(54, 'Morgan', 'Holder', 'Visiting Faculty', '337486457'),
(55, 'Christine', 'Buckley', 'Clinical Professor', '7097949194'),
(56, 'Misti', 'Owens', 'Assistant Professor', '9983597835'),
(57, 'Trent', 'Cox', 'Visiting Faculty', '4669741016'),
(58, 'Eva', 'Dickerson', 'Clinical Professor', '3832494958'),
(59, 'Alisha', 'Harrison', 'Visiting Faculty', '821594864'),
(60, 'Tia', 'Hurley', 'Associate Professor', '1909611016'),
(61, 'Marisol', 'Thomas', 'Instructor', '9587167541'),
(62, 'Shawna', 'Wilkins', 'Assistant Professor', '6629662996'),
(63, 'Elisabeth', 'Mccall', 'Clinical Professor', '8698035495'),
(64, 'Ray', 'Olsen', 'Clinical Professor', '5834560403'),
(65, 'Emma', 'Booker', 'Clinical Professor', '4946922988'),
(66, 'Kerry', 'Hudson', 'Professor', '4822231777'),
(67, 'Janette', 'Rhodes', 'Professor', '4082845317'),
(68, 'Guillermo', 'Dawson', 'Instructor', '239451789'),
(69, 'Deanna', 'Reyes', 'Visiting Faculty', '7011705294'),
(70, 'Lorraine', 'Pham', 'Instructor', '495121059'),
(71, 'Alma', 'Osborn', 'Professor', '3183080462'),
(72, 'Jarrod', 'Davila', 'Associate Professor', '4770474172'),
(73, 'Mitchell', 'Olson', 'Associate Professor', '6660633822'),
(74, 'Lawanda', 'Foster', 'Associate Professor', '8559267576'),
(75, 'Damion', 'Baird', 'Associate Professor', '159003144'),
(76, 'Derrick', 'Hutchinson', 'Associate Professor', '9878535175'),
(77, 'Jenny', 'Mc Millan', 'Assistant Professor', '5681996185'),
(78, 'Melanie', 'Buck', 'Professor', '1174143757'),
(79, 'Kerrie', 'Braun', 'Professor', '1380735423'),
(80, 'Christa', 'Weber', 'Assistant Professor', '4436953140'),
(81, 'Nichole', 'Travis', 'Visiting Faculty', '6069327611'),
(82, 'Bill', 'Odom', 'Professor', '1117516919'),
(83, 'Kelly', 'Conrad', 'Visiting Faculty', '6261341213'),
(84, 'Christina', 'Hayes', 'Visiting Faculty', '8157218387'),
(85, 'Candy', 'Walter', 'Assistant Professor', '9831426080'),
(86, 'Evelyn', 'Compton', 'Professor', '8689926980'),
(87, 'Joel', 'Gallegos', 'Instructor', '9748894592'),
(88, 'Diane', 'Key', 'Visiting Faculty', '7161763578'),
(89, 'Mandi', 'Cline', 'Assistant Professor', '8538494448'),
(90, 'Randy', 'Wilson', 'Instructor', '9091872154'),
(91, 'Caroline', 'Stephenson', 'Associate Professor', '1392790422'),
(92, 'Ronda', 'Jacobs', 'Professor', '5317237620'),
(93, 'Andrea', 'Burch', 'Assistant Professor', '9164782598'),
(94, 'Katrina', 'Mcclain', 'Instructor', '6975612469'),
(95, 'Carla', 'Morrison', 'Professor', '2087757874'),
(96, 'Timothy', 'Alexander', 'Instructor', '5367145418'),
(97, 'Billy', 'Ritter', 'Instructor', '5996064719'),
(98, 'Autumn', 'Woods', 'Assistant Professor', '2320051770'),
(99, 'Nathaniel', 'Key', 'Instructor', '4576652581'),
(100, 'Molly', 'Johnston', 'Visiting Faculty', '7706439036'),
(101, 'Erica', 'Stevens', 'Associate Professor', '1352265127'),
(102, 'Latisha', 'Jefferson', 'Visiting Faculty', '5318372751'),
(103, 'Bryce', 'Valencia', 'Assistant Professor', '2674414118'),
(104, 'Abel', 'Green', 'Assistant Professor', '6515729979'),
(105, 'Kellie', 'Carroll', 'Associate Professor', '9845029921'),
(106, 'Claude', 'Wall', 'Clinical Professor', '8672017271'),
(107, 'Lakeisha', 'Howard', 'Instructor', '7857044285'),
(108, 'Wendell', 'Forbes', 'Visiting Faculty', '626908689'),
(109, 'Perry', 'Campbell', 'Associate Professor', '6876772356'),
(110, 'Jessie', 'Ellis', 'Assistant Professor', '1653849520'),
(111, 'Jayson', 'Fleming', 'Clinical Professor', '7022733631'),
(112, 'Traci', 'Horton', 'Assistant Professor', '812607435'),
(113, 'Eugene', 'Delacruz', 'Instructor', '9502429713'),
(114, 'Dwight', 'Ali', 'Professor', '8329117651'),
(115, 'Karen', 'Farley', 'Assistant Professor', '6925938897'),
(116, 'Marvin', 'Rogers', 'Visiting Faculty', '8950058719'),
(117, 'Sonya', 'Moon', 'Instructor', '2349558289'),
(118, 'Eli', 'Brennan', 'Professor', '1915302216'),
(119, 'Jeanne', 'Moyer', 'Assistant Professor', '4512017046'),
(120, 'Deanna', 'Cuevas', 'Instructor', '4136728508'),
(121, 'Terrance', 'Walter', 'Associate Professor', '8881240981'),
(122, 'Stacy', 'Byrd', 'Assistant Professor', '7709638822'),
(123, 'Adrian', 'Odonnell', 'Associate Professor', '4479182227'),
(124, 'Christina', 'Cox', 'Visiting Faculty', '2152590473'),
(125, 'Gloria', 'Shah', 'Associate Professor', '4559678064'),
(126, 'Derek', 'Gillespie', 'Instructor', '7295864115'),
(127, 'Cecilia', 'Wright', 'Visiting Faculty', '7380927342'),
(128, 'Joy', 'Mejia', 'Associate Professor', '6031897664'),
(129, 'Tasha', 'Friedman', 'Professor', '9664449474'),
(130, 'Bradley', 'Raymond', 'Associate Professor', '7169522660'),
(131, 'George', 'Beasley', 'Assistant Professor', '2646199567'),
(132, 'Rene', 'Tanner', 'Instructor', '9896691767'),
(133, 'Laura', 'Gaines', 'Professor', '1260991789'),
(134, 'Myron', 'Livingston', 'Associate Professor', '5586935325'),
(135, 'Dallas', 'Wells', 'Clinical Professor', '178820652'),
(136, 'Jonathon', 'Love', 'Clinical Professor', '6730161433'),
(137, 'Sonny', 'Horton', 'Assistant Professor', '6478319779'),
(138, 'Julie', 'Rangel', 'Professor', '788252567'),
(139, 'Jennie', 'Mccann', 'Professor', '1807381814'),
(140, 'Cynthia', 'Jenkins', 'Assistant Professor', '1049681906'),
(141, 'Mandy', 'Avery', 'Professor', '1708082390'),
(142, 'Justin', 'Hood', 'Clinical Professor', '3139601465'),
(143, 'Karen', 'Benitez', 'Associate Professor', '929022057'),
(144, 'Jenifer', 'Aguirre', 'Clinical Professor', '1627462772'),
(145, 'Jane', 'Barry', 'Instructor', '3653390833'),
(146, 'Amelia', 'Steele', 'Visiting Faculty', '9790715371'),
(147, 'Stephen', 'Bond', 'Associate Professor', '2862466662'),
(148, 'Ethan', 'Moore', 'Professor', '2758965891'),
(149, 'Neal', 'Clements', 'Professor', '192781072'),
(150, 'Daphne', 'Moreno', 'Associate Professor', '8640385344'),
(151, 'Wendi', 'Moran', 'Clinical Professor', '8549663507'),
(152, 'Celeste', 'Norris', 'Visiting Faculty', '8426880982'),
(153, 'Rebecca', 'Reid', 'Clinical Professor', '6247449203'),
(154, 'Heather', 'Miller', 'Instructor', '1611444404'),
(155, 'Kimberly', 'Decker', 'Professor', '6536649418'),
(156, 'Aaron', 'Ayers', 'Instructor', '5362177295'),
(157, 'Paul', 'Benjamin', 'Professor', '3718317931'),
(158, 'Marshall', 'Mckenzie', 'Visiting Faculty', '3992068105'),
(159, 'Megan', 'Andrews', 'Clinical Professor', '8613323607'),
(160, 'Kirk', 'Wise', 'Assistant Professor', '7673278765'),
(161, 'Isaac', 'Cabrera', 'Professor', '9846065498'),
(162, 'Patricia', 'Boyer', 'Associate Professor', '9872832060'),
(163, 'Joey', 'Kennedy', 'Assistant Professor', '8759434348'),
(164, 'Judith', 'Lawrence', 'Instructor', '192792988'),
(165, 'Bridgett', 'Mack', 'Clinical Professor', '8238742805'),
(166, 'Sidney', 'Brennan', 'Professor', '4524318179'),
(167, 'Doris', 'Christian', 'Professor', '8198716197'),
(168, 'Maribel', 'Rubio', 'Associate Professor', '6323873457'),
(169, 'Eli', 'Rocha', 'Clinical Professor', '4630678387'),
(170, 'Shelly', 'Leon', 'Assistant Professor', '3313386890'),
(171, 'Ismael', 'Meadows', 'Clinical Professor', '8217482406'),
(172, 'Bryce', 'Kidd', 'Visiting Faculty', '2040305355'),
(173, 'Nora', 'Odonnell', 'Instructor', '2858397493'),
(174, 'Dylan', 'Howe', 'Instructor', '4858010848'),
(175, 'Hope', 'Hunter', 'Visiting Faculty', '5958592993'),
(176, 'Sara', 'Myers', 'Professor', '7795459273'),
(177, 'Ty', 'Page', 'Clinical Professor', '4470098963'),
(178, 'Dan', 'Lawrence', 'Associate Professor', '4398673435'),
(179, 'Caroline', 'Chandler', 'Instructor', '237700580'),
(180, 'Carrie', 'Solis', 'Assistant Professor', '8457210248'),
(181, 'Nikki', 'Romero', 'Associate Professor', '610460672'),
(182, 'Margaret', 'Jackson', 'Associate Professor', '9318107374'),
(183, 'David', 'Foley', 'Clinical Professor', '320976329'),
(184, 'Charlie', 'Zamora', 'Visiting Faculty', '3417763787'),
(185, 'Scot', 'De Leon', 'Associate Professor', '3733474340'),
(186, 'Randal', 'Fletcher', 'Visiting Faculty', '8570947678'),
(187, 'Cedric', 'Potter', 'Visiting Faculty', '9715425903'),
(188, 'Marty', 'Kent', 'Associate Professor', '7211679170'),
(189, 'Maria', 'Lane', 'Clinical Professor', '8200544927'),
(190, 'Leonard', 'Sutton', 'Professor', '885791228'),
(191, 'Jayson', 'Pham', 'Visiting Faculty', '1146466960'),
(192, 'Amanda', 'Randolph', 'Instructor', '4922916927'),
(193, 'Chadwick', 'Bryan', 'Clinical Professor', '9170774324'),
(194, 'Melanie', 'Buchanan', 'Visiting Faculty', '7199223078'),
(195, 'Brooke', 'Franco', 'Professor', '3621224409'),
(196, 'Don', 'Willis', 'Visiting Faculty', '8245081032'),
(197, 'Tanya', 'Miranda', 'Assistant Professor', '501084120'),
(198, 'Paul', 'Buck', 'Assistant Professor', '136943913'),
(199, 'Camille', 'Bell', 'Instructor', '7996812798'),
(200, 'Marjorie', 'Torres', 'Visiting Faculty', '9171199668'),
(201, 'Linda', 'Pruitt', 'Assistant Professor', '3895832812'),
(202, 'Alexander', 'Durham', 'Clinical Professor', '4894449339'),
(203, 'Melody', 'May', 'Professor', '393335325'),
(204, 'Emily', 'Marquez', 'Assistant Professor', '562516141'),
(205, 'Milton', 'Wise', 'Associate Professor', '1495677965'),
(206, 'Christy', 'Robbins', 'Professor', '8914724972'),
(207, 'Emma', 'Phelps', 'Visiting Faculty', '7712561931'),
(208, 'Latoya', 'Robles', 'Professor', '5845927247'),
(209, 'Beth', 'Finley', 'Professor', '7804218963'),
(210, 'Mary', 'Buchanan', 'Clinical Professor', '1840871471'),
(211, 'Lindsay', 'Waters', 'Visiting Faculty', '7025667703'),
(212, 'Chadwick', 'Sawyer', 'Instructor', '1038887330'),
(213, 'Freddie', 'Boyd', 'Visiting Faculty', '6904254019'),
(214, 'Alfonso', 'Santana', 'Associate Professor', '9711437724'),
(215, 'Rebecca', 'Hopkins', 'Clinical Professor', '9357990651'),
(216, 'Kareem', 'Drake', 'Visiting Faculty', '7739278063'),
(217, 'Angela', 'Martin', 'Professor', '8762712264'),
(218, 'Alexandra', 'Wise', 'Visiting Faculty', '1910626521'),
(219, 'Troy', 'Mccall', 'Associate Professor', '622860162'),
(220, 'Deana', 'Foster', 'Professor', '8045610820'),
(221, 'Cheryl', 'Guzman', 'Associate Professor', '122376551'),
(222, 'Roberto', 'Mullen', 'Instructor', '7767568240'),
(223, 'Juanita', 'Rich', 'Professor', '5908908548'),
(224, 'Bret', 'Chang', 'Visiting Faculty', '2405838309'),
(225, 'Tera', 'Cowan', 'Instructor', '7339728836'),
(226, 'Rochelle', 'Baird', 'Clinical Professor', '6072222166'),
(227, 'Leigh', 'Strickland', 'Visiting Faculty', '5645002786'),
(228, 'Morgan', 'Soto', 'Professor', '6576652379'),
(229, 'Maggie', 'Duncan', 'Assistant Professor', '8612742571'),
(230, 'Bryce', 'Pollard', 'Instructor', '3583835608'),
(231, 'Iris', 'Golden', 'Assistant Professor', '9183671367'),
(232, 'Randolph', 'Atkins', 'Assistant Professor', '1140033998'),
(233, 'Alberto', 'Wagner', 'Associate Professor', '9659168338'),
(234, 'Neal', 'Schwartz', 'Professor', '381267111'),
(235, 'Shannon', 'Dorsey', 'Clinical Professor', '402947188'),
(236, 'Esteban', 'Mullins', 'Associate Professor', '4088150951'),
(237, 'Karrie', 'Moon', 'Professor', '6124411161'),
(238, 'Trina', 'Montgomery', 'Assistant Professor', '4482038693'),
(239, 'Clay', 'Carr', 'Associate Professor', '575452205'),
(240, 'Kari', 'Ortiz', 'Professor', '3708117197'),
(241, 'Sam', 'Sellers', 'Clinical Professor', '5705284561'),
(242, 'Marco', 'Davila', 'Assistant Professor', '1661776665'),
(243, 'Leo', 'Estes', 'Clinical Professor', '8254729734'),
(244, 'Roberta', 'Durham', 'Clinical Professor', '8741419505'),
(245, 'Marianne', 'Mullen', 'Associate Professor', '2901334661'),
(246, 'Shauna', 'Mckay', 'Instructor', '8879379027'),
(247, 'Sherri', 'Grimes', 'Professor', '2357575281'),
(248, 'Chanda', 'Valentine', 'Assistant Professor', '80785348'),
(249, 'Gerald', 'Daniels', 'Visiting Faculty', '7849710025'),
(250, 'Mark', 'Reed', 'Assistant Professor', '1355802664'),
(251, 'Salvador', 'Knight', 'Associate Professor', '4940007912'),
(252, 'Janelle', 'Bright', 'Instructor', '1080686442'),
(253, 'Victor', 'Kaiser', 'Professor', '6711782123'),
(254, 'Melisa', 'Gamble', 'Visiting Faculty', '2574407953'),
(255, 'Rhonda', 'Bender', 'Professor', '674944293'),
(256, 'Joy', 'Chung', 'Assistant Professor', '3428553342'),
(257, 'Walter', 'Price', 'Visiting Faculty', '248607233'),
(258, 'Alfred', 'Farley', 'Associate Professor', '2963790608'),
(259, 'Becky', 'Ramsey', 'Visiting Faculty', '9852358284'),
(260, 'Joe', 'Lamb', 'Professor', '3232943545'),
(261, 'Latonya', 'Kaufman', 'Assistant Professor', '6245406291'),
(262, 'Glenn', 'Graves', 'Associate Professor', '837733714'),
(263, 'Jess', 'Pena', 'Assistant Professor', '302116298'),
(264, 'Nicole', 'Villegas', 'Associate Professor', '4470449688'),
(265, 'Benjamin', 'Harding', 'Associate Professor', '6205263760'),
(266, 'Sonia', 'Gould', 'Professor', '8065353916'),
(267, 'Dennis', 'Marsh', 'Associate Professor', '7906274913'),
(268, 'Diana', 'Meza', 'Associate Professor', '6247066465'),
(269, 'Ryan', 'Mercer', 'Associate Professor', '4272955611'),
(270, 'Dominick', 'Ali', 'Assistant Professor', '4271406363'),
(271, 'Bobby', 'Knapp', 'Assistant Professor', '74467452'),
(272, 'Gary', 'Glass', 'Visiting Faculty', '2785286323'),
(273, 'Carol', 'Berry', 'Professor', '1528098514'),
(274, 'Jessica', 'Khan', 'Clinical Professor', '7547112205'),
(275, 'Tim', 'Steele', 'Clinical Professor', '4456572129'),
(276, 'Timmy', 'Nunez', 'Visiting Faculty', '4252764319'),
(277, 'Grant', 'Ferrell', 'Instructor', '1182226554'),
(278, 'Devon', 'Villegas', 'Professor', '6724176898'),
(279, 'Lance', 'Whitaker', 'Professor', '2860344513'),
(280, 'Bart', 'Woods', 'Clinical Professor', '666991999'),
(281, 'Philip', 'Craig', 'Instructor', '142809436'),
(282, 'Sonny', 'Boyer', 'Clinical Professor', '2971121057'),
(283, 'Seth', 'Brooks', 'Assistant Professor', '968603269'),
(284, 'Sonny', 'Washington', 'Clinical Professor', '2252227959'),
(285, 'Nathaniel', 'Barr', 'Associate Professor', '8731868168'),
(286, 'Oliver', 'Johns', 'Assistant Professor', '6546128901'),
(287, 'Darryl', 'Brennan', 'Associate Professor', '2509027265'),
(288, 'Tina', 'Patel', 'Assistant Professor', '8221826678'),
(289, 'Leticia', 'Pacheco', 'Clinical Professor', '4698365105'),
(290, 'Darrick', 'Coffey', 'Associate Professor', '6543732964'),
(291, 'Esteban', 'Schwartz', 'Assistant Professor', '1918245507'),
(292, 'Marcos', 'Costa', 'Visiting Faculty', '3890182617'),
(293, 'Rudy', 'Yu', 'Visiting Faculty', '476351709'),
(294, 'Ernest', 'Kerr', 'Professor', '7050403550'),
(295, 'Annie', 'Payne', 'Visiting Faculty', '4693982084'),
(296, 'Julia', 'Walton', 'Assistant Professor', '7250834841'),
(297, 'Rolando', 'Berg', 'Instructor', '7658119902'),
(298, 'Leonardo', 'Hays', 'Visiting Faculty', '1080666832'),
(299, 'Timmy', 'Proctor', 'Assistant Professor', '7627481196'),
(300, 'Leroy', 'Young', 'Professor', '7213497289'),
(301, 'Karin', 'Joseph', 'Associate Professor', '8558234459'),
(302, 'Jon', 'Cantu', 'Instructor', '5479988309'),
(303, 'Jill', 'O''Connell', 'Professor', '8383306210'),
(304, 'Raquel', 'Chambers', 'Clinical Professor', '7277589588'),
(305, 'Danielle', 'Chambers', 'Instructor', '9092514053'),
(306, 'Ismael', 'Gill', 'Visiting Faculty', '1911682615'),
(307, 'Sherry', 'Arias', 'Visiting Faculty', '4038024907'),
(308, 'Julio', 'Lowe', 'Clinical Professor', '6811193800'),
(309, 'Myron', 'Baxter', 'Visiting Faculty', '2984730185'),
(310, 'Damien', 'Pacheco', 'Associate Professor', '5110009948'),
(311, 'Shauna', 'Stuart', 'Visiting Faculty', '9681387217'),
(312, 'Sarah', 'Fox', 'Assistant Professor', '2437276756'),
(313, 'Mia', 'Hopkins', 'Clinical Professor', '9029387670'),
(314, 'Colby', 'Austin', 'Visiting Faculty', '5778997673'),
(315, 'Barbara', 'Duncan', 'Professor', '2158333725'),
(316, 'Joel', 'Sandoval', 'Associate Professor', '7847656018'),
(317, 'Alex', 'Fields', 'Instructor', '5634581744'),
(318, 'Darrin', 'Jimenez', 'Assistant Professor', '3659521112'),
(319, 'Albert', 'Weaver', 'Instructor', '730447701'),
(320, 'Duane', 'Boyd', 'Instructor', '6651902924'),
(321, 'Leroy', 'Grant', 'Instructor', '5635184036'),
(322, 'Nora', 'Cohen', 'Visiting Faculty', '78598606'),
(323, 'Olivia', 'Jennings', 'Associate Professor', '1278108863'),
(324, 'Jeremiah', 'Flores', 'Instructor', '8375199026'),
(325, 'Kimberley', 'Petersen', 'Clinical Professor', '7459270686'),
(326, 'Megan', 'Huber', 'Visiting Faculty', '2581027676'),
(327, 'Clayton', 'Schmitt', 'Clinical Professor', '9642513522'),
(328, 'Keri', 'Clarke', 'Clinical Professor', '4556958467'),
(329, 'Jordan', 'Leon', 'Associate Professor', '1437892119'),
(330, 'Elisa', 'Cantrell', 'Associate Professor', '2459596629'),
(331, 'Jo', 'Stephenson', 'Visiting Faculty', '8182833743'),
(332, 'Denise', 'Harris', 'Clinical Professor', '4294386179'),
(333, 'Cary', 'Key', 'Assistant Professor', '1757109801'),
(334, 'Stuart', 'Roth', 'Clinical Professor', '3596050734'),
(335, 'Jane', 'House', 'Visiting Faculty', '8179016598'),
(336, 'Jolene', 'Shepherd', 'Clinical Professor', '3303890227'),
(337, 'Summer', 'Gaines', 'Instructor', '6330103907'),
(338, 'Cody', 'Buckley', 'Assistant Professor', '19007215'),
(339, 'Chester', 'Valentine', 'Clinical Professor', '5469443746'),
(340, 'Marcia', 'Nunez', 'Visiting Faculty', '7744978934'),
(341, 'Jayson', 'Choi', 'Instructor', '2771256685'),
(342, 'Ricardo', 'Benson', 'Professor', '6332703327'),
(343, 'Harry', 'Velasquez', 'Instructor', '1895332774'),
(344, 'Roberta', 'Cooke', 'Assistant Professor', '2091543301'),
(345, 'Mitchell', 'Martinez', 'Assistant Professor', '5383510769'),
(346, 'Jasmine', 'Boyd', 'Instructor', '5236625941'),
(347, 'Kristen', 'Mathews', 'Assistant Professor', '7334958983'),
(348, 'Latonya', 'Dillon', 'Clinical Professor', '2323320219'),
(349, 'Jami', 'Montoya', 'Instructor', '4814377703'),
(350, 'Alejandro', 'Donaldson', 'Professor', '6332403943'),
(351, 'Fred', 'Mason', 'Visiting Faculty', '811274767'),
(352, 'Jaime', 'Yates', 'Associate Professor', '4515186973'),
(353, 'Kristine', 'Spears', 'Visiting Faculty', '6939763900'),
(354, 'Darrick', 'Hardin', 'Visiting Faculty', '7556690518'),
(355, 'Marisol', 'Avery', 'Professor', '2549435833'),
(356, 'Blake', 'Scott', 'Assistant Professor', '9156144254'),
(357, 'Lester', 'Buchanan', 'Associate Professor', '313125048'),
(358, 'Katie', 'Potts', 'Professor', '5637197829'),
(359, 'Tonya', 'Dorsey', 'Instructor', '443903009'),
(360, 'Howard', 'Ingram', 'Professor', '2020025751'),
(361, 'Sherman', 'Wilkins', 'Assistant Professor', '4445861717'),
(362, 'Ted', 'Lowe', 'Visiting Faculty', '5836329853'),
(363, 'Mario', 'Dougherty', 'Visiting Faculty', '1637854510'),
(364, 'Angie', 'Odonnell', 'Professor', '1202165333'),
(365, 'Roman', 'Sampson', 'Visiting Faculty', '2916997006'),
(366, 'Roman', 'Blanchard', 'Assistant Professor', '3183101918'),
(367, 'Shana', 'Rice', 'Clinical Professor', '4653005670'),
(368, 'Sabrina', 'Dorsey', 'Clinical Professor', '1062048544'),
(369, 'Carey', 'Bowers', 'Instructor', '1289965320'),
(370, 'Marcos', 'Snow', 'Professor', '544009056'),
(371, 'Rickey', 'Poole', 'Assistant Professor', '1330018884'),
(372, 'Demetrius', 'Lloyd', 'Professor', '7387439970'),
(373, 'Charity', 'Shelton', 'Associate Professor', '3352348269'),
(374, 'Trina', 'Horne', 'Professor', '1837633663'),
(375, 'Nora', 'Bates', 'Instructor', '214656786'),
(376, 'Andrea', 'Blanchard', 'Assistant Professor', '5941162527'),
(377, 'Norma', 'Michael', 'Instructor', '1627882116'),
(378, 'Lana', 'Jennings', 'Visiting Faculty', '330551434'),
(379, 'Corey', 'Mitchell', 'Professor', '5697834966'),
(380, 'Moses', 'Luna', 'Clinical Professor', '9857220307'),
(381, 'Julio', 'Howell', 'Professor', '6292862104'),
(382, 'Tiffany', 'Walsh', 'Instructor', '2344785668'),
(383, 'Rhonda', 'Galloway', 'Clinical Professor', '1223801034'),
(384, 'Jodie', 'Bradford', 'Clinical Professor', '7096489894'),
(385, 'Duane', 'Middleton', 'Assistant Professor', '3845227497'),
(386, 'Shanna', 'Fernandez', 'Associate Professor', '1302029808'),
(387, 'Tera', 'Carr', 'Associate Professor', '2923215190'),
(388, 'Oscar', 'Williamson', 'Instructor', '1115092438'),
(389, 'Brent', 'Snow', 'Visiting Faculty', '8119320235'),
(390, 'Alfredo', 'Gentry', 'Clinical Professor', '6632099069'),
(391, 'Bennie', 'Mitchell', 'Assistant Professor', '915824932'),
(392, 'Margarita', 'Stanton', 'Assistant Professor', '5889843346'),
(393, 'Marlon', 'Rodriguez', 'Assistant Professor', '3981543340'),
(394, 'Demond', 'O''Connor', 'Instructor', '4236034187'),
(395, 'Javier', 'Howe', 'Clinical Professor', '7475635384'),
(396, 'Jon', 'Flowers', 'Professor', '7845403211'),
(397, 'Leon', 'Shaffer', 'Assistant Professor', '4217917996'),
(398, 'Rachel', 'Michael', 'Assistant Professor', '7648472552'),
(399, 'Sandra', 'Hunt', 'Instructor', '4602652117'),
(400, 'Andrea', 'Wagner', 'Clinical Professor', '8388557465'),
(401, 'Ralph', 'Murillo', 'Instructor', '6386655493'),
(402, 'Leanne', 'Farley', 'Assistant Professor', '2095316492'),
(403, 'Levi', 'Warren', 'Clinical Professor', '9672389291'),
(404, 'Dylan', 'Rush', 'Visiting Faculty', '5138863582'),
(405, 'Kisha', 'Bush', 'Visiting Faculty', '3319986848'),
(406, 'Gordon', 'Humphrey', 'Associate Professor', '6478938982'),
(407, 'Salvatore', 'Medina', 'Instructor', '651849589'),
(408, 'Tania', 'Mcpherson', 'Associate Professor', '253942230'),
(409, 'Austin', 'Chan', 'Instructor', '9873278239'),
(410, 'Carol', 'Mc Knight', 'Visiting Faculty', '6379939059'),
(411, 'Dustin', 'Carr', 'Visiting Faculty', '9783159574'),
(412, 'Edith', 'Porter', 'Assistant Professor', '5199282195'),
(413, 'Chandra', 'Arias', 'Instructor', '4718252060'),
(414, 'Rex', 'Cross', 'Visiting Faculty', '1317023168'),
(415, 'Clifton', 'Hart', 'Clinical Professor', '2006827849'),
(416, 'Jasmine', 'Fowler', 'Visiting Faculty', '5841301546'),
(417, 'Wendy', 'Reeves', 'Assistant Professor', '9255419565'),
(418, 'Charlene', 'Salazar', 'Assistant Professor', '7875765330'),
(419, 'Jeremy', 'Huerta', 'Assistant Professor', '3795508957'),
(420, 'Omar', 'Macias', 'Professor', '9803875238'),
(421, 'Karl', 'Atkins', 'Professor', '7939291378'),
(422, 'Pete', 'Davila', 'Professor', '598158799'),
(423, 'Dale', 'Richardson', 'Associate Professor', '5315538003'),
(424, 'Wendy', 'Solomon', 'Instructor', '3785377285'),
(425, 'Reginald', 'Marks', 'Assistant Professor', '1281357633'),
(426, 'Nicole', 'Savage', 'Instructor', '1544968830'),
(427, 'Aimee', 'Bauer', 'Visiting Faculty', '6151324178'),
(428, 'Angelo', 'Spence', 'Assistant Professor', '6811541204'),
(429, 'Pedro', 'Butler', 'Professor', '8963587339'),
(430, 'Jami', 'Bartlett', 'Assistant Professor', '9074733761'),
(431, 'Belinda', 'Fletcher', 'Instructor', '7659534340'),
(432, 'Ericka', 'Smith', 'Professor', '1095775303'),
(433, 'Leroy', 'Mills', 'Instructor', '3021017142'),
(434, 'Terra', 'Levy', 'Professor', '7516265364'),
(435, 'Randall', 'Simon', 'Professor', '8413412219'),
(436, 'Karl', 'Manning', 'Visiting Faculty', '4909450130'),
(437, 'Cheri', 'Fisher', 'Instructor', '7717601755'),
(438, 'Darla', 'Wallace', 'Professor', '9122058761'),
(439, 'Kristen', 'Carr', 'Associate Professor', '1912717395'),
(440, 'Toby', 'Griffin', 'Clinical Professor', '5942585485'),
(441, 'Sherrie', 'Johnson', 'Associate Professor', '3539555162'),
(442, 'Noel', 'Vaughn', 'Instructor', '7427395695'),
(443, 'Rex', 'Galvan', 'Clinical Professor', '1334334528'),
(444, 'Lakisha', 'Lester', 'Clinical Professor', '4917707382'),
(445, 'Guadalupe', 'Lara', 'Associate Professor', '5519334209'),
(446, 'Caroline', 'Faulkner', 'Instructor', '3909948055'),
(447, 'Alfonso', 'Ellis', 'Assistant Professor', '1479428726'),
(448, 'Alisha', 'Hancock', 'Visiting Faculty', '8496104073'),
(449, 'Lawrence', 'Peters', 'Instructor', '9825522960'),
(450, 'Celeste', 'Drake', 'Associate Professor', '5682760048'),
(451, 'Cheri', 'Bradley', 'Assistant Professor', '3474095452'),
(452, 'Rex', 'Reid', 'Clinical Professor', '7445206439'),
(453, 'Belinda', 'Rush', 'Clinical Professor', '9708871844'),
(454, 'Robyn', 'Lindsey', 'Assistant Professor', '6071220283'),
(455, 'Clint', 'Hoover', 'Visiting Faculty', '1899381246'),
(456, 'Ramiro', 'Cox', 'Visiting Faculty', '7405026965'),
(457, 'Belinda', 'Frost', 'Clinical Professor', '684146813'),
(458, 'Cheri', 'Tate', 'Professor', '687235795'),
(459, 'Lena', 'Grant', 'Professor', '8148313172'),
(460, 'Renee', 'Nolan', 'Visiting Faculty', '3235910522'),
(461, 'Alonzo', 'Schmidt', 'Visiting Faculty', '4279933371'),
(462, 'Adrian', 'Howell', 'Associate Professor', '8125018015'),
(463, 'Travis', 'Shepard', 'Professor', '9305239988'),
(464, 'Micheal', 'Meadows', 'Professor', '8919681943'),
(465, 'Erika', 'Hancock', 'Visiting Faculty', '1041699065'),
(466, 'Helen', 'Bishop', 'Associate Professor', '4842382268'),
(467, 'Floyd', 'Carney', 'Visiting Faculty', '4663541223'),
(468, 'Megan', 'Faulkner', 'Visiting Faculty', '1858441012'),
(469, 'Amanda', 'Key', 'Assistant Professor', '578761301'),
(470, 'Jerry', 'Mahoney', 'Associate Professor', '1025252084'),
(471, 'Alma', 'Rose', 'Instructor', '2395454973'),
(472, 'Israel', 'Williamson', 'Associate Professor', '4664463498'),
(473, 'Kathryn', 'Johnson', 'Professor', '9714934308'),
(474, 'Latoya', 'Tapia', 'Associate Professor', '5501597882'),
(475, 'Donnell', 'Ibarra', 'Visiting Faculty', '3719955846'),
(476, 'Kara', 'Guerrero', 'Professor', '7903518006'),
(477, 'Lakisha', 'Castillo', 'Professor', '4838255525'),
(478, 'Bobby', 'Robbins', 'Associate Professor', '267697007'),
(479, 'Trina', 'Carlson', 'Assistant Professor', '2187025773'),
(480, 'Stacy', 'Rangel', 'Assistant Professor', '1053744898'),
(481, 'Tonia', 'Cervantes', 'Professor', '4758340490'),
(482, 'Lynn', 'Blanchard', 'Instructor', '2365954815'),
(483, 'Audra', 'Buck', 'Assistant Professor', '3232975428'),
(484, 'Vincent', 'Sweeney', 'Instructor', '4946514049'),
(485, 'Desiree', 'Wilkins', 'Instructor', '258419102'),
(486, 'Ebony', 'Morales', 'Instructor', '348475633'),
(487, 'Chandra', 'Stone', 'Professor', '5302988496'),
(488, 'Teresa', 'Mc Clure', 'Associate Professor', '7677495818'),
(489, 'Joshua', 'Reeves', 'Associate Professor', '165268700'),
(490, 'Chad', 'Byrd', 'Assistant Professor', '1338506191'),
(491, 'Vicky', 'Cline', 'Assistant Professor', '8395999624'),
(492, 'Marisol', 'Hobbs', 'Visiting Faculty', '7918633503'),
(493, 'Louis', 'Daugherty', 'Clinical Professor', '6890733268'),
(494, 'Garrett', 'Nicholson', 'Assistant Professor', '1086177007'),
(495, 'Douglas', 'Bird', 'Associate Professor', '3718863104'),
(496, 'Gabriela', 'Hardin', 'Clinical Professor', '4126404291'),
(497, 'Belinda', 'Cochran', 'Assistant Professor', '8597974558'),
(498, 'Leslie', 'Peterson', 'Visiting Faculty', '7259876574'),
(499, 'Hilary', 'Hughes', 'Professor', '5664130065'),
(500, 'Staci', 'Schultz', 'Instructor', '1785657807'),
(501, 'Rachelle', 'Mcpherson', 'Professor', '489243006'),
(502, 'Erich', 'Carlson', 'Instructor', '3451926916'),
(503, 'Jana', 'Grimes', 'Professor', '828601908'),
(504, 'Candace', 'Yang', 'Assistant Professor', '4107833160'),
(505, 'Otis', 'Wolfe', 'Associate Professor', '475751504'),
(506, 'Jose', 'Downs', 'Professor', '4594585158'),
(507, 'Juan', 'Walters', 'Visiting Faculty', '3266675636'),
(508, 'Monique', 'Murillo', 'Assistant Professor', '3315033840'),
(509, 'Kisha', 'Shah', 'Visiting Faculty', '1162253234'),
(510, 'Elijah', 'Salazar', 'Associate Professor', '4798651593'),
(511, 'Saul', 'Pollard', 'Assistant Professor', '4554164650'),
(512, 'Omar', 'Adkins', 'Visiting Faculty', '1110775665'),
(513, 'Jeremiah', 'Silva', 'Assistant Professor', '8565727073'),
(514, 'Alexis', 'Townsend', 'Assistant Professor', '1880385491'),
(515, 'Kristy', 'Dunn', 'Assistant Professor', '1608943135'),
(516, 'Celeste', 'Byrd', 'Visiting Faculty', '8860355875'),
(517, 'Steven', 'Patrick', 'Visiting Faculty', '2740676668'),
(518, 'Angelina', 'Vargas', 'Associate Professor', '8937545081'),
(519, 'Regina', 'Grant', 'Associate Professor', '6617236700'),
(520, 'Toni', 'Short', 'Visiting Faculty', '7792055697'),
(521, 'Beverly', 'Brooks', 'Professor', '2056500190'),
(522, 'Clay', 'Lowe', 'Professor', '3481277713'),
(523, 'Ross', 'Short', 'Professor', '7649180289'),
(524, 'Jody', 'Vance', 'Instructor', '5035917003'),
(525, 'Krista', 'Mills', 'Visiting Faculty', '7043427329'),
(526, 'Michele', 'Aguirre', 'Professor', '7231027730'),
(527, 'Damian', 'Barker', 'Associate Professor', '1246474816'),
(528, 'Danny', 'Glover', 'Visiting Faculty', '3616171904'),
(529, 'Cesar', 'Booker', 'Clinical Professor', '32132046'),
(530, 'Tracey', 'Kaufman', 'Visiting Faculty', '7164266609'),
(531, 'Bridget', 'Ho', 'Assistant Professor', '2372463724'),
(532, 'Leigh', 'Diaz', 'Associate Professor', '285713578'),
(533, 'Bret', 'Delgado', 'Clinical Professor', '7864208932'),
(534, 'Roderick', 'Hays', 'Assistant Professor', '9094492344'),
(535, 'Jami', 'Fry', 'Associate Professor', '2818016709'),
(536, 'Jerry', 'Bates', 'Associate Professor', '9332487099'),
(537, 'Kathryn', 'Morrison', 'Visiting Faculty', '2965290290'),
(538, 'Cornelius', 'Hale', 'Clinical Professor', '2103855550'),
(539, 'Judy', 'Weber', 'Associate Professor', '9627298110'),
(540, 'Bobbi', 'Cameron', 'Visiting Faculty', '8990311674'),
(541, 'Yvonne', 'Landry', 'Clinical Professor', '393152204'),
(542, 'Freddie', 'Rose', 'Visiting Faculty', '6030920516'),
(543, 'Eduardo', 'Tapia', 'Assistant Professor', '1990512580'),
(544, 'Marianne', 'Chavez', 'Instructor', '9577846076'),
(545, 'Ernesto', 'Swanson', 'Clinical Professor', '8168709554'),
(546, 'Joshua', 'Garza', 'Visiting Faculty', '5344539625'),
(547, 'Rebekah', 'Wise', 'Clinical Professor', '3199116933'),
(548, 'Suzanne', 'Tyler', 'Associate Professor', '1990202112'),
(549, 'Dana', 'Thornton', 'Clinical Professor', '2235343984'),
(550, 'Gilbert', 'Camacho', 'Visiting Faculty', '3283004329'),
(551, 'Christie', 'Carr', 'Professor', '439829908'),
(552, 'Sergio', 'Guerrero', 'Professor', '9860158864'),
(553, 'Adam', 'Moyer', 'Professor', '188093063'),
(554, 'Chandra', 'Wilcox', 'Associate Professor', '9133700106'),
(555, 'Trina', 'Dunn', 'Assistant Professor', '325667141'),
(556, 'Duane', 'Dickerson', 'Instructor', '9858032403'),
(557, 'Franklin', 'Stafford', 'Visiting Faculty', '9389810660'),
(558, 'Tommy', 'Haas', 'Professor', '770827244'),
(559, 'Renee', 'Morrison', 'Visiting Faculty', '228187237'),
(560, 'Elijah', 'Shah', 'Professor', '6052859630'),
(561, 'Sheri', 'Cline', 'Instructor', '2011357821'),
(562, 'Kerry', 'Peck', 'Clinical Professor', '4234342277'),
(563, 'Theodore', 'Ortiz', 'Associate Professor', '5886989785'),
(564, 'Cecilia', 'Cantrell', 'Clinical Professor', '252284317'),
(565, 'Dominic', 'Casey', 'Instructor', '9658437677'),
(566, 'Tammi', 'Bernard', 'Clinical Professor', '3234462123'),
(567, 'Gilbert', 'Marshall', 'Visiting Faculty', '5955739289'),
(568, 'Doris', 'Dean', 'Instructor', '4295718510'),
(569, 'Scot', 'Gates', 'Professor', '6084369456'),
(570, 'Christina', 'Rasmussen', 'Professor', '470449430'),
(571, 'Kevin', 'Reyes', 'Instructor', '5293410252'),
(572, 'Frederick', 'Ferguson', 'Assistant Professor', '5307367724'),
(573, 'Erika', 'Ewing', 'Clinical Professor', '6526568482'),
(574, 'Lillian', 'Villarreal', 'Visiting Faculty', '1542229154'),
(575, 'Kerrie', 'Santana', 'Visiting Faculty', '9425627543'),
(576, 'Trenton', 'Stanton', 'Assistant Professor', '509122098'),
(577, 'Herman', 'Mueller', 'Visiting Faculty', '124725240'),
(578, 'Dwayne', 'Fischer', 'Professor', '2019951712'),
(579, 'Patrick', 'Lowe', 'Instructor', '3183285050'),
(580, 'Andy', 'Lucero', 'Clinical Professor', '7152569268'),
(581, 'Sophia', 'Cooper', 'Clinical Professor', '384053118'),
(582, 'Maria', 'Cisneros', 'Instructor', '1199531417'),
(583, 'Chasity', 'Bryant', 'Visiting Faculty', '6518292516'),
(584, 'Louis', 'Davidson', 'Associate Professor', '5599363413'),
(585, 'Randolph', 'Wilkerson', 'Associate Professor', '428714909'),
(586, 'Alex', 'Pope', 'Associate Professor', '9966790887'),
(587, 'Juanita', 'Hudson', 'Clinical Professor', '7100001593'),
(588, 'Alejandro', 'Barr', 'Assistant Professor', '3565844764'),
(589, 'Curtis', 'Pennington', 'Clinical Professor', '3405400091'),
(590, 'Allison', 'Jacobs', 'Associate Professor', '883654369'),
(591, 'Eileen', 'Wyatt', 'Assistant Professor', '9384487641'),
(592, 'April', 'Guerrero', 'Assistant Professor', '5225688576'),
(593, 'Susana', 'Hamilton', 'Associate Professor', '890304756'),
(594, 'Chasity', 'Chang', 'Clinical Professor', '5361461260'),
(595, 'Rodolfo', 'Rollins', 'Visiting Faculty', '9177063938'),
(596, 'Rochelle', 'Sanchez', 'Instructor', '185661595'),
(597, 'Angelo', 'Wood', 'Professor', '3095283942'),
(598, 'Jamal', 'Rowland', 'Assistant Professor', '5043343459'),
(599, 'Lana', 'Humphrey', 'Clinical Professor', '9396866514'),
(600, 'Joel', 'Patrick', 'Instructor', '42481540'),
(601, 'Christi', 'Gutierrez', 'Clinical Professor', '5085392425'),
(602, 'Doris', 'Hansen', 'Clinical Professor', '5665263416'),
(603, 'Christa', 'Chung', 'Professor', '1127473656'),
(604, 'Kristi', 'Strickland', 'Visiting Faculty', '7565108282'),
(605, 'Kim', 'Calderon', 'Visiting Faculty', '1415632754'),
(606, 'Erik', 'Bell', 'Visiting Faculty', '8880124025'),
(607, 'Craig', 'Parks', 'Professor', '9539352321'),
(608, 'Brent', 'Fuller', 'Assistant Professor', '8267033206'),
(609, 'Alex', 'Fry', 'Visiting Faculty', '7043967799'),
(610, 'Owen', 'Holland', 'Clinical Professor', '2995513999'),
(611, 'Kirsten', 'Olson', 'Professor', '2203366425'),
(612, 'Tia', 'May', 'Associate Professor', '3435768386'),
(613, 'Julian', 'Delacruz', 'Associate Professor', '4410577451'),
(614, 'Lawrence', 'Sandoval', 'Visiting Faculty', '5204712762'),
(615, 'Jocelyn', 'Leblanc', 'Professor', '1338198261'),
(616, 'Lorie', 'Reilly', 'Clinical Professor', '6789791392'),
(617, 'Jerrod', 'Mercado', 'Associate Professor', '1517524473'),
(618, 'Yvonne', 'Raymond', 'Clinical Professor', '4270441375'),
(619, 'Ebony', 'Oliver', 'Assistant Professor', '8220300345'),
(620, 'Joy', 'Holder', 'Associate Professor', '1973133734'),
(621, 'Samuel', 'Beard', 'Instructor', '5782476934'),
(622, 'Reginald', 'Gross', 'Clinical Professor', '3268323538'),
(623, 'Reginald', 'Cobb', 'Instructor', '5235958200'),
(624, 'Alexander', 'Cummings', 'Visiting Faculty', '740387070'),
(625, 'Johanna', 'Sandoval', 'Assistant Professor', '272518570'),
(626, 'Christa', 'Velazquez', 'Associate Professor', '4869522418'),
(627, 'Bernard', 'Bailey', 'Professor', '9001558306'),
(628, 'Dwayne', 'Serrano', 'Instructor', '4972739922'),
(629, 'Kathleen', 'Macias', 'Instructor', '1707536029'),
(630, 'Stacy', 'Eaton', 'Visiting Faculty', '1575681300'),
(631, 'Darcy', 'Meza', 'Professor', '4481764760'),
(632, 'Joe', 'Petersen', 'Clinical Professor', '4318525883'),
(633, 'Anne', 'Weeks', 'Clinical Professor', '5403071896'),
(634, 'Connie', 'Donovan', 'Instructor', '5318142482'),
(635, 'Angelica', 'Cisneros', 'Clinical Professor', '5826061203'),
(636, 'Cynthia', 'Moyer', 'Clinical Professor', '5394220878'),
(637, 'Patrick', 'Gamble', 'Assistant Professor', '7849285833'),
(638, 'Tamika', 'Keith', 'Instructor', '9921135100'),
(639, 'Rick', 'Conway', 'Assistant Professor', '5060592828'),
(640, 'Heath', 'Bond', 'Visiting Faculty', '8555583256'),
(641, 'Isabel', 'Stone', 'Professor', '6457327819'),
(642, 'Dennis', 'Riggs', 'Assistant Professor', '8351943894'),
(643, 'Mitchell', 'Booker', 'Instructor', '5167189410'),
(644, 'Keri', 'Brock', 'Instructor', '9627306476'),
(645, 'Robbie', 'Butler', 'Clinical Professor', '6276577134'),
(646, 'Donald', 'Benson', 'Professor', '149369862'),
(647, 'Andrew', 'Gilmore', 'Clinical Professor', '5396954556'),
(648, 'Ian', 'Bender', 'Assistant Professor', '5384953917'),
(649, 'Jake', 'Johns', 'Instructor', '3004100329'),
(650, 'Meredith', 'Rice', 'Visiting Faculty', '3956827228'),
(651, 'Shirley', 'Joseph', 'Associate Professor', '6634705558'),
(652, 'Kenneth', 'Dean', 'Clinical Professor', '4610626617'),
(653, 'Brandy', 'Mercado', 'Instructor', '3447784327'),
(654, 'Bill', 'Clay', 'Visiting Faculty', '5843964692'),
(655, 'Jared', 'Finley', 'Clinical Professor', '6539254659'),
(656, 'Anna', 'Lam', 'Instructor', '7092980457'),
(657, 'Curtis', 'Bullock', 'Clinical Professor', '2078541273'),
(658, 'Sherri', 'Owen', 'Associate Professor', '272881654'),
(659, 'Terry', 'Rose', 'Professor', '9311820435'),
(660, 'Ernesto', 'Morse', 'Professor', '528269549'),
(661, 'Clifton', 'Johnson', 'Associate Professor', '6964235036'),
(662, 'Alberto', 'Pennington', 'Professor', '8077358335'),
(663, 'Kim', 'Sweeney', 'Assistant Professor', '2868652309'),
(664, 'Kristian', 'Robertson', 'Instructor', '1145894519'),
(665, 'Melanie', 'Carrillo', 'Visiting Faculty', '1485349575'),
(666, 'Herbert', 'Horn', 'Clinical Professor', '7017702393'),
(667, 'Toby', 'Aguirre', 'Associate Professor', '4513505014'),
(668, 'Ruth', 'Arroyo', 'Associate Professor', '6446781958'),
(669, 'Ashley', 'Tate', 'Visiting Faculty', '3901848951'),
(670, 'Carey', 'Schmitt', 'Clinical Professor', '2419010530'),
(671, 'Lakeisha', 'Walls', 'Associate Professor', '2446591196'),
(672, 'Henry', 'Anderson', 'Assistant Professor', '2905994319'),
(673, 'Lara', 'Patterson', 'Associate Professor', '5783786924'),
(674, 'Otis', 'Marks', 'Instructor', '9263158171'),
(675, 'Cornelius', 'Pugh', 'Clinical Professor', '3020240167'),
(676, 'Jamison', 'Leach', 'Associate Professor', '2750849783'),
(677, 'Joshua', 'Hogan', 'Professor', '9395113729'),
(678, 'Tameka', 'Ritter', 'Instructor', '9050929842'),
(679, 'Melinda', 'Brewer', 'Assistant Professor', '9763333083'),
(680, 'Maurice', 'Downs', 'Associate Professor', '5639358370'),
(681, 'Christine', 'Mc Donald', 'Professor', '9045431379'),
(682, 'Janine', 'Williamson', 'Assistant Professor', '8689653621'),
(683, 'Jenna', 'Church', 'Clinical Professor', '703934263'),
(684, 'Denise', 'Mc Bride', 'Professor', '3912685922'),
(685, 'Clay', 'Sutton', 'Professor', '514184631'),
(686, 'Eduardo', 'Bruce', 'Clinical Professor', '7674233539'),
(687, 'Glen', 'Haley', 'Clinical Professor', '6327888758'),
(688, 'Jeff', 'Myers', 'Associate Professor', '4482728180'),
(689, 'Kristi', 'Terrell', 'Instructor', '809755448'),
(690, 'Andre', 'Burns', 'Clinical Professor', '5218167853'),
(691, 'Victoria', 'Porter', 'Instructor', '5622457980'),
(692, 'Crystal', 'Bauer', 'Clinical Professor', '8280411009'),
(693, 'Sammy', 'Owen', 'Assistant Professor', '7480541877'),
(694, 'Brady', 'Archer', 'Professor', '9363383387'),
(695, 'Elisabeth', 'Dickerson', 'Professor', '1296186044'),
(696, 'Clint', 'Cross', 'Clinical Professor', '3614024874'),
(697, 'Curtis', 'Mckinney', 'Instructor', '7011053177'),
(698, 'Jon', 'Mc Intyre', 'Instructor', '5922239296'),
(699, 'Ian', 'Cook', 'Clinical Professor', '7504194882'),
(700, 'Thomas', 'Shaffer', 'Clinical Professor', '3974384341'),
(701, 'Brooke', 'Blackburn', 'Visiting Faculty', '5017172006'),
(702, 'Juan', 'Shah', 'Visiting Faculty', '6710408470'),
(703, 'Anita', 'Luna', 'Instructor', '6762566986'),
(704, 'Kathleen', 'Mccall', 'Visiting Faculty', '6468637113'),
(705, 'Rochelle', 'Griffith', 'Professor', '26474969'),
(706, 'Susana', 'Padilla', 'Instructor', '4088247567'),
(707, 'Gilbert', 'Crawford', 'Visiting Faculty', '606495569'),
(708, 'Mickey', 'Hall', 'Clinical Professor', '4904011387'),
(709, 'Jody', 'Bernard', 'Assistant Professor', '9825683094'),
(710, 'Keri', 'Washington', 'Visiting Faculty', '1085297595'),
(711, 'Colby', 'Lawrence', 'Visiting Faculty', '5643125172'),
(712, 'Bryant', 'Hardin', 'Clinical Professor', '9009079122'),
(713, 'Elizabeth', 'Garza', 'Instructor', '6753371275'),
(714, 'Robbie', 'Aguilar', 'Instructor', '7289162857'),
(715, 'Carmen', 'Melton', 'Instructor', '8885165484'),
(716, 'Tammy', 'Ellison', 'Visiting Faculty', '3548352433'),
(717, 'Clint', 'Burch', 'Clinical Professor', '1628934854'),
(718, 'Nichole', 'Perry', 'Associate Professor', '5807917004'),
(719, 'Sonny', 'Avery', 'Assistant Professor', '2133539922'),
(720, 'Luis', 'Huber', 'Visiting Faculty', '8007937610'),
(721, 'Jamal', 'Meadows', 'Instructor', '3106297239'),
(722, 'Reginald', 'Chang', 'Clinical Professor', '138890108'),
(723, 'Simon', 'Sanford', 'Assistant Professor', '1095252135'),
(724, 'Jake', 'Estrada', 'Assistant Professor', '388798172'),
(725, 'Kristi', 'Hendricks', 'Professor', '3069051882'),
(726, 'Jami', 'Frazier', 'Associate Professor', '490098629'),
(727, 'Sheryl', 'Cain', 'Clinical Professor', '2908128499'),
(728, 'Nora', 'Crawford', 'Clinical Professor', '2005997430'),
(729, 'Rusty', 'Ramirez', 'Assistant Professor', '7224337528'),
(730, 'Leonard', 'Hines', 'Clinical Professor', '7990987849'),
(731, 'Miguel', 'Reeves', 'Assistant Professor', '2924713043'),
(732, 'Bryce', 'Sexton', 'Professor', '5655892915'),
(733, 'Josephine', 'Kaufman', 'Visiting Faculty', '3233751342'),
(734, 'Latoya', 'Middleton', 'Assistant Professor', '4728483121'),
(735, 'Brett', 'Kennedy', 'Assistant Professor', '6959004933'),
(736, 'Wallace', 'Ortega', 'Assistant Professor', '6752133239'),
(737, 'Kimberly', 'Mullen', 'Visiting Faculty', '6630081571'),
(738, 'Carrie', 'Harrison', 'Associate Professor', '3117897049'),
(739, 'Jimmie', 'Marshall', 'Instructor', '1897204354'),
(740, 'Guadalupe', 'Gay', 'Associate Professor', '3571838133'),
(741, 'Douglas', 'Miranda', 'Associate Professor', '4995909999'),
(742, 'Angelica', 'Rush', 'Clinical Professor', '5047565432'),
(743, 'Ginger', 'Watkins', 'Visiting Faculty', '6607687095'),
(744, 'Stacey', 'Mays', 'Clinical Professor', '6386752239'),
(745, 'Raymond', 'Cherry', 'Associate Professor', '8765562406'),
(746, 'Gwendolyn', 'Stevenson', 'Visiting Faculty', '3060438301'),
(747, 'Tim', 'Reid', 'Professor', '5654638157'),
(748, 'Miguel', 'Pearson', 'Assistant Professor', '4918774574'),
(749, 'Melissa', 'Parks', 'Associate Professor', '9543689918'),
(750, 'Elizabeth', 'Farley', 'Assistant Professor', '3388090474'),
(751, 'Walter', 'Marsh', 'Clinical Professor', '2341797798'),
(752, 'Joanna', 'Soto', 'Associate Professor', '9969053459'),
(753, 'Alejandro', 'Waller', 'Professor', '7451653537'),
(754, 'Kara', 'Bradley', 'Associate Professor', '3985860084'),
(755, 'Shannon', 'Reilly', 'Clinical Professor', '7869820468'),
(756, 'Isabel', 'Paul', 'Visiting Faculty', '3384377697'),
(757, 'Olga', 'Bird', 'Clinical Professor', '7253748735'),
(758, 'Vivian', 'Reyes', 'Associate Professor', '5544174324'),
(759, 'Nathan', 'Anderson', 'Assistant Professor', '5641600984'),
(760, 'Charles', 'Flores', 'Instructor', '9495507264'),
(761, 'Jana', 'Potts', 'Visiting Faculty', '8089311728'),
(762, 'Grace', 'Smith', 'Assistant Professor', '6456582309'),
(763, 'Dexter', 'Davies', 'Assistant Professor', '7384758017'),
(764, 'Byron', 'Farmer', 'Assistant Professor', '5236658623'),
(765, 'Frances', 'Reilly', 'Professor', '676826883'),
(766, 'Joseph', 'Kramer', 'Associate Professor', '5353360614'),
(767, 'Pete', 'Clements', 'Associate Professor', '3476546922'),
(768, 'Rachelle', 'Hampton', 'Professor', '3573431240'),
(769, 'Liza', 'Price', 'Associate Professor', '9690604847'),
(770, 'Carl', 'Wolfe', 'Associate Professor', '2944359181'),
(771, 'Jerrod', 'Church', 'Clinical Professor', '6021386896'),
(772, 'Esteban', 'Morse', 'Visiting Faculty', '6136312492'),
(773, 'Sherri', 'Braun', 'Assistant Professor', '1435089071'),
(774, 'Candy', 'Mullen', 'Professor', '1870526460'),
(775, 'Gilberto', 'Todd', 'Professor', '5995391407'),
(776, 'Noah', 'Sanford', 'Instructor', '8711572356'),
(777, 'Shawna', 'Bradley', 'Professor', '3020685885'),
(778, 'Shannon', 'Gray', 'Associate Professor', '4234687549'),
(779, 'Charles', 'Barber', 'Professor', '1256479916'),
(780, 'Nicole', 'Erickson', 'Assistant Professor', '4838311463'),
(781, 'Cherie', 'Collins', 'Professor', '8864854543'),
(782, 'Ralph', 'Jacobs', 'Associate Professor', '3713121944'),
(783, 'Benny', 'Raymond', 'Visiting Faculty', '747995963'),
(784, 'Ethan', 'Castro', 'Instructor', '3162899457'),
(785, 'John', 'Zavala', 'Clinical Professor', '4099117834'),
(786, 'Ira', 'Coleman', 'Clinical Professor', '4448508132'),
(787, 'Evan', 'Sampson', 'Instructor', '5502824888'),
(788, 'Steven', 'Santana', 'Associate Professor', '4272243510'),
(789, 'Terri', 'Osborn', 'Assistant Professor', '9639545565'),
(790, 'Ericka', 'Odonnell', 'Visiting Faculty', '4115501802'),
(791, 'Jasmine', 'Fletcher', 'Assistant Professor', '1710818628'),
(792, 'Jerry', 'Conrad', 'Associate Professor', '3366007333'),
(793, 'Howard', 'Cole', 'Instructor', '6087234723'),
(794, 'Kelli', 'Howard', 'Clinical Professor', '7495911611'),
(795, 'Toni', 'Vasquez', 'Assistant Professor', '214782189'),
(796, 'Brett', 'Miranda', 'Instructor', '576452581'),
(797, 'Jimmie', 'Benton', 'Associate Professor', '4223662191'),
(798, 'Bryce', 'Randolph', 'Professor', '4543069692'),
(799, 'Gerald', 'Perez', 'Instructor', '6616313597'),
(800, 'Eddie', 'Barton', 'Instructor', '1244880067'),
(801, 'Megan', 'Guerra', 'Associate Professor', '7516310034'),
(802, 'Daniel', 'Bentley', 'Clinical Professor', '6969579311'),
(803, 'Guillermo', 'Elliott', 'Professor', '476495648'),
(804, 'Evelyn', 'Cowan', 'Clinical Professor', '5552022860'),
(805, 'Irma', 'Travis', 'Assistant Professor', '1971932744'),
(806, 'Dominic', 'Lozano', 'Professor', '8502219107'),
(807, 'Suzanne', 'Pena', 'Instructor', '825153067'),
(808, 'Victor', 'Green', 'Clinical Professor', '4558072782'),
(809, 'Jennifer', 'Ho', 'Professor', '3917708514'),
(810, 'Laurie', 'Coffey', 'Clinical Professor', '3884427635'),
(811, 'Autumn', 'Bradley', 'Associate Professor', '9030357640'),
(812, 'Dena', 'Rosario', 'Assistant Professor', '9749497897'),
(813, 'Patrick', 'Villanueva', 'Clinical Professor', '4082777960'),
(814, 'Douglas', 'Suarez', 'Clinical Professor', '7822445432'),
(815, 'Anita', 'Williams', 'Visiting Faculty', '9572409511'),
(816, 'Terry', 'York', 'Associate Professor', '7387846131'),
(817, 'Charlene', 'Medina', 'Visiting Faculty', '4305447165'),
(818, 'Michele', 'Mahoney', 'Assistant Professor', '2082147044'),
(819, 'Brendan', 'Marsh', 'Associate Professor', '5734419671'),
(820, 'Benny', 'Eaton', 'Clinical Professor', '6772165458'),
(821, 'Guillermo', 'Camacho', 'Associate Professor', '1772549624'),
(822, 'Jodie', 'Alvarez', 'Instructor', '2413174708'),
(823, 'Rodney', 'Norman', 'Assistant Professor', '3762752382'),
(824, 'Peter', 'Dawson', 'Assistant Professor', '1610549282'),
(825, 'Vernon', 'Cowan', 'Visiting Faculty', '4169692610'),
(826, 'Iris', 'Patterson', 'Visiting Faculty', '5910309007'),
(827, 'Dewayne', 'Marks', 'Instructor', '5335862495'),
(828, 'Max', 'Cordova', 'Assistant Professor', '1399960449'),
(829, 'Diana', 'Escobar', 'Assistant Professor', '5210591518'),
(830, 'Ann', 'Ferrell', 'Professor', '3325241700'),
(831, 'Juanita', 'Baker', 'Associate Professor', '9942407'),
(832, 'Janette', 'Goodman', 'Clinical Professor', '3508806337'),
(833, 'Elena', 'Parker', 'Associate Professor', '2455055826'),
(834, 'Alfred', 'Krause', 'Professor', '2478158952'),
(835, 'Anita', 'Mc Connell', 'Clinical Professor', '2917677979'),
(836, 'Miriam', 'Carr', 'Clinical Professor', '236836615'),
(837, 'Duane', 'Scott', 'Clinical Professor', '2265018680'),
(838, 'Perry', 'Avery', 'Visiting Faculty', '6954911380'),
(839, 'Kara', 'Lawson', 'Associate Professor', '7962094533'),
(840, 'Duane', 'Armstrong', 'Visiting Faculty', '7725572370'),
(841, 'Ramiro', 'David', 'Professor', '1359823201'),
(842, 'Edwin', 'Hurley', 'Instructor', '7193112479'),
(843, 'Teddy', 'Petty', 'Clinical Professor', '3365958572'),
(844, 'Glenda', 'Butler', 'Assistant Professor', '5105297560'),
(845, 'Jordan', 'Roth', 'Professor', '5919825968'),
(846, 'Judy', 'Robles', 'Instructor', '635296008'),
(847, 'Lance', 'Reyes', 'Professor', '4957043588'),
(848, 'Nakia', 'Osborne', 'Instructor', '9031451388'),
(849, 'Norma', 'Gomez', 'Associate Professor', '4019113379'),
(850, 'Joni', 'Wilcox', 'Professor', '5311402846'),
(851, 'Arthur', 'Welch', 'Professor', '6395676434'),
(852, 'Heather', 'Nguyen', 'Instructor', '7757608164'),
(853, 'Justin', 'Wade', 'Visiting Faculty', '3791725800'),
(854, 'Marlon', 'Zimmerman', 'Instructor', '249827347'),
(855, 'Anitra', 'Pugh', 'Assistant Professor', '7581382075'),
(856, 'Esteban', 'Sherman', 'Associate Professor', '5249456859'),
(857, 'Anitra', 'Erickson', 'Associate Professor', '8263549737'),
(858, 'Alan', 'Clements', 'Visiting Faculty', '7131632015'),
(859, 'Carolyn', 'Cooke', 'Professor', '116274666'),
(860, 'Robyn', 'Blevins', 'Instructor', '2124146368'),
(861, 'Willie', 'Sanders', 'Associate Professor', '8642505288'),
(862, 'Donnell', 'Cross', 'Associate Professor', '64704156'),
(863, 'Jeremiah', 'Shelton', 'Associate Professor', '17533158'),
(864, 'Rosemary', 'Frederick', 'Instructor', '678370462'),
(865, 'Darnell', 'Blevins', 'Assistant Professor', '9714905070'),
(866, 'Lillian', 'Randolph', 'Associate Professor', '3509156477'),
(867, 'Jerrod', 'Bentley', 'Professor', '1816516589'),
(868, 'Guadalupe', 'Frost', 'Visiting Faculty', '5785060234'),
(869, 'Anne', 'Frye', 'Instructor', '4792477156'),
(870, 'Scott', 'Weeks', 'Assistant Professor', '2960276721'),
(871, 'Gavin', 'Davenport', 'Professor', '7096850393'),
(872, 'Javier', 'Terry', 'Instructor', '4246387672'),
(873, 'Ross', 'Wall', 'Professor', '1629607625'),
(874, 'Natalie', 'Barrett', 'Visiting Faculty', '6136638578'),
(875, 'Garrett', 'Frye', 'Instructor', '9374187881'),
(876, 'Audra', 'Blackburn', 'Associate Professor', '2285226785'),
(877, 'Angelia', 'Knight', 'Instructor', '841507667'),
(878, 'Shanda', 'Baldwin', 'Clinical Professor', '1702404191'),
(879, 'Edward', 'Shah', 'Professor', '5696840004'),
(880, 'Adrian', 'Mc Bride', 'Instructor', '2155191516'),
(881, 'Amelia', 'Gonzalez', 'Associate Professor', '3587519494'),
(882, 'Beverly', 'Arnold', 'Clinical Professor', '8386052979'),
(883, 'Leslie', 'Gould', 'Clinical Professor', '7161764954'),
(884, 'Gordon', 'Medina', 'Associate Professor', '4246592651'),
(885, 'Damon', 'Velez', 'Clinical Professor', '1186167065'),
(886, 'Robyn', 'Gamble', 'Assistant Professor', '1874255219'),
(887, 'Jerome', 'Ramos', 'Associate Professor', '1094026532'),
(888, 'Helen', 'Mosley', 'Assistant Professor', '4792773178'),
(889, 'Efrain', 'West', 'Visiting Faculty', '2538729633'),
(890, 'Lana', 'Barber', 'Visiting Faculty', '5303418758'),
(891, 'Johnny', 'Sanford', 'Visiting Faculty', '3298168790'),
(892, 'Morgan', 'Castro', 'Associate Professor', '6991632327'),
(893, 'Teri', 'Avery', 'Assistant Professor', '3617873041'),
(894, 'Kristina', 'Chandler', 'Assistant Professor', '1735058213'),
(895, 'Bridgette', 'Hayes', 'Associate Professor', '8548608914'),
(896, 'Lara', 'Duran', 'Visiting Faculty', '1398545635'),
(897, 'Lamont', 'Lindsey', 'Assistant Professor', '2204919132'),
(898, 'Zachary', 'Henry', 'Clinical Professor', '7068129276'),
(899, 'Joy', 'Mendez', 'Instructor', '6829154703'),
(900, 'Clifton', 'Pruitt', 'Instructor', '1391597371'),
(901, 'Darius', 'Eaton', 'Visiting Faculty', '1230283286'),
(902, 'Donna', 'Craig', 'Associate Professor', '2632599957'),
(903, 'Anitra', 'York', 'Instructor', '2665419351'),
(904, 'Alisa', 'Powers', 'Visiting Faculty', '7420043325'),
(905, 'Leo', 'Forbes', 'Instructor', '2242850244'),
(906, 'Frankie', 'Bray', 'Professor', '3513717401'),
(907, 'Kenneth', 'Lang', 'Assistant Professor', '4213432967'),
(908, 'Hope', 'Rodriguez', 'Instructor', '7672837960'),
(909, 'Neal', 'Yates', 'Clinical Professor', '5457303282'),
(910, 'Linda', 'Bright', 'Clinical Professor', '116549470'),
(911, 'Tameka', 'Vargas', 'Associate Professor', '2743479998'),
(912, 'Douglas', 'Shea', 'Associate Professor', '2763947226'),
(913, 'Margarita', 'Taylor', 'Associate Professor', '1669731386'),
(914, 'Angelique', 'Shaffer', 'Professor', '3452113755'),
(915, 'Gloria', 'Valentine', 'Associate Professor', '7584203163'),
(916, 'Claude', 'Montes', 'Associate Professor', '1574776086'),
(917, 'Ross', 'Poole', 'Professor', '589190766'),
(918, 'Maurice', 'Webb', 'Instructor', '6682870671'),
(919, 'Elton', 'Peterson', 'Instructor', '7864981515'),
(920, 'Ellen', 'Ali', 'Clinical Professor', '5417151156'),
(921, 'Herbert', 'Beasley', 'Instructor', '878163118'),
(922, 'Marci', 'Wallace', 'Assistant Professor', '6741642318'),
(923, 'Roman', 'Koch', 'Clinical Professor', '6676149070'),
(924, 'Bradley', 'Leon', 'Professor', '863934715'),
(925, 'Anne', 'Nixon', 'Instructor', '8285525986'),
(926, 'Barry', 'Higgins', 'Instructor', '467646520'),
(927, 'Corey', 'Pham', 'Associate Professor', '2538612272'),
(928, 'Myron', 'Ryan', 'Assistant Professor', '2868858898'),
(929, 'Angie', 'Patel', 'Associate Professor', '4056672664'),
(930, 'Donnie', 'Wolf', 'Clinical Professor', '2582844670'),
(931, 'Lauren', 'Benson', 'Instructor', '4416421000'),
(932, 'Clinton', 'Murphy', 'Visiting Faculty', '1481916009'),
(933, 'Sidney', 'Bryant', 'Professor', '474711248'),
(934, 'Shari', 'Ortiz', 'Associate Professor', '2135887945'),
(935, 'Rose', 'Dunlap', 'Professor', '7994043800'),
(936, 'Benny', 'Orr', 'Clinical Professor', '2942307935'),
(937, 'Kathleen', 'Sweeney', 'Clinical Professor', '2194359113'),
(938, 'Benny', 'Cardenas', 'Associate Professor', '4403305928'),
(939, 'Edith', 'Hawkins', 'Assistant Professor', '1439528290'),
(940, 'Andre', 'Pineda', 'Visiting Faculty', '7567359607'),
(941, 'Loretta', 'Mc Guire', 'Instructor', '552751159'),
(942, 'Ron', 'Simmons', 'Associate Professor', '5191086523'),
(943, 'Tina', 'Ray', 'Assistant Professor', '8237224731'),
(944, 'Tia', 'Ford', 'Visiting Faculty', '2553037443'),
(945, 'Tabatha', 'Hicks', 'Professor', '970339240'),
(946, 'Jose', 'Schmitt', 'Associate Professor', '3684648330'),
(947, 'Brandy', 'Gardner', 'Instructor', '2967882360'),
(948, 'Kristy', 'Neal', 'Professor', '9892157676'),
(949, 'Miguel', 'Clayton', 'Clinical Professor', '8945330349'),
(950, 'Alan', 'Willis', 'Instructor', '6102206525'),
(951, 'Zachary', 'O''Connell', 'Assistant Professor', '2513939880'),
(952, 'Milton', 'Mckinney', 'Assistant Professor', '2684434396'),
(953, 'Bart', 'Gray', 'Professor', '4633150775'),
(954, 'Bryan', 'Cortez', 'Instructor', '5573299497'),
(955, 'Scott', 'Flores', 'Instructor', '7222184747'),
(956, 'Adriana', 'Houston', 'Clinical Professor', '6528038708'),
(957, 'Jamey', 'Hutchinson', 'Associate Professor', '6682454322'),
(958, 'Myron', 'Wallace', 'Visiting Faculty', '6718385427'),
(959, 'Jared', 'Juarez', 'Instructor', '8374294109'),
(960, 'Virgil', 'Hensley', 'Instructor', '9221084626'),
(961, 'Morgan', 'Chang', 'Instructor', '7912675144'),
(962, 'Chrystal', 'Jennings', 'Clinical Professor', '9325123653'),
(963, 'Sophia', 'Fry', 'Assistant Professor', '1927525003'),
(964, 'Yvette', 'Cooper', 'Instructor', '3280871502'),
(965, 'Tami', 'Koch', 'Clinical Professor', '1463675840'),
(966, 'Tammie', 'Boyd', 'Assistant Professor', '9243277959'),
(967, 'Keisha', 'Moyer', 'Clinical Professor', '6503213781'),
(968, 'Louis', 'Hester', 'Clinical Professor', '4604339586'),
(969, 'Megan', 'Mac Donald', 'Clinical Professor', '7544049184'),
(970, 'Darryl', 'Hayes', 'Associate Professor', '2964528158'),
(971, 'Roger', 'Leonard', 'Professor', '2580234629'),
(972, 'Ralph', 'White', 'Visiting Faculty', '8794130303'),
(973, 'Jody', 'Terrell', 'Associate Professor', '2453858882'),
(974, 'Belinda', 'Soto', 'Clinical Professor', '6133467564'),
(975, 'Casey', 'Doyle', 'Clinical Professor', '4551840954'),
(976, 'Kenneth', 'Kirby', 'Assistant Professor', '4438014262'),
(977, 'George', 'Maddox', 'Clinical Professor', '6789953037'),
(978, 'Trenton', 'Nicholson', 'Professor', '712749187'),
(979, 'Robin', 'Vaughn', 'Instructor', '5242982615'),
(980, 'Sidney', 'Mc Knight', 'Associate Professor', '6854020318'),
(981, 'Alvin', 'Kelley', 'Instructor', '9805063323'),
(982, 'Catherine', 'Boyd', 'Clinical Professor', '4851911549'),
(983, 'Alicia', 'Cline', 'Assistant Professor', '7548229006'),
(984, 'Bart', 'Hatfield', 'Associate Professor', '1874376362'),
(985, 'Joanne', 'Bryan', 'Associate Professor', '1772562177'),
(986, 'Luis', 'Chaney', 'Associate Professor', '9147518257'),
(987, 'Curtis', 'Chaney', 'Assistant Professor', '1201830541'),
(988, 'Cecilia', 'Hardin', 'Associate Professor', '5937953621'),
(989, 'Sherrie', 'Adams', 'Associate Professor', '34204470'),
(990, 'Lawanda', 'Burton', 'Clinical Professor', '9305020269'),
(991, 'Cornelius', 'Reed', 'Assistant Professor', '5216807317'),
(992, 'Maurice', 'Gibbs', 'Professor', '2154580184'),
(993, 'Marcella', 'Henderson', 'Associate Professor', '2857636816'),
(994, 'Daryl', 'Pittman', 'Assistant Professor', '9030827049'),
(995, 'Willie', 'Chandler', 'Visiting Faculty', '170236197'),
(996, 'Leah', 'Black', 'Instructor', '5323446838'),
(997, 'Shaun', 'Little', 'Instructor', '258115200'),
(998, 'Roger', 'Snyder', 'Assistant Professor', '8228343832'),
(999, 'Garrett', 'Bowers', 'Visiting Faculty', '9412471101'),
(1000, 'Darlene', 'Osborn', 'Assistant Professor', '8540145233');

INSERT INTO section (SectionID, CourseID, EnrollmentLimit, EmpID) VALUES
(1, 73, 99, 818),
(2, 82, 123, 559),
(3, 77, 146, 2),
(4, 55, 59, 443),
(5, 20, 165, 274),
(6, 56, 224, 468),
(7, 92, 181, 470),
(8, 43, 110, 31),
(9, 98, 195, 996),
(10, 26, 160, 315),
(11, 29, 81, 849),
(12, 46, 250, 33),
(13, 63, 119, 527),
(14, 45, 170, 688),
(15, 99, 218, 82),
(16, 3, 222, 454),
(17, 86, 161, 989),
(18, 100, 228, 763),
(19, 66, 167, 382),
(20, 30, 146, 958),
(21, 80, 187, 716),
(22, 83, 205, 5),
(23, 97, 10, 795),
(24, 4, 193, 458),
(25, 67, 210, 222),
(26, 49, 160, 719),
(27, 91, 21, 488),
(28, 64, 56, 879),
(29, 50, 97, 736),
(30, 8, 73, 680),
(31, 17, 92, 219),
(32, 40, 249, 897),
(33, 27, 160, 839),
(34, 96, 114, 645),
(35, 60, 127, 220),
(36, 72, 12, 482),
(37, 2, 61, 720),
(38, 35, 45, 101),
(39, 32, 170, 26),
(40, 93, 209, 906),
(41, 47, 98, 477),
(42, 69, 173, 326),
(43, 11, 232, 469),
(44, 23, 53, 810),
(45, 87, 190, 765),
(46, 75, 30, 295),
(47, 31, 75, 664),
(48, 41, 238, 287),
(49, 13, 194, 223),
(50, 19, 68, 69),
(51, 38, 79, 694),
(52, 70, 84, 928),
(53, 58, 75, 929),
(54, 44, 172, 901),
(55, 15, 246, 94),
(56, 85, 144, 107),
(57, 79, 123, 954),
(58, 68, 203, 149),
(59, 84, 100, 570),
(60, 59, 14, 619),
(61, 53, 213, NULL),
(62, 16, 135, 851),
(63, 89, 23, 282),
(64, 88, 132, 959),
(65, 7, 77, 388),
(66, 76, 83, 281),
(67, 12, 99, 532),
(68, 54, 15, 65),
(69, 74, 52, 847),
(70, 18, 216, 105),
(71, 95, 171, 402),
(72, 36, 125, 131),
(73, 52, 67, 616),
(74, 61, 208, 686),
(75, 71, 57, 173),
(76, 6, 23, 610),
(77, 57, 223, 998),
(78, 51, 208, 64),
(79, 9, 13, 843),
(80, 90, 190, 646),
(81, 14, 95, 971),
(82, 34, 33, 513),
(83, 37, 112, 814),
(84, 24, 39, 576),
(85, 48, 245, 673),
(86, 33, 18, 302),
(87, 78, 184, 466),
(88, 65, 239, 217),
(89, 62, 118, 231),
(90, 42, 234, 447),
(91, 94, 140, 20),
(92, 10, 108, 817),
(93, 25, 196, 914),
(94, 28, 166, 510),
(95, 5, 246, 994),
(96, 21, 213, 654),
(97, 81, 160, 968),
(98, 1, 110, 773),
(99, 22, 226, 421),
(100, 39, 117, 886),
(101, 73, 182, 256),
(102, 82, 69, 898),
(103, 77, 196, 883),
(104, 55, 228, 786),
(105, 20, 147, 353),
(106, 56, 204, 34),
(107, 92, 26, 122),
(108, 43, 117, 497),
(109, 98, 125, 262),
(110, 26, 232, 243),
(111, 29, 171, 134),
(112, 46, 165, 560),
(113, 63, 199, 342),
(114, 45, 160, 98),
(115, 99, 169, 711),
(116, 3, 190, 652),
(117, 86, 32, 265),
(118, 100, 235, 196),
(119, 66, 138, 492),
(120, 30, 69, 320),
(121, 80, 149, 245),
(122, 83, 111, 611),
(123, 97, 147, NULL),
(124, 4, 69, 962),
(125, 67, 86, 97),
(126, 49, 72, 191),
(127, 91, 180, 111),
(128, 64, 152, 102),
(129, 50, 213, 643),
(130, 8, 94, 242),
(131, 17, 114, 860),
(132, 40, 123, 908),
(133, 27, 232, 461),
(134, 96, 147, 779),
(135, 60, 18, 648),
(136, 72, 35, 609),
(137, 2, 88, 624),
(138, 35, 135, 874),
(139, 32, 142, 138),
(140, 93, 50, NULL),
(141, 47, 242, 84),
(142, 69, 77, 867),
(143, 11, 123, 787),
(144, 23, 136, 830),
(145, 87, 72, 523),
(146, 75, 225, 635),
(147, 31, 160, 10),
(148, 41, 45, 801),
(149, 13, 247, 922),
(150, 19, 66, 193),
(151, 38, 190, 662),
(152, 70, 175, 535),
(153, 58, 223, 774),
(154, 44, 167, 126),
(155, 15, 218, 120),
(156, 85, 80, 563),
(157, 79, 173, 641),
(158, 68, 137, 59),
(159, 84, 152, 94),
(160, 59, 85, 121),
(161, 53, 33, 631),
(162, 16, 125, 100),
(163, 89, 154, 13),
(164, 88, 40, 46),
(165, 7, 128, 824),
(166, 76, 58, 952),
(167, 12, 183, 946),
(168, 54, 62, 32),
(169, 74, 152, 845),
(170, 18, 144, 552),
(171, 95, 112, 419),
(172, 36, 148, 422),
(173, 52, 103, 601),
(174, 61, 97, 913),
(175, 71, 78, 681),
(176, 6, 82, 467),
(177, 57, 238, 87),
(178, 51, 20, 520),
(179, 9, 247, 950),
(180, 90, 111, 107),
(181, 14, 163, 189),
(182, 34, 145, 72),
(183, 37, 156, 909),
(184, 24, 157, 757),
(185, 48, 154, 152),
(186, 33, 189, 614),
(187, 78, 151, 571),
(188, 65, 75, 865),
(189, 62, 180, 378),
(190, 42, 188, 47),
(191, 94, 113, 534),
(192, 10, 202, 160),
(193, 25, 233, 77),
(194, 28, 66, 986),
(195, 5, 27, 333),
(196, 21, 127, 518),
(197, 81, 173, 129),
(198, 1, 93, 117),
(199, 22, 18, 776),
(200, 39, 24, 755),
(201, 73, 51, 176),
(202, 82, 107, 180),
(203, 77, 143, 730),
(204, 55, 113, 229),
(205, 20, 204, 45),
(206, 56, 51, 485),
(207, 92, 82, 608),
(208, 43, 135, 23),
(209, 98, 99, 103),
(210, 26, 146, 526),
(211, 29, 93, 375),
(212, 46, 162, 457),
(213, 63, 140, 586),
(214, 45, 50, 778),
(215, 99, 173, 700),
(216, 3, 139, 465),
(217, 86, 220, 838),
(218, 100, 248, 40),
(219, 66, 136, 816),
(220, 30, 189, 752),
(221, 80, 157, 924),
(222, 83, 118, 992),
(223, 97, 132, 550),
(224, 4, 215, 966),
(225, 67, 40, 431),
(226, 49, 161, 56),
(227, 91, 166, 308),
(228, 64, 46, 866),
(229, 50, 80, 667),
(230, 8, 201, 993),
(231, 17, 159, 52),
(232, 40, 155, 701),
(233, 27, 11, 216),
(234, 96, 233, 519),
(235, 60, 70, 511),
(236, 72, 65, 186),
(237, 2, 11, 384),
(238, 35, 52, 833),
(239, 32, 203, 729),
(240, 93, 112, 536),
(241, 47, 117, 75),
(242, 69, 26, 917),
(243, 11, 227, 653),
(244, 23, 43, 237),
(245, 87, 105, 558),
(246, 75, 201, 743),
(247, 31, 71, 589),
(248, 41, 192, 183),
(249, 13, 144, 884),
(250, 19, 139, 241),
(251, 38, 158, 642),
(252, 70, 175, 934),
(253, 58, 207, 547),
(254, 44, 79, 258),
(255, 15, 118, 167),
(256, 85, 184, 727),
(257, 79, 226, 3),
(258, 68, 179, 615),
(259, 84, 82, 967),
(260, 59, 53, 73),
(261, 53, 136, 704),
(262, 16, 46, 627),
(263, 89, 65, 248),
(264, 88, 148, 933),
(265, 7, 237, 109),
(266, 76, 189, 907),
(267, 12, 161, 169),
(268, 54, 158, 784),
(269, 74, 231, 70),
(270, 18, 117, 88),
(271, 95, 137, 567),
(272, 36, 177, 138),
(273, 52, 55, 726),
(274, 61, 33, 163),
(275, 71, 82, 448),
(276, 6, 141, 238),
(277, 57, 142, 969),
(278, 51, 98, 263),
(279, 9, 120, 156),
(280, 90, 90, 404),
(281, 14, 99, 602),
(282, 34, 225, 910),
(283, 37, 153, 264),
(284, 24, 191, 55),
(285, 48, 53, 785),
(286, 33, 234, 144),
(287, 78, 198, 51),
(288, 65, 183, 427),
(289, 62, 125, 9),
(290, 42, 137, 335),
(291, 94, 90, 494),
(292, 10, 82, 873),
(293, 25, 220, 21),
(294, 28, 159, 106),
(295, 5, 227, 21),
(296, 21, 81, 137),
(297, 81, 211, 6),
(298, 1, 88, 517),
(299, 22, 57, 311),
(300, 39, 166, 283),
(301, 73, 50, 64),
(302, 82, 164, 247),
(303, 77, 211, 152),
(304, 55, 36, 266),
(305, 20, 11, 1),
(306, 56, 231, 57),
(307, 92, 130, 540),
(308, 43, 183, 397),
(309, 98, 248, 190),
(310, 26, 227, 660),
(311, 29, 51, 250),
(312, 46, 137, 613),
(313, 63, 69, 185),
(314, 45, 243, 628),
(315, 99, 205, 228),
(316, 3, 162, 74),
(317, 86, 144, 829),
(318, 100, 124, 150),
(319, 66, 104, 675),
(320, 30, 12, 491),
(321, 80, 241, 682),
(322, 83, 229, 108),
(323, 97, 43, 870),
(324, 4, 104, 17),
(325, 67, 37, 944),
(326, 49, 65, 268),
(327, 91, 207, 637),
(328, 64, 146, 528),
(329, 50, 57, 919),
(330, 8, 11, 942),
(331, 17, 180, 352),
(332, 40, 63, 351),
(333, 27, 51, 251),
(334, 96, 204, 245),
(335, 60, 50, 43),
(336, 72, 186, 17),
(337, 2, 23, 777),
(338, 35, 126, 304),
(339, 32, 190, 62),
(340, 93, 73, 93),
(341, 47, 114, 800),
(342, 69, 25, 410),
(343, 11, 185, 230),
(344, 23, 148, 76),
(345, 87, 95, 734),
(346, 75, 204, 46),
(347, 31, 23, 806),
(348, 41, 228, 385),
(349, 13, 205, 354),
(350, 19, 74, 347),
(351, 38, 188, 943),
(352, 70, 96, 756),
(353, 58, 235, 44),
(354, 44, 54, 268),
(355, 15, 176, 554),
(356, 85, 72, 158),
(357, 79, 131, 331),
(358, 68, 117, 565),
(359, 84, 250, 503),
(360, 59, 197, 792),
(361, 53, 33, 166),
(362, 16, 235, 546),
(363, 89, 135, 298),
(364, 88, 247, 232),
(365, 7, 56, 335),
(366, 76, 239, 489),
(367, 12, 95, 669),
(368, 54, 116, 195),
(369, 74, 202, 133),
(370, 18, 28, 417),
(371, 95, 149, 862),
(372, 36, 27, 182),
(373, 52, 184, 305),
(374, 61, 41, 174),
(375, 71, 149, 562),
(376, 6, 226, 351),
(377, 57, 53, 294),
(378, 51, 145, 463),
(379, 9, 19, 164),
(380, 90, 83, 123),
(381, 14, 51, 740),
(382, 34, 230, 174),
(383, 37, 191, 197),
(384, 24, 233, 235),
(385, 48, 74, 766),
(386, 33, 93, 85),
(387, 78, 79, 709),
(388, 65, 248, 260),
(389, 62, 37, 267),
(390, 42, 229, 231),
(391, 94, 64, 401),
(392, 10, 157, 88),
(393, 25, 126, 356),
(394, 28, 244, 318),
(395, 5, 49, 2),
(396, 21, 130, 927),
(397, 81, 140, 334),
(398, 1, 189, 241),
(399, 22, 101, 190),
(400, 39, 106, 853),
(401, 73, 118, 130),
(402, 82, 157, 159),
(403, 77, 35, 110),
(404, 55, 186, 522),
(405, 20, 176, 256),
(406, 56, 170, 201),
(407, 92, 163, 324),
(408, 43, 203, 357),
(409, 98, 156, 531),
(410, 26, 201, 62),
(411, 29, 28, 501),
(412, 46, 236, 718),
(413, 63, 107, 549),
(414, 45, 176, 828),
(415, 99, 155, 572),
(416, 3, 53, 309),
(417, 86, 53, 34),
(418, 100, 153, 339),
(419, 66, 183, 428),
(420, 30, 213, NULL),
(421, 80, 170, 214),
(422, 83, 98, 200),
(423, 97, 88, 341),
(424, 4, 224, 385),
(425, 67, 215, 899),
(426, 49, 242, 389),
(427, 91, 151, 182),
(428, 64, 191, 916),
(429, 50, 242, 115),
(430, 8, 28, 16),
(431, 17, 95, 638),
(432, 40, 115, 38),
(433, 27, 54, 176),
(434, 96, 163, 361),
(435, 60, 215, 90),
(436, 72, 145, 889),
(437, 2, 204, 406),
(438, 35, 14, 444),
(439, 32, 66, 301),
(440, 93, 154, 377),
(441, 47, 181, 290),
(442, 69, 126, 53),
(443, 11, 101, 203),
(444, 23, 87, 493),
(445, 87, 210, 200),
(446, 75, 79, 225),
(447, 31, 59, 413),
(448, 41, 201, 332),
(449, 13, 99, NULL),
(450, 19, 246, 291),
(451, 38, 87, 293),
(452, 70, 238, 299),
(453, 58, 15, 430),
(454, 44, 138, 362),
(455, 15, 187, 431),
(456, 85, 30, 290),
(457, 79, 78, 798),
(458, 68, 62, 264),
(459, 84, 222, 135),
(460, 59, 184, 985),
(461, 53, 28, 647),
(462, 16, 222, 204),
(463, 89, 212, 429),
(464, 88, 137, 382),
(465, 7, 115, 50),
(466, 76, 164, 434),
(467, 12, 191, 11),
(468, 54, 195, 84),
(469, 74, 211, 54),
(470, 18, 20, 568),
(471, 95, 100, 377),
(472, 36, 48, 473),
(473, 52, 96, 14),
(474, 61, 38, 285),
(475, 71, 42, 58),
(476, 6, 53, 708),
(477, 57, 247, 717),
(478, 51, 11, 880),
(479, 9, 23, 425),
(480, 90, 145, 35),
(481, 14, 193, 211),
(482, 34, 201, 114),
(483, 37, 102, 403),
(484, 24, 246, 266),
(485, 48, 192, NULL),
(486, 33, 108, 545),
(487, 78, 109, 73),
(488, 65, 167, 475),
(489, 62, 227, 525),
(490, 42, 195, 325),
(491, 94, 76, 250),
(492, 10, 152, 48),
(493, 25, 43, 856),
(494, 28, 132, 104),
(495, 5, 136, 146),
(496, 21, 210, 349),
(497, 81, 165, 112),
(498, 1, 215, 401),
(499, 22, 222, 74),
(500, 39, 56, NULL),
(501, 73, 138, 852),
(502, 82, 115, 476),
(503, 77, 241, 399),
(504, 55, 88, 19),
(505, 20, 156, 750),
(506, 56, 48, 153),
(507, 92, 151, 115),
(508, 43, 228, 663),
(509, 98, 106, 353),
(510, 26, 143, 99),
(511, 29, 34, 396),
(512, 46, 77, 432),
(513, 63, 48, 97),
(514, 45, 86, 330),
(515, 99, 242, 557),
(516, 3, 78, 243),
(517, 86, 130, 295),
(518, 100, 216, 676),
(519, 66, 195, 472),
(520, 30, 17, 649),
(521, 80, 64, 837),
(522, 83, 34, 603),
(523, 97, 218, 584),
(524, 4, 26, 697),
(525, 67, 195, 450),
(526, 49, 198, 365),
(527, 91, 14, NULL),
(528, 64, 214, 498),
(529, 50, 152, 976),
(530, 8, 82, 142),
(531, 17, 139, 469),
(532, 40, 41, 935),
(533, 27, 39, 931),
(534, 96, 218, 334),
(535, 60, 16, 791),
(536, 72, 88, 181),
(537, 2, 211, 689),
(538, 35, 23, 42),
(539, 32, 100, 764),
(540, 93, 154, 890),
(541, 47, 207, 542),
(542, 69, 132, 397),
(543, 11, 70, 826),
(544, 23, 93, 741),
(545, 87, 170, 768),
(546, 75, 249, 212),
(547, 31, 114, 429),
(548, 41, 207, 49),
(549, 13, 141, 902),
(550, 19, 68, 269),
(551, 38, 89, 507),
(552, 70, 200, 275),
(553, 58, 30, 269),
(554, 44, 215, 677),
(555, 15, 243, 863),
(556, 85, 114, 545),
(557, 79, 147, 478),
(558, 68, 224, 781),
(559, 84, 144, 502),
(560, 59, 209, 254),
(561, 53, 43, 758),
(562, 16, 188, 71),
(563, 89, 85, 522),
(564, 88, 33, 364),
(565, 7, 14, 194),
(566, 76, 243, 521),
(567, 12, 47, 170),
(568, 54, 80, 169),
(569, 74, 79, 370),
(570, 18, 164, 366),
(571, 95, 117, 780),
(572, 36, 116, 179),
(573, 52, 125, 561),
(574, 61, 51, 427),
(575, 71, 60, 368),
(576, 6, 183, 705),
(577, 57, 214, 95),
(578, 51, 135, 48),
(579, 9, 106, 366),
(580, 90, 196, 95),
(581, 14, 93, 55),
(582, 34, 58, 60),
(583, 37, 83, 808),
(584, 24, 94, 206),
(585, 48, 243, 430),
(586, 33, 190, 782),
(587, 78, 21, 936),
(588, 65, 75, 696),
(589, 62, 226, 477),
(590, 42, 153, 388),
(591, 94, 191, 458),
(592, 10, 237, 313),
(593, 25, 130, 416),
(594, 28, 142, 322),
(595, 5, 120, 111),
(596, 21, 29, 177),
(597, 81, 56, 24),
(598, 1, 47, 328),
(599, 22, 89, 762),
(600, 39, 178, 633),
(601, 73, 212, 894),
(602, 82, 43, NULL),
(603, 77, 137, 411),
(604, 55, 227, 473),
(605, 20, 201, 248),
(606, 56, 224, 350),
(607, 92, 84, 18),
(608, 43, 230, 128),
(609, 98, 165, 527),
(610, 26, 70, 272),
(611, 29, 151, 432),
(612, 46, 22, 229),
(613, 63, 128, 402),
(614, 45, 199, 357),
(615, 99, 125, 315),
(616, 3, 236, 312),
(617, 86, 114, 679),
(618, 100, 241, 284),
(619, 66, 40, 423),
(620, 30, 75, 591),
(621, 80, 232, 537),
(622, 83, 222, 493),
(623, 97, 105, 210),
(624, 4, 177, 399),
(625, 67, 223, 165),
(626, 49, 131, 565),
(627, 91, 237, 317),
(628, 64, 234, 745),
(629, 50, 181, 194),
(630, 8, 40, 258),
(631, 17, 136, 249),
(632, 40, 176, 893),
(633, 27, 55, 452),
(634, 96, 179, 358),
(635, 60, 234, 494),
(636, 72, 60, 488),
(637, 2, 171, 203),
(638, 35, 106, 405),
(639, 32, 144, 24),
(640, 93, 29, 368),
(641, 47, 115, 622),
(642, 69, 42, 215),
(643, 11, 161, 622),
(644, 23, 165, 257),
(645, 87, 12, 253),
(646, 75, 179, 440),
(647, 31, 118, 891),
(648, 41, 181, 566),
(649, 13, 26, 449),
(650, 19, 134, 272),
(651, 38, 166, 453),
(652, 70, 65, 30),
(653, 58, 16, 475),
(654, 44, 24, 41),
(655, 15, 197, 316),
(656, 85, 240, 37),
(657, 79, 189, 481),
(658, 68, 211, 286),
(659, 84, 13, 172),
(660, 59, 79, 820),
(661, 53, 237, 490),
(662, 16, 100, 537),
(663, 89, 58, 223),
(664, 88, 134, 307),
(665, 7, 184, 207),
(666, 76, 225, 22),
(667, 12, 217, 355),
(668, 54, 200, 895),
(669, 74, 216, 641),
(670, 18, 75, 329),
(671, 95, 75, 616),
(672, 36, 17, 257),
(673, 52, 107, 452),
(674, 61, 21, 585),
(675, 71, 210, 466),
(676, 6, 200, 570),
(677, 57, 71, 408),
(678, 51, 190, 308),
(679, 9, 175, 372),
(680, 90, 54, 346),
(681, 14, 22, 58),
(682, 34, 66, 512),
(683, 37, 217, 514),
(684, 24, 56, 428),
(685, 48, 125, 462),
(686, 33, 80, 10),
(687, 78, 170, 276),
(688, 65, 41, 354),
(689, 62, 233, 338),
(690, 42, 244, 538),
(691, 94, 121, NULL),
(692, 10, 211, 606),
(693, 25, 102, 113),
(694, 28, 74, 168),
(695, 5, 42, 191),
(696, 21, 25, 36),
(697, 81, 234, 753),
(698, 1, 36, 528),
(699, 22, 232, 118),
(700, 39, 37, 275),
(701, 73, 212, 215),
(702, 82, 169, 170),
(703, 77, 216, 598),
(704, 55, 202, 620),
(705, 20, 69, 543),
(706, 56, 158, 25),
(707, 92, 208, 747),
(708, 43, 246, 337),
(709, 98, 65, 284),
(710, 26, 247, 414),
(711, 29, 179, 684),
(712, 46, 249, 607),
(713, 63, 45, 523),
(714, 45, 210, 663),
(715, 99, 67, 521),
(716, 3, 181, 692),
(717, 86, 133, 306),
(718, 100, 12, 323),
(719, 66, 19, 280),
(720, 30, 113, 590),
(721, 80, 65, 703),
(722, 83, 186, 387),
(723, 97, 218, 159),
(724, 4, 222, 519),
(725, 67, 204, 823),
(726, 49, 114, 478),
(727, 91, 166, 43),
(728, 64, 43, 888),
(729, 50, 229, 63),
(730, 8, 194, 79),
(731, 17, 216, 844),
(732, 40, 45, 724),
(733, 27, 209, 495),
(734, 96, 147, 459),
(735, 60, 92, 836),
(736, 72, 104, 442),
(737, 2, 100, 69),
(738, 35, 25, 509),
(739, 32, 237, 617),
(740, 93, 218, 114),
(741, 47, 122, 49),
(742, 69, 174, 685),
(743, 11, 227, 361),
(744, 23, 236, 23),
(745, 87, 75, 222),
(746, 75, 123, 40),
(747, 31, 175, 654),
(748, 41, 143, 154),
(749, 13, 16, 9),
(750, 19, 112, 305),
(751, 38, 142, 57),
(752, 70, 232, 760),
(753, 58, 26, 497),
(754, 44, 128, 525),
(755, 15, 223, 831),
(756, 85, 36, 471),
(757, 79, 201, 440),
(758, 68, 244, 137),
(759, 84, 249, 416),
(760, 59, 205, 392),
(761, 53, 242, 938),
(762, 16, 175, 76),
(763, 89, 27, 300),
(764, 88, 121, 13),
(765, 7, 41, 453),
(766, 76, 143, 621),
(767, 12, 49, 948),
(768, 54, 148, 855),
(769, 74, 127, 541),
(770, 18, 213, 177),
(771, 95, 90, 270),
(772, 36, 118, 593),
(773, 52, 25, 348),
(774, 61, 52, 516),
(775, 71, 242, 8),
(776, 6, 141, 718),
(777, 57, 209, 289),
(778, 51, 233, 358),
(779, 9, 156, 940),
(780, 90, 90, 310),
(781, 14, 190, 423),
(782, 34, 33, 363),
(783, 37, 36, 487),
(784, 24, 126, 759),
(785, 48, 62, 595),
(786, 33, 235, 67),
(787, 78, 28, 713),
(788, 65, 91, 581),
(789, 62, 175, 841),
(790, 42, 66, 433),
(791, 94, 153, 783),
(792, 10, 107, 398),
(793, 25, 26, 224),
(794, 28, 41, 82),
(795, 5, 226, 59),
(796, 21, 198, 584),
(797, 81, 157, 333),
(798, 1, 115, 619),
(799, 22, 205, 105),
(800, 39, 182, 349),
(801, 73, 83, 83),
(802, 82, 36, 4),
(803, 77, 25, NULL),
(804, 55, 54, 661),
(805, 20, 32, 735),
(806, 56, 33, 230),
(807, 92, 216, 770),
(808, 43, 225, 35),
(809, 98, 137, 915),
(810, 26, 92, 70),
(811, 29, 77, 155),
(812, 46, 219, 276),
(813, 63, 97, 763),
(814, 45, 168, 359),
(815, 99, 25, 869),
(816, 3, 219, 381),
(817, 86, 149, 582),
(818, 100, 151, 56),
(819, 66, 68, 277),
(820, 30, 56, 759),
(821, 80, 125, 456),
(822, 83, 209, 79),
(823, 97, 224, 244),
(824, 4, 71, 988),
(825, 67, 70, 797),
(826, 49, 234, 745),
(827, 91, 102, 965),
(828, 64, 234, 186),
(829, 50, 77, 753),
(830, 8, 53, 569),
(831, 17, 234, 331),
(832, 40, 103, 206),
(833, 27, 38, 972),
(834, 96, 224, 54),
(835, 60, 17, 441),
(836, 72, 163, 595),
(837, 2, 17, 184),
(838, 35, 233, 172),
(839, 32, 104, 129),
(840, 93, 39, 775),
(841, 47, 29, 185),
(842, 69, 53, 700),
(843, 11, 204, 499),
(844, 23, 93, 480),
(845, 87, 239, 784),
(846, 75, 185, 91),
(847, 31, 19, 668),
(848, 41, 109, 657),
(849, 13, 26, 636),
(850, 19, 16, 615),
(851, 38, 59, 470),
(852, 70, 16, 579),
(853, 58, 57, 233),
(854, 44, 158, 86),
(855, 15, 67, 485),
(856, 85, 124, 219),
(857, 79, 63, 777),
(858, 68, 205, 445),
(859, 84, 234, 37),
(860, 59, 48, 563),
(861, 53, 182, 18),
(862, 16, 232, 670),
(863, 89, 158, 739),
(864, 88, 93, 484),
(865, 7, 108, 147),
(866, 76, 224, 281),
(867, 12, 191, 987),
(868, 54, 123, 840),
(869, 74, 161, 486),
(870, 18, 113, 175),
(871, 95, 212, 373),
(872, 36, 166, 582),
(873, 52, 56, 995),
(874, 61, 39, 77),
(875, 71, 37, 209),
(876, 6, 81, 189),
(877, 57, 15, 957),
(878, 51, 141, 175),
(879, 9, 82, 505),
(880, 90, 136, 716),
(881, 14, 224, 195),
(882, 34, 244, 655),
(883, 37, 218, 714),
(884, 24, 70, 168),
(885, 48, 245, 513),
(886, 33, 227, 435),
(887, 78, 56, 790),
(888, 65, 130, 822),
(889, 62, 167, 850),
(890, 42, 143, 131),
(891, 94, 110, 731),
(892, 10, 62, 980),
(893, 25, 249, 325),
(894, 28, 66, 435),
(895, 5, 108, 187),
(896, 21, 47, 630),
(897, 81, 146, 31),
(898, 1, 121, 529),
(899, 22, 235, 378),
(900, 39, 24, 227),
(901, 73, 244, 770),
(902, 82, 146, 25),
(903, 77, 198, 625),
(904, 55, 164, 681),
(905, 20, 55, 757),
(906, 56, 143, 731),
(907, 92, 211, 292),
(908, 43, 27, 779),
(909, 98, 131, 51),
(910, 26, 237, 726),
(911, 29, 119, 625),
(912, 46, 173, 212),
(913, 63, 132, 600),
(914, 45, 108, 373),
(915, 99, 75, 208),
(916, 3, 188, 978),
(917, 86, 24, 589),
(918, 100, 97, 12),
(919, 66, 99, 392),
(920, 30, 131, 127),
(921, 80, 178, 340),
(922, 83, 71, 771),
(923, 97, 207, 202),
(924, 4, 27, 359),
(925, 67, 13, 319),
(926, 49, 159, 188),
(927, 91, 168, 620),
(928, 64, 241, 228),
(929, 50, 182, 991),
(930, 8, 240, 629),
(931, 17, 185, 198),
(932, 40, 144, 854),
(933, 27, 156, 36),
(934, 96, 68, 393),
(935, 60, 142, 394),
(936, 72, 87, 504),
(937, 2, 55, 398),
(938, 35, 64, 369),
(939, 32, 25, 981),
(940, 93, 111, NULL),
(941, 47, 26, 386),
(942, 69, 38, 581),
(943, 11, 249, 38),
(944, 23, 180, 278),
(945, 87, 34, 919),
(946, 75, 187, 556),
(947, 31, 181, 569),
(948, 41, 150, 751),
(949, 13, 241, 533),
(950, 19, 170, 633),
(951, 38, 32, 367),
(952, 70, 58, 591),
(953, 58, 31, 796),
(954, 44, 113, 532),
(955, 15, 97, 508),
(956, 85, 183, 436),
(957, 79, 190, 984),
(958, 68, 181, 109),
(959, 84, 160, 618),
(960, 59, 147, 687),
(961, 53, 226, 205),
(962, 16, 220, 531),
(963, 89, 96, 643),
(964, 88, 141, 621),
(965, 7, 61, 810),
(966, 76, 225, 725),
(967, 12, 26, 341),
(968, 54, 74, 815),
(969, 74, 217, 693),
(970, 18, 238, 751),
(971, 95, 143, 657),
(972, 36, 210, 514),
(973, 52, 82, 403),
(974, 61, 238, 556),
(975, 71, 115, 882),
(976, 6, 149, 769),
(977, 57, 72, 653),
(978, 51, 36, 387),
(979, 9, 244, 672),
(980, 90, 76, 561),
(981, 14, 229, 297),
(982, 34, 27, 959),
(983, 37, 250, 192),
(984, 24, 22, 183),
(985, 48, 218, 941),
(986, 33, 136, 291),
(987, 78, 122, 26),
(988, 65, 53, 462),
(989, 62, 221, 875),
(990, 42, 209, 714),
(991, 94, 148, 886),
(992, 10, 124, 374),
(993, 25, 154, 124),
(994, 28, 128, 504),
(995, 5, 136, 459),
(996, 21, 56, 507),
(997, 81, 193, 813),
(998, 1, 117, 503),
(999, 22, 129, 318),
(1000, 39, 59, 594);

INSERT INTO timeslot (TSID, DayOfWeek, StartTime, endtime) VALUES
(1, 'Thursday', '10:30:00', '11:45:00'),
(2, 'Monday', '12:30:00', '13:45:00'),
(3, 'Tuesday', '07:30:00', '08:45:00'),
(4, 'Monday', '10:30:00', '11:45:00'),
(5, 'Friday', '10:30:00', '11:45:00'),
(6, 'Thursday', '15:30:00', '16:45:00'),
(7, 'Friday', '10:30:00', '11:45:00'),
(8, 'Tuesday', '17:00:00', '18:15:00'),
(9, 'Monday', '09:00:00', '10:15:00'),
(10, 'Wednesday', '17:00:00', '18:15:00'),
(11, 'Tuesday', '07:30:00', '08:45:00'),
(12, 'Monday', '18:30:00', '19:45:00'),
(13, 'Thursday', '10:30:00', '11:45:00'),
(14, 'Thursday', '09:00:00', '10:15:00'),
(15, 'Thursday', '12:30:00', '13:45:00'),
(16, 'Tuesday', '18:30:00', '19:45:00'),
(17, 'Monday', '14:00:00', '15:15:00'),
(18, 'Monday', '15:30:00', '16:45:00'),
(19, 'Monday', '07:30:00', '08:45:00'),
(20, 'Monday', '14:00:00', '15:15:00'),
(21, 'Thursday', '17:00:00', '18:15:00'),
(22, 'Monday', '10:30:00', '11:45:00'),
(23, 'Friday', '07:30:00', '08:45:00'),
(24, 'Friday', '09:00:00', '10:15:00'),
(25, 'Wednesday', '14:00:00', '15:15:00'),
(26, 'Tuesday', '17:00:00', '18:15:00'),
(27, 'Friday', '17:00:00', '18:15:00'),
(28, 'Wednesday', '09:00:00', '10:15:00'),
(29, 'Thursday', '07:30:00', '08:45:00'),
(30, 'Friday', '15:30:00', '16:45:00'),
(31, 'Monday', '12:30:00', '13:45:00'),
(32, 'Monday', '12:30:00', '13:45:00'),
(33, 'Thursday', '09:00:00', '10:15:00'),
(34, 'Thursday', '17:00:00', '18:15:00'),
(35, 'Tuesday', '14:00:00', '15:15:00'),
(36, 'Thursday', '17:00:00', '18:15:00'),
(37, 'Friday', '15:30:00', '16:45:00'),
(38, 'Monday', '17:00:00', '18:15:00'),
(39, 'Tuesday', '12:30:00', '13:45:00'),
(40, 'Monday', '15:30:00', '16:45:00');

INSERT INTO preference (EmpID, TSID, IsEssential) VALUES
(1, 35, 'N'),
(2, 21, 'Y'),
(3, 4, 'Y'),
(4, 26, 'N'),
(5, 30, 'Y'),
(6, 25, 'Y'),
(7, 39, 'Y'),
(8, 19, 'Y'),
(9, 10, 'N'),
(10, 26, 'N'),
(11, 13, 'Y'),
(12, 31, 'Y'),
(13, 14, 'Y'),
(14, 15, 'N'),
(15, 3, 'N'),
(16, 6, 'Y'),
(17, 14, 'N'),
(18, 29, 'N'),
(19, 35, 'N'),
(20, 32, 'Y'),
(21, 1, 'N'),
(22, 14, 'N'),
(23, 14, 'Y'),
(24, 23, 'N'),
(25, 40, 'Y'),
(26, 9, 'Y'),
(27, 14, 'Y'),
(28, 23, 'N'),
(29, 36, 'N'),
(30, 1, 'Y'),
(31, 4, 'N'),
(32, 19, 'Y'),
(33, 2, 'Y'),
(34, 11, 'N'),
(35, 17, 'N'),
(36, 14, 'Y'),
(37, 10, 'Y'),
(38, 32, 'N'),
(39, 2, 'N'),
(40, 32, 'Y'),
(41, 29, 'N'),
(42, 37, 'N'),
(43, 40, 'Y'),
(44, 35, 'N'),
(45, 24, 'Y'),
(46, 1, 'N'),
(47, 33, 'N'),
(48, 38, 'Y'),
(49, 40, 'Y'),
(50, 21, 'Y'),
(51, 20, 'N'),
(52, 18, 'Y'),
(53, 36, 'Y'),
(54, 17, 'N'),
(55, 33, 'Y'),
(56, 39, 'N'),
(57, 30, 'Y'),
(58, 11, 'N'),
(59, 21, 'Y'),
(60, 20, 'Y'),
(61, 18, 'N'),
(62, 12, 'Y'),
(63, 35, 'N'),
(64, 16, 'N'),
(65, 9, 'Y'),
(66, 12, 'Y'),
(67, 6, 'Y'),
(68, 33, 'Y'),
(69, 13, 'Y'),
(70, 1, 'N'),
(71, 19, 'Y'),
(72, 38, 'Y'),
(73, 10, 'N'),
(74, 29, 'Y'),
(75, 33, 'Y'),
(76, 20, 'N'),
(77, 32, 'Y'),
(78, 8, 'Y'),
(79, 25, 'Y'),
(80, 8, 'Y'),
(81, 3, 'Y'),
(82, 17, 'N'),
(83, 18, 'N'),
(84, 1, 'N'),
(85, 8, 'Y'),
(86, 23, 'N'),
(87, 5, 'Y'),
(88, 32, 'N'),
(89, 40, 'N'),
(90, 10, 'N'),
(91, 3, 'N'),
(92, 16, 'N'),
(93, 39, 'Y'),
(94, 4, 'N'),
(95, 1, 'N'),
(96, 35, 'Y'),
(97, 23, 'N'),
(98, 17, 'N'),
(99, 26, 'Y'),
(100, 23, 'Y'),
(101, 30, 'Y'),
(102, 24, 'Y'),
(103, 17, 'Y'),
(104, 37, 'Y'),
(105, 15, 'Y'),
(106, 11, 'Y'),
(107, 10, 'Y'),
(108, 15, 'N'),
(109, 37, 'Y'),
(110, 18, 'Y'),
(111, 7, 'Y'),
(112, 11, 'N'),
(113, 38, 'Y'),
(114, 25, 'N'),
(115, 35, 'N'),
(116, 4, 'Y'),
(117, 4, 'N'),
(118, 31, 'N'),
(119, 25, 'N'),
(120, 26, 'Y'),
(121, 27, 'Y'),
(122, 21, 'N'),
(123, 6, 'Y'),
(124, 5, 'Y'),
(125, 33, 'Y'),
(126, 12, 'Y'),
(127, 26, 'N'),
(128, 31, 'Y'),
(129, 36, 'Y'),
(130, 33, 'Y'),
(131, 29, 'N'),
(132, 1, 'Y'),
(133, 21, 'N'),
(134, 13, 'N'),
(135, 32, 'N'),
(136, 26, 'N'),
(137, 1, 'N'),
(138, 18, 'N'),
(139, 9, 'N'),
(140, 17, 'Y'),
(141, 30, 'N'),
(142, 2, 'Y'),
(143, 2, 'Y'),
(144, 5, 'N'),
(145, 40, 'Y'),
(146, 26, 'N'),
(147, 38, 'N'),
(148, 20, 'N'),
(149, 38, 'N'),
(150, 31, 'N'),
(151, 29, 'N'),
(152, 26, 'N'),
(153, 21, 'Y'),
(154, 23, 'Y'),
(155, 37, 'Y'),
(156, 28, 'Y'),
(157, 40, 'Y'),
(158, 21, 'Y'),
(159, 38, 'N'),
(160, 35, 'N'),
(161, 16, 'N'),
(162, 31, 'Y'),
(163, 11, 'N'),
(164, 19, 'N'),
(165, 34, 'N'),
(166, 35, 'Y'),
(167, 13, 'N'),
(168, 20, 'N'),
(169, 13, 'N'),
(170, 6, 'Y'),
(171, 25, 'Y'),
(172, 9, 'N'),
(173, 38, 'N'),
(174, 30, 'Y'),
(175, 21, 'N'),
(176, 6, 'N'),
(177, 13, 'N'),
(178, 14, 'N'),
(179, 24, 'Y'),
(180, 6, 'Y'),
(181, 3, 'Y'),
(182, 12, 'Y'),
(183, 23, 'Y'),
(184, 30, 'N'),
(185, 5, 'N'),
(186, 36, 'N'),
(187, 30, 'N'),
(188, 34, 'Y'),
(189, 10, 'Y'),
(190, 17, 'Y'),
(191, 38, 'N'),
(192, 39, 'Y'),
(193, 29, 'N'),
(194, 17, 'Y'),
(195, 20, 'N'),
(196, 5, 'N'),
(197, 20, 'Y'),
(198, 21, 'N'),
(199, 16, 'N'),
(200, 2, 'Y'),
(201, 10, 'N'),
(202, 12, 'N'),
(203, 9, 'Y'),
(204, 27, 'N'),
(205, 31, 'N'),
(206, 8, 'N'),
(207, 2, 'N'),
(208, 23, 'N'),
(209, 5, 'Y'),
(210, 9, 'Y'),
(211, 39, 'N'),
(212, 12, 'N'),
(213, 38, 'N'),
(214, 17, 'Y'),
(215, 32, 'N'),
(216, 38, 'Y'),
(217, 3, 'N'),
(218, 23, 'N'),
(219, 10, 'Y'),
(220, 34, 'N'),
(221, 15, 'Y'),
(222, 22, 'Y'),
(223, 6, 'Y'),
(224, 23, 'N'),
(225, 6, 'N'),
(226, 15, 'N'),
(227, 8, 'Y'),
(228, 8, 'N'),
(229, 34, 'Y'),
(230, 34, 'Y'),
(231, 17, 'Y'),
(232, 12, 'Y'),
(233, 30, 'N'),
(234, 33, 'Y'),
(235, 12, 'Y'),
(236, 15, 'Y'),
(237, 31, 'Y'),
(238, 15, 'N'),
(239, 18, 'Y'),
(240, 2, 'Y'),
(241, 24, 'Y'),
(242, 30, 'Y'),
(243, 3, 'N'),
(244, 38, 'N'),
(245, 7, 'N'),
(246, 23, 'N'),
(247, 15, 'Y'),
(248, 18, 'Y'),
(249, 36, 'N'),
(250, 32, 'N'),
(251, 27, 'N'),
(252, 30, 'Y'),
(253, 40, 'N'),
(254, 15, 'N'),
(255, 30, 'N'),
(256, 7, 'N'),
(257, 3, 'N'),
(258, 38, 'N'),
(259, 26, 'Y'),
(260, 34, 'Y'),
(261, 15, 'Y'),
(262, 26, 'N'),
(263, 8, 'N'),
(264, 7, 'Y'),
(265, 33, 'Y'),
(266, 1, 'Y'),
(267, 2, 'Y'),
(268, 8, 'Y'),
(269, 21, 'Y'),
(270, 25, 'N'),
(271, 28, 'N'),
(272, 1, 'Y'),
(273, 10, 'N'),
(274, 16, 'N'),
(275, 11, 'Y'),
(276, 39, 'N'),
(277, 13, 'Y'),
(278, 8, 'Y'),
(279, 1, 'Y'),
(280, 15, 'Y'),
(281, 23, 'N'),
(282, 17, 'Y'),
(283, 15, 'Y'),
(284, 16, 'Y'),
(285, 12, 'N'),
(286, 26, 'Y'),
(287, 14, 'Y'),
(288, 18, 'Y'),
(289, 29, 'Y'),
(290, 25, 'Y'),
(291, 11, 'Y'),
(292, 2, 'N'),
(293, 39, 'Y'),
(294, 14, 'N'),
(295, 7, 'Y'),
(296, 21, 'Y'),
(297, 8, 'Y'),
(298, 20, 'Y'),
(299, 11, 'Y'),
(300, 14, 'N'),
(301, 24, 'N'),
(302, 40, 'N'),
(303, 38, 'N'),
(304, 4, 'N'),
(305, 11, 'N'),
(306, 22, 'Y'),
(307, 5, 'N'),
(308, 16, 'Y'),
(309, 15, 'Y'),
(310, 38, 'Y'),
(311, 11, 'Y'),
(312, 5, 'Y'),
(313, 9, 'Y'),
(314, 19, 'Y'),
(315, 27, 'N'),
(316, 3, 'N'),
(317, 34, 'Y'),
(318, 34, 'N'),
(319, 6, 'Y'),
(320, 12, 'Y'),
(321, 21, 'N'),
(322, 26, 'Y'),
(323, 27, 'N'),
(324, 33, 'Y'),
(325, 40, 'Y'),
(326, 39, 'N'),
(327, 12, 'Y'),
(328, 35, 'Y'),
(329, 15, 'Y'),
(330, 32, 'N'),
(331, 39, 'N'),
(332, 15, 'N'),
(333, 1, 'Y'),
(334, 37, 'Y'),
(335, 34, 'N'),
(336, 28, 'Y'),
(337, 19, 'Y'),
(338, 31, 'Y'),
(339, 23, 'N'),
(340, 29, 'Y'),
(341, 6, 'N'),
(342, 23, 'Y'),
(343, 24, 'N'),
(344, 20, 'N'),
(345, 14, 'N'),
(346, 11, 'Y'),
(347, 14, 'N'),
(348, 40, 'N'),
(349, 9, 'Y'),
(350, 38, 'Y'),
(351, 37, 'Y'),
(352, 1, 'N'),
(353, 33, 'N'),
(354, 21, 'N'),
(355, 34, 'Y'),
(356, 10, 'Y'),
(357, 33, 'N'),
(358, 7, 'Y'),
(359, 39, 'N'),
(360, 33, 'Y'),
(361, 33, 'Y'),
(362, 21, 'Y'),
(363, 13, 'N'),
(364, 18, 'N'),
(365, 27, 'Y'),
(366, 6, 'N'),
(367, 39, 'N'),
(368, 2, 'Y'),
(369, 5, 'Y'),
(370, 19, 'N'),
(371, 24, 'Y'),
(372, 27, 'N'),
(373, 33, 'Y'),
(374, 30, 'Y'),
(375, 27, 'Y'),
(376, 25, 'Y'),
(377, 12, 'Y'),
(378, 39, 'Y'),
(379, 4, 'N'),
(380, 9, 'N'),
(381, 40, 'Y'),
(382, 32, 'Y'),
(383, 31, 'Y'),
(384, 25, 'Y'),
(385, 22, 'N'),
(386, 36, 'N'),
(387, 26, 'Y'),
(388, 24, 'N'),
(389, 31, 'Y'),
(390, 22, 'Y'),
(391, 26, 'Y'),
(392, 27, 'N'),
(393, 10, 'N'),
(394, 29, 'Y'),
(395, 25, 'Y'),
(396, 28, 'Y'),
(397, 34, 'Y'),
(398, 30, 'Y'),
(399, 16, 'N'),
(400, 24, 'N'),
(401, 12, 'Y'),
(402, 24, 'N'),
(403, 18, 'N'),
(404, 36, 'N'),
(405, 29, 'Y'),
(406, 26, 'Y'),
(407, 11, 'N'),
(408, 15, 'Y'),
(409, 29, 'N'),
(410, 4, 'Y'),
(411, 2, 'Y'),
(412, 37, 'Y'),
(413, 19, 'Y'),
(414, 20, 'Y'),
(415, 35, 'Y'),
(416, 35, 'N'),
(417, 1, 'Y'),
(418, 19, 'N'),
(419, 37, 'N'),
(420, 14, 'Y'),
(421, 22, 'N'),
(422, 10, 'N'),
(423, 39, 'N'),
(424, 16, 'Y'),
(425, 15, 'N'),
(426, 21, 'Y'),
(427, 5, 'Y'),
(428, 27, 'N'),
(429, 17, 'N'),
(430, 19, 'N'),
(431, 18, 'Y'),
(432, 24, 'N'),
(433, 29, 'N'),
(434, 14, 'Y'),
(435, 28, 'N'),
(436, 9, 'Y'),
(437, 29, 'Y'),
(438, 3, 'Y'),
(439, 17, 'N'),
(440, 35, 'Y'),
(441, 16, 'Y'),
(442, 2, 'Y'),
(443, 8, 'N'),
(444, 2, 'N'),
(445, 13, 'N'),
(446, 17, 'Y'),
(447, 25, 'Y'),
(448, 13, 'Y'),
(449, 15, 'N'),
(450, 32, 'Y'),
(451, 19, 'N'),
(452, 17, 'N'),
(453, 16, 'Y'),
(454, 7, 'Y'),
(455, 30, 'Y'),
(456, 32, 'N'),
(457, 30, 'Y'),
(458, 28, 'N'),
(459, 22, 'Y'),
(460, 40, 'N'),
(461, 4, 'N'),
(462, 2, 'Y'),
(463, 14, 'N'),
(464, 24, 'N'),
(465, 17, 'Y'),
(466, 40, 'Y'),
(467, 18, 'N'),
(468, 16, 'N'),
(469, 17, 'Y'),
(470, 33, 'Y'),
(471, 11, 'Y'),
(472, 8, 'N'),
(473, 22, 'Y'),
(474, 20, 'N'),
(475, 2, 'Y'),
(476, 15, 'N'),
(477, 4, 'Y'),
(478, 4, 'Y'),
(479, 28, 'Y'),
(480, 7, 'Y'),
(481, 20, 'Y'),
(482, 8, 'N'),
(483, 39, 'N'),
(484, 1, 'N'),
(485, 25, 'N'),
(486, 17, 'N'),
(487, 35, 'Y'),
(488, 1, 'Y'),
(489, 3, 'N'),
(490, 32, 'Y'),
(491, 26, 'Y'),
(492, 32, 'N'),
(493, 27, 'Y'),
(494, 23, 'Y'),
(495, 36, 'N'),
(496, 13, 'N'),
(497, 18, 'Y'),
(498, 27, 'Y'),
(499, 31, 'N'),
(500, 35, 'N'),
(501, 30, 'Y'),
(502, 16, 'Y'),
(503, 7, 'Y'),
(504, 27, 'N'),
(505, 3, 'N'),
(506, 21, 'N'),
(507, 7, 'Y'),
(508, 37, 'Y'),
(509, 24, 'N'),
(510, 2, 'Y'),
(511, 34, 'N'),
(512, 10, 'Y'),
(513, 25, 'N'),
(514, 37, 'Y'),
(515, 24, 'Y'),
(516, 34, 'N'),
(517, 7, 'N'),
(518, 16, 'Y'),
(519, 11, 'N'),
(520, 29, 'N'),
(521, 4, 'N'),
(522, 25, 'N'),
(523, 14, 'N'),
(524, 33, 'N'),
(525, 20, 'Y'),
(526, 22, 'Y'),
(527, 36, 'Y'),
(528, 9, 'N'),
(529, 30, 'Y'),
(530, 24, 'N'),
(531, 21, 'Y'),
(532, 18, 'N'),
(533, 31, 'Y'),
(534, 22, 'Y'),
(535, 3, 'Y'),
(536, 31, 'N'),
(537, 24, 'Y'),
(538, 10, 'N'),
(539, 16, 'Y'),
(540, 34, 'Y'),
(541, 40, 'N'),
(542, 13, 'Y'),
(543, 3, 'N'),
(544, 12, 'Y'),
(545, 37, 'Y'),
(546, 5, 'Y'),
(547, 35, 'N'),
(548, 16, 'N'),
(549, 36, 'Y'),
(550, 8, 'N'),
(551, 39, 'N'),
(552, 13, 'Y'),
(553, 15, 'Y'),
(554, 12, 'Y'),
(555, 28, 'Y'),
(556, 19, 'N'),
(557, 21, 'Y'),
(558, 7, 'Y'),
(559, 22, 'N'),
(560, 12, 'N'),
(561, 11, 'N'),
(562, 7, 'Y'),
(563, 35, 'Y'),
(564, 37, 'N'),
(565, 37, 'N'),
(566, 34, 'N'),
(567, 36, 'N'),
(568, 3, 'N'),
(569, 34, 'N'),
(570, 36, 'N'),
(571, 35, 'N'),
(572, 33, 'N'),
(573, 1, 'Y'),
(574, 33, 'Y'),
(575, 11, 'N'),
(576, 26, 'Y'),
(577, 27, 'Y'),
(578, 11, 'N'),
(579, 28, 'N'),
(580, 33, 'N'),
(581, 1, 'Y'),
(582, 24, 'N'),
(583, 36, 'Y'),
(584, 6, 'Y'),
(585, 40, 'N'),
(586, 35, 'Y'),
(587, 9, 'N'),
(588, 1, 'N'),
(589, 36, 'N'),
(590, 16, 'N'),
(591, 1, 'Y'),
(592, 10, 'N'),
(593, 3, 'N'),
(594, 5, 'N'),
(595, 21, 'N'),
(596, 7, 'N'),
(597, 38, 'Y'),
(598, 29, 'Y'),
(599, 31, 'Y'),
(600, 40, 'Y'),
(601, 38, 'N'),
(602, 23, 'Y'),
(603, 11, 'Y'),
(604, 27, 'N'),
(605, 32, 'N'),
(606, 30, 'N'),
(607, 31, 'N'),
(608, 32, 'N'),
(609, 7, 'Y'),
(610, 28, 'N'),
(611, 15, 'N'),
(612, 29, 'N'),
(613, 30, 'N'),
(614, 22, 'Y'),
(615, 11, 'N'),
(616, 25, 'N'),
(617, 27, 'Y'),
(618, 36, 'N'),
(619, 29, 'Y'),
(620, 37, 'N'),
(621, 23, 'Y'),
(622, 32, 'N'),
(623, 40, 'Y'),
(624, 6, 'Y'),
(625, 7, 'Y'),
(626, 31, 'N'),
(627, 38, 'Y'),
(628, 12, 'Y'),
(629, 10, 'Y'),
(630, 24, 'N'),
(631, 22, 'N'),
(632, 5, 'N'),
(633, 25, 'Y'),
(634, 1, 'N'),
(635, 6, 'Y'),
(636, 21, 'Y'),
(637, 19, 'Y'),
(638, 13, 'N'),
(639, 20, 'N'),
(640, 19, 'N'),
(641, 12, 'Y'),
(642, 10, 'N'),
(643, 5, 'Y'),
(644, 19, 'Y'),
(645, 39, 'Y'),
(646, 7, 'N'),
(647, 21, 'Y'),
(648, 5, 'Y'),
(649, 31, 'N'),
(650, 2, 'Y'),
(651, 1, 'N'),
(652, 17, 'N'),
(653, 22, 'N'),
(654, 17, 'N'),
(655, 6, 'Y'),
(656, 38, 'N'),
(657, 24, 'N'),
(658, 5, 'N'),
(659, 34, 'Y'),
(660, 32, 'Y'),
(661, 34, 'Y'),
(662, 8, 'N'),
(663, 11, 'Y'),
(664, 40, 'N'),
(665, 29, 'Y'),
(666, 6, 'N'),
(667, 13, 'Y'),
(668, 4, 'Y'),
(669, 39, 'Y'),
(670, 39, 'Y'),
(671, 6, 'Y'),
(672, 20, 'N'),
(673, 9, 'N'),
(674, 27, 'N'),
(675, 24, 'Y'),
(676, 35, 'N'),
(677, 35, 'Y'),
(678, 6, 'Y'),
(679, 16, 'Y'),
(680, 35, 'Y'),
(681, 4, 'Y'),
(682, 19, 'Y'),
(683, 21, 'Y'),
(684, 19, 'N'),
(685, 32, 'Y'),
(686, 18, 'Y'),
(687, 11, 'Y'),
(688, 32, 'N'),
(689, 38, 'N'),
(690, 10, 'N'),
(691, 17, 'N'),
(692, 2, 'Y'),
(693, 7, 'Y'),
(694, 6, 'N'),
(695, 23, 'N'),
(696, 29, 'N'),
(697, 23, 'N'),
(698, 22, 'Y'),
(699, 10, 'N'),
(700, 27, 'N'),
(701, 3, 'Y'),
(702, 35, 'N'),
(703, 4, 'Y'),
(704, 14, 'N'),
(705, 9, 'N'),
(706, 36, 'Y'),
(707, 13, 'N'),
(708, 19, 'N'),
(709, 14, 'Y'),
(710, 12, 'N'),
(711, 11, 'Y'),
(712, 10, 'N'),
(713, 33, 'Y'),
(714, 28, 'Y'),
(715, 28, 'Y'),
(716, 3, 'Y'),
(717, 18, 'N'),
(718, 22, 'N'),
(719, 9, 'N'),
(720, 36, 'Y'),
(721, 13, 'N'),
(722, 20, 'Y'),
(723, 4, 'Y'),
(724, 31, 'N'),
(725, 17, 'Y'),
(726, 22, 'Y'),
(727, 30, 'Y'),
(728, 25, 'Y'),
(729, 40, 'Y'),
(730, 37, 'N'),
(731, 25, 'Y'),
(732, 12, 'N'),
(733, 38, 'Y'),
(734, 40, 'Y'),
(735, 22, 'N'),
(736, 29, 'N'),
(737, 13, 'N'),
(738, 26, 'Y'),
(739, 9, 'Y'),
(740, 6, 'N'),
(741, 14, 'Y'),
(742, 6, 'Y'),
(743, 4, 'Y'),
(744, 4, 'N'),
(745, 22, 'Y'),
(746, 8, 'N'),
(747, 29, 'N'),
(748, 38, 'Y'),
(749, 28, 'Y'),
(750, 18, 'N'),
(751, 17, 'N'),
(752, 4, 'N'),
(753, 17, 'N'),
(754, 7, 'N'),
(755, 16, 'N'),
(756, 5, 'Y'),
(757, 10, 'Y'),
(758, 33, 'N'),
(759, 20, 'N'),
(760, 26, 'N'),
(761, 37, 'N'),
(762, 36, 'N'),
(763, 37, 'Y'),
(764, 16, 'Y'),
(765, 25, 'Y'),
(766, 9, 'Y'),
(767, 20, 'N'),
(768, 31, 'Y'),
(769, 14, 'N'),
(770, 8, 'N'),
(771, 23, 'N'),
(772, 12, 'N'),
(773, 22, 'Y'),
(774, 2, 'N'),
(775, 31, 'Y'),
(776, 37, 'N'),
(777, 9, 'Y'),
(778, 28, 'Y'),
(779, 5, 'N'),
(780, 4, 'N'),
(781, 16, 'N'),
(782, 33, 'Y'),
(783, 25, 'Y'),
(784, 19, 'Y'),
(785, 3, 'Y'),
(786, 40, 'Y'),
(787, 6, 'N'),
(788, 39, 'N'),
(789, 25, 'N'),
(790, 35, 'Y'),
(791, 36, 'Y'),
(792, 22, 'Y'),
(793, 27, 'N'),
(794, 18, 'Y'),
(795, 11, 'Y'),
(796, 25, 'Y'),
(797, 9, 'Y'),
(798, 19, 'Y'),
(799, 36, 'N'),
(800, 37, 'N'),
(801, 18, 'N'),
(802, 16, 'N'),
(803, 20, 'Y'),
(804, 36, 'Y'),
(805, 17, 'Y'),
(806, 20, 'Y'),
(807, 8, 'N'),
(808, 16, 'Y'),
(809, 21, 'N'),
(810, 3, 'N'),
(811, 36, 'Y'),
(812, 18, 'N'),
(813, 37, 'Y'),
(814, 34, 'N'),
(815, 29, 'N'),
(816, 5, 'Y'),
(817, 21, 'N'),
(818, 33, 'Y'),
(819, 8, 'N'),
(820, 26, 'Y'),
(821, 3, 'Y'),
(822, 13, 'N'),
(823, 7, 'N'),
(824, 34, 'Y'),
(825, 15, 'N'),
(826, 2, 'Y'),
(827, 14, 'Y'),
(828, 28, 'Y'),
(829, 31, 'N'),
(830, 37, 'Y'),
(831, 24, 'Y'),
(832, 22, 'N'),
(833, 39, 'Y'),
(834, 22, 'N'),
(835, 14, 'Y'),
(836, 22, 'Y'),
(837, 39, 'Y'),
(838, 5, 'N'),
(839, 26, 'Y'),
(840, 4, 'Y'),
(841, 35, 'Y'),
(842, 23, 'N'),
(843, 34, 'N'),
(844, 12, 'Y'),
(845, 18, 'N'),
(846, 24, 'N'),
(847, 32, 'Y'),
(848, 31, 'N'),
(849, 24, 'Y'),
(850, 13, 'N'),
(851, 5, 'N'),
(852, 13, 'N'),
(853, 9, 'Y'),
(854, 19, 'Y'),
(855, 28, 'Y'),
(856, 24, 'Y'),
(857, 4, 'N'),
(858, 30, 'Y'),
(859, 25, 'N'),
(860, 29, 'N'),
(861, 31, 'N'),
(862, 34, 'Y'),
(863, 26, 'Y'),
(864, 28, 'Y'),
(865, 25, 'Y'),
(866, 1, 'Y'),
(867, 10, 'N'),
(868, 13, 'Y'),
(869, 4, 'N'),
(870, 15, 'Y'),
(871, 19, 'N'),
(872, 3, 'N'),
(873, 18, 'Y'),
(874, 8, 'Y'),
(875, 27, 'N'),
(876, 1, 'Y'),
(877, 9, 'N'),
(878, 12, 'Y'),
(879, 19, 'N'),
(880, 6, 'N'),
(881, 39, 'N'),
(882, 26, 'Y'),
(883, 1, 'Y'),
(884, 26, 'N'),
(885, 3, 'N'),
(886, 3, 'N'),
(887, 9, 'Y'),
(888, 5, 'Y'),
(889, 31, 'N'),
(890, 25, 'Y'),
(891, 30, 'N'),
(892, 22, 'N'),
(893, 36, 'Y'),
(894, 2, 'Y'),
(895, 7, 'Y'),
(896, 40, 'N'),
(897, 19, 'Y'),
(898, 28, 'Y'),
(899, 9, 'Y'),
(900, 31, 'N'),
(901, 32, 'Y'),
(902, 15, 'N'),
(903, 27, 'N'),
(904, 8, 'N'),
(905, 39, 'N'),
(906, 33, 'N'),
(907, 37, 'N'),
(908, 23, 'Y'),
(909, 7, 'N'),
(910, 15, 'N'),
(911, 6, 'N'),
(912, 23, 'Y'),
(913, 30, 'Y'),
(914, 14, 'N'),
(915, 14, 'N'),
(916, 39, 'N'),
(917, 36, 'N'),
(918, 18, 'Y'),
(919, 16, 'N'),
(920, 26, 'N'),
(921, 29, 'Y'),
(922, 6, 'N'),
(923, 18, 'N'),
(924, 2, 'Y'),
(925, 8, 'N'),
(926, 27, 'N'),
(927, 2, 'N'),
(928, 14, 'N'),
(929, 29, 'N'),
(930, 34, 'Y'),
(931, 32, 'Y'),
(932, 35, 'N'),
(933, 2, 'Y'),
(934, 13, 'Y'),
(935, 37, 'Y'),
(936, 5, 'N'),
(937, 11, 'Y'),
(938, 11, 'N'),
(939, 24, 'Y'),
(940, 2, 'N'),
(941, 3, 'Y'),
(942, 20, 'N'),
(943, 40, 'N'),
(944, 38, 'N'),
(945, 40, 'N'),
(946, 28, 'N'),
(947, 27, 'Y'),
(948, 28, 'Y'),
(949, 3, 'N'),
(950, 28, 'Y'),
(951, 22, 'N'),
(952, 28, 'N'),
(953, 32, 'Y'),
(954, 28, 'N'),
(955, 27, 'N'),
(956, 20, 'N'),
(957, 8, 'Y'),
(958, 37, 'Y'),
(959, 9, 'N'),
(960, 19, 'Y'),
(961, 5, 'Y'),
(962, 32, 'Y'),
(963, 7, 'Y'),
(964, 4, 'Y'),
(965, 37, 'N'),
(966, 4, 'N'),
(967, 30, 'N'),
(968, 27, 'N'),
(969, 21, 'N'),
(970, 12, 'N'),
(971, 10, 'N'),
(972, 38, 'Y'),
(973, 34, 'Y'),
(974, 23, 'Y'),
(975, 8, 'Y'),
(976, 8, 'Y'),
(977, 28, 'Y'),
(978, 40, 'N'),
(979, 12, 'N'),
(980, 34, 'Y'),
(981, 30, 'Y'),
(982, 7, 'Y'),
(983, 39, 'Y'),
(984, 23, 'Y'),
(985, 20, 'N'),
(986, 10, 'Y'),
(987, 28, 'Y'),
(988, 16, 'N'),
(989, 20, 'Y'),
(990, 13, 'N'),
(991, 9, 'N'),
(992, 36, 'Y'),
(993, 10, 'N'),
(994, 33, 'N'),
(995, 20, 'Y'),
(996, 38, 'N'),
(997, 7, 'N'),
(998, 18, 'Y'),
(999, 13, 'Y'),
(1000, 5, 'Y');

INSERT INTO room (RoomID, BuildingName, RoomNo, Capacity) VALUES
(1, 'Seretean Center For the Performing Arts', 410, 204),
(2, 'Classroom Building', 485, 181),
(3, 'Edmon Low Library', 127, 161),
(4, 'Physical Sciences', 152, 75),
(5, 'Hazardous Reaction Laboratory', 101, 106),
(6, 'Classroom Building', 204, 24),
(7, 'Life Sciences East', 164, 123),
(8, 'Greenhouses', 779, 109),
(9, 'Classroom Building', 379, 119),
(10, 'Agricultural Hall', 395, 170),
(11, 'McElroy Hall', 432, 60),
(12, 'Cordell Hall', 165, 186),
(13, 'Physical Sciences', 490, 66),
(14, 'Life Sciences West', 227, 154),
(15, 'Library Annex', 326, 24),
(16, 'Civil Engineering Laboratory', 705, 113),
(17, 'Cordell Hall', 613, 49),
(18, 'Hanner Hall', 204, 166),
(19, 'BioSystems and Agricultural Engineering Laboratory', 248, 65),
(20, 'BioSystems and Agricultural Engineering Laboratory', 499, 202),
(21, 'Greenhouses', 532, 163),
(22, 'Architecture Building', 353, 135),
(23, 'Math Sciences', 716, 29),
(24, 'Thatcher Hall', 312, 144),
(25, 'Advanced Technology Research Center', 181, 60),
(26, 'McElroy Hall', 371, 25),
(27, 'Engineering North', 273, 40),
(28, 'Library Annex', 263, 182),
(29, 'Engineering South', 575, 202),
(30, 'Animal Disease Diagnostic Laboratory', 720, 152),
(31, 'Scott Hall', 287, 141),
(32, 'Classroom Building', 476, 172),
(33, 'Life Sciences West', 153, 111),
(34, 'Agricultural Hall', 162, 41),
(35, 'Advanced Technology Research Center', 360, 157),
(36, 'Business Building', 277, 76),
(37, 'Seretean Center For the Performing Arts', 628, 131),
(38, 'Morrill Hall', 406, 42),
(39, 'Noble Research Center', 761, 41),
(40, 'Engineering South', 777, 122),
(41, 'Electronics Laboratory', 188, 190),
(42, 'Engineering South', 587, 206),
(43, 'Human Environmental Sciences West', 217, 161),
(44, 'Cordell Hall', 393, 121),
(45, 'Fire Protection and Safety Technology Laboratory', 778, 114),
(46, 'Life Sciences West', 474, 99),
(47, 'Bartlett Center for the Visual Arts', 448, 179),
(48, 'Paul Miller Journalism and Broadcasting Building', 706, 188),
(49, 'Human Environmental Sciences West', 581, 169),
(50, 'Fire Protection and Safety Technology Laboratory', 491, 151),
(51, 'Civil Engineering Laboratory', 346, 109),
(52, 'North Murray', 293, 158),
(53, 'Bartlett Center for the Visual Arts', 710, 134),
(54, 'Civil Engineering Laboratory', 410, 143),
(55, 'Math Sciences', 739, 41),
(56, 'North Classroom Building (finished late 2008)', 156, 88),
(57, 'Hazardous Reaction Laboratory', 569, 171),
(58, 'Engineering North', 616, 36),
(59, 'Paul Miller Journalism and Broadcasting Building', 771, 34),
(60, 'North Classroom Building (finished late 2008)', 530, 100),
(61, 'Scott Hall', 731, 194),
(62, 'Agricultural Center Offices', 702, 151),
(63, 'Agricultural Hall', 303, 118),
(64, 'Boren Veterinary Medicine Teaching Hospital', 459, 178),
(65, 'Bartlett Center for the Visual Arts', 207, 49),
(66, 'Food and Agricultural Products Research and Technology Center', 756, 98),
(67, 'Life Sciences East', 112, 95),
(68, 'North Classroom Building (finished late 2008)', 427, 44),
(69, 'Life Sciences East', 668, 207),
(70, 'Engineering South', 149, 158),
(71, 'Cordell Hall', 176, 193),
(72, 'Hazardous Reaction Laboratory', 306, 26),
(73, 'Morrill Hall', 244, 145),
(74, 'Noble Research Center', 272, 154),
(75, 'North Murray', 410, 31),
(76, 'Agricultural Hall', 745, 168),
(77, 'Hanner Hall', 236, 185),
(78, 'Engineering South', 423, 118),
(79, 'Hanner Hall', 334, 49),
(80, 'Electronics Laboratory', 508, 172),
(81, 'Human Environmental Sciences West', 723, 56),
(82, 'Hazardous Reaction Laboratory', 367, 63),
(83, 'Agricultural Center Offices', 482, 33),
(84, 'Thatcher Hall', 183, 70),
(85, 'Paul Miller Journalism and Broadcasting Building', 474, 62),
(86, 'Animal Disease Diagnostic Laboratory', 795, 193),
(87, 'Architecture Building', 567, 58),
(88, 'Fire Protection and Safety Technology Laboratory', 543, 178),
(89, 'Electronics Laboratory', 224, 20),
(90, 'Business Building', 303, 89),
(91, 'Life Sciences West', 508, 115),
(92, 'Hazardous Reaction Laboratory', 112, 114),
(93, 'Seretean Center For the Performing Arts', 435, 28),
(94, 'Thatcher Hall', 330, 152),
(95, 'Gundersen Hall', 145, 138),
(96, 'Edmon Low Library', 287, 59),
(97, 'Electronics Laboratory', 384, 107),
(98, 'Engineering South', 559, 193),
(99, 'Bartlett Center for the Visual Arts', 286, 92),
(100, 'Willard', 122, 36),
(101, 'Advanced Technology Research Center', 462, 23),
(102, 'Electronics Laboratory', 121, 155),
(103, 'Business Building', 137, 191),
(104, 'BioSystems and Agricultural Engineering Laboratory', 532, 31),
(105, 'Animal Sciences', 414, 169),
(106, 'MAE Research Laboratory', 139, 102),
(107, 'Agricultural Hall', 148, 33),
(108, 'Electronics Laboratory', 538, 190),
(109, 'Engineering South', 800, 131),
(110, 'Life Sciences East', 794, 84),
(111, 'Controlled Environmental Research Laboratory', 721, 113),
(112, 'Bartlett Center for the Visual Arts', 246, 73),
(113, 'Physical Sciences', 381, 197),
(114, 'Greenhouses', 363, 72),
(115, 'Business Building', 607, 63),
(116, 'Electronics Laboratory', 464, 151),
(117, 'Advanced Technology Research Center', 319, 138),
(118, 'Animal Disease Diagnostic Laboratory', 219, 68),
(119, 'Edmon Low Library', 785, 135),
(120, 'Animal Disease Diagnostic Laboratory', 213, 66),
(121, 'Edmon Low Library', 289, 59),
(122, 'Boren Veterinary Medicine Teaching Hospital', 369, 127),
(123, 'Food and Agricultural Products Research and Technology Center', 302, 44),
(124, 'Fire Protection and Safety Technology Laboratory', 465, 138),
(125, 'Morrill Hall', 441, 62),
(126, 'Noble Research Center', 164, 98),
(127, 'Life Sciences East', 672, 208),
(128, 'North Classroom Building (finished late 2008)', 714, 203),
(129, 'Classroom Building', 226, 36),
(130, 'Gundersen Hall', 222, 183),
(131, 'Math Sciences', 461, 80),
(132, 'Architecture Building', 478, 203),
(133, 'Civil Engineering Laboratory', 237, 46),
(134, 'Hanner Hall', 312, 33),
(135, 'Electronics Laboratory', 146, 169),
(136, 'Civil Engineering Laboratory', 702, 112),
(137, 'Edmon Low Library', 329, 82),
(138, 'Paul Miller Journalism and Broadcasting Building', 751, 21),
(139, 'Physical Sciences', 570, 111),
(140, 'BioSystems and Agricultural Engineering Laboratory', 435, 170),
(141, 'Advanced Technology Research Center', 746, 180),
(142, 'Noble Research Center', 129, 79),
(143, 'Advanced Technology Research Center', 544, 67),
(144, 'Math Sciences', 231, 147),
(145, 'South Murray', 382, 186),
(146, 'Hanner Hall', 361, 62),
(147, 'Life Sciences West', 531, 128),
(148, 'Fire Protection and Safety Technology Laboratory', 172, 167),
(149, 'Morrill Hall', 523, 108),
(150, 'Bartlett Center for the Visual Arts', 482, 197),
(151, 'Cordell Hall', 769, 132),
(152, 'Classroom Building', 264, 59),
(153, 'Agricultural Hall', 574, 77),
(154, 'Animal Disease Diagnostic Laboratory', 172, 46),
(155, 'Life Sciences East', 634, 187),
(156, 'North Classroom Building (finished late 2008)', 192, 106),
(157, 'Scott Hall', 619, 131),
(158, 'Noble Research Center', 473, 73),
(159, 'Fire Protection and Safety Technology Laboratory', 191, 179),
(160, 'Edmon Low Library', 350, 91),
(161, 'Agricultural Center Offices', 268, 104),
(162, 'Classroom Building', 235, 40),
(163, 'Animal Disease Diagnostic Laboratory', 411, 173),
(164, 'Seretean Center For the Performing Arts', 677, 159),
(165, 'South Murray', 432, 23),
(166, 'Bartlett Center for the Visual Arts', 343, 121),
(167, 'Scott Hall', 109, 46),
(168, 'Edmon Low Library', 169, 183),
(169, 'Architecture Building', 316, 113),
(170, 'Willard', 706, 162),
(171, 'Advanced Technology Research Center', 234, 89),
(172, 'Bartlett Center for the Visual Arts', 368, 136),
(173, 'Business Building', 450, 167),
(174, 'BioSystems and Agricultural Engineering Laboratory', 450, 176),
(175, 'Animal Disease Diagnostic Laboratory', 267, 97),
(176, 'Human Environmental Sciences', 259, 191),
(177, 'BioSystems and Agricultural Engineering Laboratory', 626, 80),
(178, 'Morrill Hall', 171, 107),
(179, 'Greenhouses', 182, 162),
(180, 'Business Building', 179, 20),
(181, 'Animal Sciences', 433, 180),
(182, 'Boren Veterinary Medicine Teaching Hospital', 600, 61),
(183, 'Agricultural Center Offices', 291, 115),
(184, 'Animal Sciences', 545, 50),
(185, 'BioSystems and Agricultural Engineering Laboratory', 254, 71),
(186, 'Food and Agricultural Products Research and Technology Center', 297, 41),
(187, 'Agricultural Hall', 704, 145),
(188, 'BioSystems and Agricultural Engineering Laboratory', 164, 20),
(189, 'Scott Hall', 479, 56),
(190, 'Hazardous Reaction Laboratory', 754, 82),
(191, 'Edmon Low Library', 182, 192),
(192, 'Hazardous Reaction Laboratory', 657, 29),
(193, 'Fire Protection and Safety Technology Laboratory', 659, 53),
(194, 'Hanner Hall', 319, 39),
(195, 'Architecture Building', 267, 86),
(196, 'McElroy Hall', 611, 159),
(197, 'MAE Research Laboratory', 518, 116),
(198, 'Animal Sciences', 667, 119),
(199, 'Noble Research Center', 599, 144),
(200, 'Noble Research Center', 139, 85),
(201, 'Life Sciences East', 352, 36),
(202, 'Cordell Hall', 462, 155),
(203, 'Cordell Hall', 656, 73),
(204, 'Morrill Hall', 618, 156),
(205, 'Bartlett Center for the Visual Arts', 348, 128),
(206, 'BioSystems and Agricultural Engineering Laboratory', 500, 206),
(207, 'Agricultural Center Offices', 614, 102),
(208, 'Physical Sciences', 224, 112),
(209, 'Willard', 705, 159),
(210, 'Animal Disease Diagnostic Laboratory', 474, 207),
(211, 'Library Annex', 367, 46),
(212, 'Bartlett Center for the Visual Arts', 547, 43),
(213, 'Controlled Environmental Research Laboratory', 391, 121),
(214, 'Boren Veterinary Medicine Teaching Hospital', 111, 179),
(215, 'Business Building', 717, 121),
(216, 'North Murray', 468, 63),
(217, 'Business Building', 745, 136),
(218, 'Thatcher Hall', 666, 143),
(219, 'Morrill Hall', 523, 107),
(220, 'Greenhouses', 234, 192),
(221, 'Animal Sciences', 439, 186),
(222, 'Math Sciences', 746, 46),
(223, 'Food and Agricultural Products Research and Technology Center', 491, 147),
(224, 'Human Environmental Sciences West', 363, 51),
(225, 'Life Sciences West', 623, 180),
(226, 'Greenhouses', 377, 79),
(227, 'McElroy Hall', 509, 102),
(228, 'Math Sciences', 230, 148),
(229, 'Agricultural Hall', 283, 110),
(230, 'Edmon Low Library', 457, 148),
(231, 'Physical Sciences', 541, 94),
(232, 'Animal Disease Diagnostic Laboratory', 759, 172),
(233, 'Thatcher Hall', 373, 174),
(234, 'Math Sciences', 142, 97),
(235, 'Human Environmental Sciences West', 628, 195),
(236, 'Noble Research Center', 771, 45),
(237, 'Scott Hall', 744, 199),
(238, 'Controlled Environmental Research Laboratory', 473, 169),
(239, 'Thatcher Hall', 297, 132),
(240, 'Advanced Technology Research Center', 554, 75),
(241, 'Engineering South', 484, 150),
(242, 'Boren Veterinary Medicine Teaching Hospital', 580, 53),
(243, 'BioSystems and Agricultural Engineering Laboratory', 259, 71),
(244, 'North Classroom Building (finished late 2008)', 104, 59),
(245, 'Seretean Center For the Performing Arts', 486, 56),
(246, 'BioSystems and Agricultural Engineering Laboratory', 436, 169),
(247, 'Civil Engineering Laboratory', 366, 119),
(248, 'Business Building', 648, 85),
(249, 'Controlled Environmental Research Laboratory', 402, 128),
(250, 'Cordell Hall', 599, 42),
(251, 'Gundersen Hall', 667, 43),
(252, 'McElroy Hall', 653, 183),
(253, 'Electronics Laboratory', 243, 31),
(254, 'Controlled Environmental Research Laboratory', 464, 162),
(255, 'MAE Research Laboratory', 501, 109),
(256, 'South Murray', 406, 200),
(257, 'Physical Sciences', 772, 28),
(258, 'McElroy Hall', 393, 41),
(259, 'Animal Sciences', 795, 187),
(260, 'Life Sciences West', 771, 68),
(261, 'Fire Protection and Safety Technology Laboratory', 791, 124),
(262, 'Edmon Low Library', 483, 165),
(263, 'North Murray', 741, 22),
(264, 'Life Sciences East', 348, 31),
(265, 'Business Building', 733, 133),
(266, 'Hazardous Reaction Laboratory', 408, 85),
(267, 'Boren Veterinary Medicine Teaching Hospital', 274, 79),
(268, 'Human Environmental Sciences West', 348, 43),
(269, 'Library Annex', 284, 194),
(270, 'Food and Agricultural Products Research and Technology Center', 747, 96),
(271, 'Seretean Center For the Performing Arts', 525, 74),
(272, 'South Murray', 371, 177),
(273, 'Willard', 469, 31),
(274, 'McElroy Hall', 769, 52),
(275, 'Agricultural Hall', 551, 62),
(276, 'Scott Hall', 660, 153),
(277, 'Hanner Hall', 586, 186),
(278, 'Life Sciences East', 486, 107),
(279, 'Life Sciences West', 677, 206),
(280, 'Greenhouses', 287, 31),
(281, 'Civil Engineering Laboratory', 111, 171),
(282, 'Hanner Hall', 662, 37),
(283, 'Engineering South', 628, 39),
(284, 'Morrill Hall', 485, 87),
(285, 'Paul Miller Journalism and Broadcasting Building', 590, 125),
(286, 'Bartlett Center for the Visual Arts', 689, 122),
(287, 'McElroy Hall', 616, 161),
(288, 'MAE Research Laboratory', 709, 32),
(289, 'Agricultural Center Offices', 442, 199),
(290, 'Life Sciences West', 321, 205),
(291, 'Seretean Center For the Performing Arts', 800, 37),
(292, 'BioSystems and Agricultural Engineering Laboratory', 451, 177),
(293, 'BioSystems and Agricultural Engineering Laboratory', 478, 193),
(294, 'Cordell Hall', 327, 84),
(295, 'Human Environmental Sciences', 564, 162),
(296, 'Animal Disease Diagnostic Laboratory', 100, 196),
(297, 'Engineering North', 639, 50),
(298, 'Hanner Hall', 711, 60),
(299, 'Human Environmental Sciences West', 172, 137),
(300, 'Engineering North', 177, 182),
(301, 'Willard', 261, 109),
(302, 'Life Sciences West', 117, 95),
(303, 'Library Annex', 464, 101),
(304, 'Paul Miller Journalism and Broadcasting Building', 456, 52),
(305, 'Engineering North', 173, 179),
(306, 'Hazardous Reaction Laboratory', 396, 76),
(307, 'McElroy Hall', 283, 172),
(308, 'Library Annex', 275, 189),
(309, 'Business Building', 713, 120),
(310, 'Noble Research Center', 641, 166),
(311, 'Engineering South', 621, 34),
(312, 'Business Building', 385, 131),
(313, 'Agricultural Hall', 516, 46),
(314, 'Life Sciences East', 608, 175),
(315, 'Fire Protection and Safety Technology Laboratory', 759, 107),
(316, 'Seretean Center For the Performing Arts', 228, 107),
(317, 'Seretean Center For the Performing Arts', 655, 145),
(318, 'Animal Disease Diagnostic Laboratory', 356, 146),
(319, 'North Classroom Building (finished late 2008)', 559, 116),
(320, 'Agricultural Hall', 143, 31),
(321, 'North Classroom Building (finished late 2008)', 593, 135),
(322, 'Hanner Hall', 366, 67),
(323, 'Hazardous Reaction Laboratory', 706, 54),
(324, 'South Murray', 763, 200),
(325, 'Hazardous Reaction Laboratory', 747, 79),
(326, 'Morrill Hall', 173, 108),
(327, 'Noble Research Center', 693, 194),
(328, 'MAE Research Laboratory', 242, 157),
(329, 'Bartlett Center for the Visual Arts', 305, 101),
(330, 'Willard', 550, 77),
(331, 'Hanner Hall', 120, 123),
(332, 'Willard', 676, 145),
(333, 'Agricultural Hall', 414, 181),
(334, 'Controlled Environmental Research Laboratory', 599, 44),
(335, 'Greenhouses', 125, 132),
(336, 'Human Environmental Sciences West', 795, 96),
(337, 'Scott Hall', 298, 146),
(338, 'Human Environmental Sciences', 272, 198),
(339, 'Electronics Laboratory', 411, 119),
(340, 'Controlled Environmental Research Laboratory', 294, 68),
(341, 'Fire Protection and Safety Technology Laboratory', 505, 160),
(342, 'Architecture Building', 441, 182),
(343, 'Food and Agricultural Products Research and Technology Center', 796, 122),
(344, 'Civil Engineering Laboratory', 601, 53),
(345, 'Civil Engineering Laboratory', 501, 191),
(346, 'MAE Research Laboratory', 515, 116),
(347, 'Architecture Building', 735, 150),
(348, 'Hazardous Reaction Laboratory', 671, 38),
(349, 'Scott Hall', 368, 187),
(350, 'Life Sciences West', 435, 74),
(351, 'Bartlett Center for the Visual Arts', 246, 70),
(352, 'Cordell Hall', 383, 115),
(353, 'McElroy Hall', 252, 154),
(354, 'Hanner Hall', 128, 126),
(355, 'Human Environmental Sciences', 385, 67),
(356, 'Greenhouses', 696, 62),
(357, 'Animal Sciences', 211, 61),
(358, 'Life Sciences West', 501, 112),
(359, 'Cordell Hall', 510, 183),
(360, 'Life Sciences East', 800, 90),
(361, 'Noble Research Center', 503, 93),
(362, 'Agricultural Center Offices', 141, 34),
(363, 'Food and Agricultural Products Research and Technology Center', 771, 108),
(364, 'Civil Engineering Laboratory', 263, 63),
(365, 'Classroom Building', 621, 62),
(366, 'Fire Protection and Safety Technology Laboratory', 745, 99),
(367, 'BioSystems and Agricultural Engineering Laboratory', 772, 161),
(368, 'Morrill Hall', 718, 22),
(369, 'Bartlett Center for the Visual Arts', 582, 63),
(370, 'North Murray', 765, 31),
(371, 'Advanced Technology Research Center', 731, 171),
(372, 'Electronics Laboratory', 483, 158),
(373, 'Math Sciences', 746, 47),
(374, 'Gundersen Hall', 364, 68),
(375, 'Life Sciences East', 438, 81),
(376, 'MAE Research Laboratory', 252, 163),
(377, 'Agricultural Hall', 370, 155),
(378, 'Controlled Environmental Research Laboratory', 205, 20),
(379, 'Math Sciences', 362, 29),
(380, 'Paul Miller Journalism and Broadcasting Building', 332, 173),
(381, 'Library Annex', 239, 168),
(382, 'Civil Engineering Laboratory', 122, 176),
(383, 'North Classroom Building (finished late 2008)', 674, 181),
(384, 'Gundersen Hall', 670, 46),
(385, 'North Murray', 404, 27),
(386, 'Boren Veterinary Medicine Teaching Hospital', 538, 28),
(387, 'Civil Engineering Laboratory', 523, 202),
(388, 'Hanner Hall', 385, 74),
(389, 'McElroy Hall', 314, 188),
(390, 'Advanced Technology Research Center', 230, 89),
(391, 'Greenhouses', 683, 54),
(392, 'Civil Engineering Laboratory', 597, 53),
(393, 'Civil Engineering Laboratory', 562, 34),
(394, 'McElroy Hall', 411, 48),
(395, 'Hanner Hall', 591, 186),
(396, 'Engineering North', 464, 145),
(397, 'Life Sciences West', 470, 94),
(398, 'Business Building', 633, 79),
(399, 'Willard', 781, 202),
(400, 'North Murray', 556, 111),
(401, 'Gundersen Hall', 543, 166),
(402, 'Engineering North', 117, 148),
(403, 'Engineering North', 188, 186),
(404, 'Agricultural Hall', 404, 175),
(405, 'Life Sciences West', 504, 114),
(406, 'Noble Research Center', 564, 122),
(407, 'Library Annex', 438, 88),
(408, 'Business Building', 688, 106),
(409, 'Physical Sciences', 490, 64),
(410, 'Scott Hall', 232, 114),
(411, 'Engineering South', 425, 118),
(412, 'North Classroom Building (finished late 2008)', 106, 60),
(413, 'Thatcher Hall', 239, 103),
(414, 'Food and Agricultural Products Research and Technology Center', 278, 30),
(415, 'Advanced Technology Research Center', 661, 133),
(416, 'Hanner Hall', 481, 127),
(417, 'Civil Engineering Laboratory', 268, 64),
(418, 'Thatcher Hall', 200, 81),
(419, 'Engineering South', 659, 56),
(420, 'Agricultural Hall', 183, 54),
(421, 'BioSystems and Agricultural Engineering Laboratory', 321, 108),
(422, 'Life Sciences East', 486, 106),
(423, 'Advanced Technology Research Center', 503, 45),
(424, 'Bartlett Center for the Visual Arts', 452, 184),
(425, 'Electronics Laboratory', 181, 187),
(426, 'Morrill Hall', 234, 138),
(427, 'Architecture Building', 721, 144),
(428, 'Thatcher Hall', 434, 209),
(429, 'Thatcher Hall', 574, 92),
(430, 'Classroom Building', 775, 146),
(431, 'Advanced Technology Research Center', 582, 89),
(432, 'Paul Miller Journalism and Broadcasting Building', 538, 96),
(433, 'Cordell Hall', 225, 29),
(434, 'Physical Sciences', 606, 128),
(435, 'Electronics Laboratory', 589, 26),
(436, 'Civil Engineering Laboratory', 222, 39),
(437, 'Paul Miller Journalism and Broadcasting Building', 734, 201),
(438, 'McElroy Hall', 369, 25),
(439, 'North Murray', 266, 143),
(440, 'Agricultural Center Offices', 641, 115),
(441, 'Human Environmental Sciences West', 200, 150),
(442, 'Agricultural Center Offices', 636, 116),
(443, 'Life Sciences East', 695, 30),
(444, 'Paul Miller Journalism and Broadcasting Building', 181, 93),
(445, 'Human Environmental Sciences West', 606, 182),
(446, 'MAE Research Laboratory', 677, 205),
(447, 'Controlled Environmental Research Laboratory', 457, 160),
(448, 'North Classroom Building (finished late 2008)', 383, 23),
(449, 'McElroy Hall', 550, 125),
(450, 'Advanced Technology Research Center', 210, 78),
(451, 'Architecture Building', 296, 101),
(452, 'Math Sciences', 370, 32),
(453, 'North Classroom Building (finished late 2008)', 774, 43),
(454, 'South Murray', 697, 167),
(455, 'Life Sciences West', 334, 23),
(456, 'Paul Miller Journalism and Broadcasting Building', 157, 80),
(457, 'Electronics Laboratory', 414, 123),
(458, 'Civil Engineering Laboratory', 537, 21),
(459, 'Math Sciences', 323, 198),
(460, 'Scott Hall', 370, 186),
(461, 'Life Sciences West', 643, 188),
(462, 'Life Sciences East', 103, 89),
(463, 'Classroom Building', 214, 33),
(464, 'Library Annex', 516, 128),
(465, 'Physical Sciences', 451, 45),
(466, 'Human Environmental Sciences', 688, 42),
(467, 'Gundersen Hall', 681, 50),
(468, 'Animal Disease Diagnostic Laboratory', 434, 185),
(469, 'Animal Sciences', 490, 23),
(470, 'Morrill Hall', 539, 114),
(471, 'Life Sciences West', 547, 136),
(472, 'Gundersen Hall', 699, 58),
(473, 'Architecture Building', 735, 149),
(474, 'Electronics Laboratory', 118, 151),
(475, 'Food and Agricultural Products Research and Technology Center', 784, 114),
(476, 'Bartlett Center for the Visual Arts', 486, 202),
(477, 'Advanced Technology Research Center', 591, 95),
(478, 'BioSystems and Agricultural Engineering Laboratory', 422, 162),
(479, 'Hazardous Reaction Laboratory', 647, 21),
(480, 'Life Sciences West', 304, 193),
(481, 'Greenhouses', 577, 188),
(482, 'Edmon Low Library', 438, 141),
(483, 'Business Building', 684, 104),
(484, 'Thatcher Hall', 463, 34),
(485, 'Architecture Building', 579, 65),
(486, 'Cordell Hall', 311, 76),
(487, 'Agricultural Hall', 564, 72),
(488, 'Engineering North', 328, 73),
(489, 'Business Building', 371, 125),
(490, 'Gundersen Hall', 532, 157),
(491, 'Scott Hall', 609, 127),
(492, 'Library Annex', 297, 199),
(493, 'Agricultural Center Offices', 146, 37),
(494, 'Seretean Center For the Performing Arts', 696, 167),
(495, 'Engineering North', 799, 138),
(496, 'Thatcher Hall', 196, 81),
(497, 'Morrill Hall', 521, 103),
(498, 'Agricultural Center Offices', 279, 112),
(499, 'Willard', 531, 68),
(500, 'Agricultural Center Offices', 718, 160),
(501, 'BioSystems and Agricultural Engineering Laboratory', 796, 174),
(502, 'Boren Veterinary Medicine Teaching Hospital', 123, 186),
(503, 'MAE Research Laboratory', 694, 20),
(504, 'Thatcher Hall', 111, 31),
(505, 'Edmon Low Library', 463, 153),
(506, 'Library Annex', 398, 62),
(507, 'Human Environmental Sciences', 436, 94),
(508, 'Fire Protection and Safety Technology Laboratory', 756, 102),
(509, 'Greenhouses', 714, 72),
(510, 'Gundersen Hall', 649, 31),
(511, 'Paul Miller Journalism and Broadcasting Building', 366, 195),
(512, 'BioSystems and Agricultural Engineering Laboratory', 793, 172),
(513, 'MAE Research Laboratory', 691, 20),
(514, 'Agricultural Center Offices', 118, 24),
(515, 'Fire Protection and Safety Technology Laboratory', 594, 209),
(516, 'Edmon Low Library', 305, 67),
(517, 'Engineering South', 219, 196),
(518, 'Controlled Environmental Research Laboratory', 551, 210),
(519, 'Gundersen Hall', 737, 83),
(520, 'Human Environmental Sciences', 239, 180),
(521, 'Hanner Hall', 223, 180),
(522, 'Architecture Building', 453, 188),
(523, 'Physical Sciences', 162, 80),
(524, 'Human Environmental Sciences West', 759, 76),
(525, 'Physical Sciences', 731, 197),
(526, 'Agricultural Center Offices', 350, 148),
(527, 'Greenhouses', 652, 40),
(528, 'Business Building', 138, 192),
(529, 'Willard', 120, 33),
(530, 'Gundersen Hall', 687, 53),
(531, 'Engineering North', 766, 119),
(532, 'Willard', 412, 194),
(533, 'Boren Veterinary Medicine Teaching Hospital', 691, 114),
(534, 'Hanner Hall', 729, 72),
(535, 'Gundersen Hall', 308, 39),
(536, 'Controlled Environmental Research Laboratory', 553, 22),
(537, 'Life Sciences East', 544, 141),
(538, 'Civil Engineering Laboratory', 673, 92),
(539, 'Library Annex', 100, 92),
(540, 'Gundersen Hall', 281, 22),
(541, 'McElroy Hall', 676, 192),
(542, 'Library Annex', 609, 181),
(543, 'Scott Hall', 415, 20),
(544, 'Math Sciences', 523, 114),
(545, 'Life Sciences West', 266, 173),
(546, 'Math Sciences', 616, 166),
(547, 'South Murray', 406, 199),
(548, 'Advanced Technology Research Center', 127, 32),
(549, 'Gundersen Hall', 202, 169),
(550, 'Agricultural Center Offices', 594, 90),
(551, 'Hazardous Reaction Laboratory', 778, 96),
(552, 'Greenhouses', 770, 104),
(553, 'Hazardous Reaction Laboratory', 342, 49),
(554, 'Fire Protection and Safety Technology Laboratory', 392, 99),
(555, 'Hanner Hall', 595, 191),
(556, 'Agricultural Hall', 443, 196),
(557, 'Edmon Low Library', 761, 125),
(558, 'Animal Sciences', 736, 154),
(559, 'Animal Sciences', 181, 44),
(560, 'Controlled Environmental Research Laboratory', 212, 24),
(561, 'Bartlett Center for the Visual Arts', 546, 42),
(562, 'Electronics Laboratory', 397, 113),
(563, 'Food and Agricultural Products Research and Technology Center', 735, 88),
(564, 'Willard', 126, 38),
(565, 'Architecture Building', 683, 122),
(566, 'Physical Sciences', 754, 21),
(567, 'Willard', 201, 77),
(568, 'BioSystems and Agricultural Engineering Laboratory', 763, 158),
(569, 'Hanner Hall', 611, 196),
(570, 'Architecture Building', 140, 206),
(571, 'Math Sciences', 561, 137),
(572, 'Bartlett Center for the Visual Arts', 347, 123),
(573, 'Life Sciences West', 551, 138),
(574, 'Willard', 556, 80),
(575, 'North Murray', 363, 198),
(576, 'Scott Hall', 414, 209),
(577, 'Business Building', 137, 187),
(578, 'Bartlett Center for the Visual Arts', 440, 177),
(579, 'Seretean Center For the Performing Arts', 592, 113),
(580, 'Bartlett Center for the Visual Arts', 214, 51),
(581, 'Animal Sciences', 744, 159),
(582, 'Food and Agricultural Products Research and Technology Center', 625, 27),
(583, 'Math Sciences', 737, 42),
(584, 'South Murray', 327, 153),
(585, 'Thatcher Hall', 710, 168),
(586, 'Scott Hall', 796, 35),
(587, 'Food and Agricultural Products Research and Technology Center', 169, 164),
(588, 'Noble Research Center', 399, 34),
(589, 'Advanced Technology Research Center', 233, 92),
(590, 'Fire Protection and Safety Technology Laboratory', 666, 53),
(591, 'South Murray', 593, 107),
(592, 'Hanner Hall', 609, 197),
(593, 'Bartlett Center for the Visual Arts', 591, 67),
(594, 'Edmon Low Library', 688, 87),
(595, 'Edmon Low Library', 536, 191),
(596, 'Engineering North', 379, 98),
(597, 'Bartlett Center for the Visual Arts', 675, 112),
(598, 'Seretean Center For the Performing Arts', 388, 193),
(599, 'Human Environmental Sciences West', 640, 202),
(600, 'North Classroom Building (finished late 2008)', 312, 172),
(601, 'McElroy Hall', 515, 108),
(602, 'Noble Research Center', 444, 60),
(603, 'Greenhouses', 317, 47),
(604, 'Electronics Laboratory', 161, 173),
(605, 'Edmon Low Library', 132, 163),
(606, 'Engineering North', 531, 183),
(607, 'North Classroom Building (finished late 2008)', 319, 177),
(608, 'Hazardous Reaction Laboratory', 587, 179),
(609, 'Human Environmental Sciences West', 129, 111),
(610, 'Library Annex', 281, 192),
(611, 'North Murray', 405, 28),
(612, 'BioSystems and Agricultural Engineering Laboratory', 420, 159),
(613, 'Boren Veterinary Medicine Teaching Hospital', 243, 60),
(614, 'South Murray', 768, 203),
(615, 'Boren Veterinary Medicine Teaching Hospital', 268, 76),
(616, 'MAE Research Laboratory', 721, 34),
(617, 'Life Sciences West', 460, 91),
(618, 'Gundersen Hall', 508, 145),
(619, 'Advanced Technology Research Center', 217, 81),
(620, 'Business Building', 688, 106),
(621, 'Fire Protection and Safety Technology Laboratory', 685, 67),
(622, 'Business Building', 603, 63),
(623, 'BioSystems and Agricultural Engineering Laboratory', 629, 86),
(624, 'Animal Sciences', 745, 162),
(625, 'Boren Veterinary Medicine Teaching Hospital', 348, 118),
(626, 'BioSystems and Agricultural Engineering Laboratory', 753, 150),
(627, 'Advanced Technology Research Center', 556, 75),
(628, 'Edmon Low Library', 663, 70),
(629, 'Life Sciences East', 120, 100),
(630, 'Fire Protection and Safety Technology Laboratory', 784, 119),
(631, 'Morrill Hall', 540, 117),
(632, 'Cordell Hall', 550, 205),
(633, 'Human Environmental Sciences', 600, 185),
(634, 'Animal Sciences', 380, 151),
(635, 'Fire Protection and Safety Technology Laboratory', 499, 154),
(636, 'Edmon Low Library', 400, 118),
(637, 'Willard', 408, 191),
(638, 'Edmon Low Library', 676, 79),
(639, 'Library Annex', 294, 201),
(640, 'Human Environmental Sciences West', 278, 196),
(641, 'Animal Sciences', 576, 69),
(642, 'Scott Hall', 383, 195),
(643, 'BioSystems and Agricultural Engineering Laboratory', 369, 134),
(644, 'Engineering North', 753, 111),
(645, 'Library Annex', 360, 44),
(646, 'Morrill Hall', 272, 159),
(647, 'Cordell Hall', 465, 157),
(648, 'Boren Veterinary Medicine Teaching Hospital', 623, 75),
(649, 'Bartlett Center for the Visual Arts', 520, 30),
(650, 'Life Sciences East', 615, 176),
(651, 'McElroy Hall', 720, 27),
(652, 'Life Sciences East', 266, 177),
(653, 'Scott Hall', 270, 132),
(654, 'Electronics Laboratory', 753, 116),
(655, 'Engineering North', 428, 125),
(656, 'Hanner Hall', 712, 65),
(657, 'Library Annex', 616, 185),
(658, 'Engineering North', 372, 95),
(659, 'BioSystems and Agricultural Engineering Laboratory', 614, 75),
(660, 'Bartlett Center for the Visual Arts', 179, 33),
(661, 'Electronics Laboratory', 775, 127),
(662, 'Food and Agricultural Products Research and Technology Center', 457, 126),
(663, 'Seretean Center For the Performing Arts', 566, 99),
(664, 'BioSystems and Agricultural Engineering Laboratory', 145, 202),
(665, 'Physical Sciences', 542, 95),
(666, 'Hanner Hall', 656, 34),
(667, 'Library Annex', 621, 185),
(668, 'Animal Disease Diagnostic Laboratory', 663, 119),
(669, 'Hanner Hall', 368, 68),
(670, 'Paul Miller Journalism and Broadcasting Building', 669, 168),
(671, 'Math Sciences', 413, 54),
(672, 'Cordell Hall', 585, 31),
(673, 'Scott Hall', 313, 155),
(674, 'Fire Protection and Safety Technology Laboratory', 739, 95),
(675, 'Architecture Building', 211, 57),
(676, 'Hanner Hall', 401, 83),
(677, 'Agricultural Center Offices', 333, 139),
(678, 'Noble Research Center', 677, 186),
(679, 'Greenhouses', 485, 137),
(680, 'Fire Protection and Safety Technology Laboratory', 175, 170),
(681, 'Paul Miller Journalism and Broadcasting Building', 387, 204),
(682, 'North Classroom Building (finished late 2008)', 733, 20),
(683, 'Boren Veterinary Medicine Teaching Hospital', 243, 60),
(684, 'Willard', 305, 135),
(685, 'Math Sciences', 164, 111),
(686, 'Animal Sciences', 373, 150),
(687, 'Engineering South', 379, 93),
(688, 'Boren Veterinary Medicine Teaching Hospital', 648, 89),
(689, 'McElroy Hall', 753, 46),
(690, 'Seretean Center For the Performing Arts', 587, 109),
(691, 'McElroy Hall', 585, 143),
(692, 'Human Environmental Sciences West', 135, 115),
(693, 'Bartlett Center for the Visual Arts', 161, 24),
(694, 'Food and Agricultural Products Research and Technology Center', 214, 187),
(695, 'Business Building', 304, 88),
(696, 'Life Sciences East', 219, 154),
(697, 'Thatcher Hall', 617, 115),
(698, 'Advanced Technology Research Center', 324, 142),
(699, 'Hanner Hall', 311, 36),
(700, 'Animal Sciences', 505, 30),
(701, 'Bartlett Center for the Visual Arts', 452, 184),
(702, 'Civil Engineering Laboratory', 602, 57),
(703, 'MAE Research Laboratory', 355, 26),
(704, 'Controlled Environmental Research Laboratory', 651, 72),
(705, 'South Murray', 302, 142),
(706, 'Engineering South', 234, 207),
(707, 'Morrill Hall', 753, 41),
(708, 'Greenhouses', 331, 56),
(709, 'Civil Engineering Laboratory', 642, 78),
(710, 'Paul Miller Journalism and Broadcasting Building', 126, 61),
(711, 'Greenhouses', 479, 136),
(712, 'North Murray', 740, 210),
(713, 'Scott Hall', 688, 169),
(714, 'Morrill Hall', 538, 115),
(715, 'Cordell Hall', 593, 39),
(716, 'Human Environmental Sciences', 141, 126),
(717, 'Classroom Building', 314, 85),
(718, 'South Murray', 360, 175),
(719, 'Greenhouses', 781, 110),
(720, 'Noble Research Center', 268, 155),
(721, 'Animal Sciences', 376, 151),
(722, 'Fire Protection and Safety Technology Laboratory', 773, 116),
(723, 'Electronics Laboratory', 711, 92),
(724, 'Human Environmental Sciences West', 581, 169),
(725, 'Animal Sciences', 184, 45),
(726, 'Animal Sciences', 377, 149),
(727, 'BioSystems and Agricultural Engineering Laboratory', 523, 27),
(728, 'Food and Agricultural Products Research and Technology Center', 199, 179),
(729, 'Boren Veterinary Medicine Teaching Hospital', 535, 26),
(730, 'Greenhouses', 793, 114),
(731, 'Hazardous Reaction Laboratory', 585, 178),
(732, 'Agricultural Center Offices', 109, 208),
(733, 'Classroom Building', 465, 170),
(734, 'Engineering North', 781, 127),
(735, 'Controlled Environmental Research Laboratory', 524, 196),
(736, 'Library Annex', 586, 166),
(737, 'Animal Sciences', 478, 205),
(738, 'Scott Hall', 392, 198),
(739, 'Agricultural Hall', 103, 203),
(740, 'Controlled Environmental Research Laboratory', 730, 115),
(741, 'Edmon Low Library', 420, 129),
(742, 'South Murray', 148, 57),
(743, 'Thatcher Hall', 105, 30),
(744, 'Physical Sciences', 727, 196),
(745, 'Food and Agricultural Products Research and Technology Center', 208, 184),
(746, 'Seretean Center For the Performing Arts', 646, 144),
(747, 'Math Sciences', 248, 157),
(748, 'Engineering South', 424, 119),
(749, 'Bartlett Center for the Visual Arts', 422, 168),
(750, 'Life Sciences West', 263, 173),
(751, 'Electronics Laboratory', 705, 88),
(752, 'Agricultural Center Offices', 357, 151),
(753, 'Hanner Hall', 343, 51),
(754, 'Morrill Hall', 142, 91),
(755, 'Advanced Technology Research Center', 228, 89),
(756, 'McElroy Hall', 479, 88),
(757, 'Physical Sciences', 692, 175),
(758, 'Animal Sciences', 574, 67),
(759, 'Boren Veterinary Medicine Teaching Hospital', 567, 47),
(760, 'North Murray', 726, 203),
(761, 'Business Building', 511, 200),
(762, 'Cordell Hall', 654, 73),
(763, 'Classroom Building', 597, 49),
(764, 'Morrill Hall', 650, 175),
(765, 'Cordell Hall', 342, 94),
(766, 'Fire Protection and Safety Technology Laboratory', 469, 138),
(767, 'Human Environmental Sciences', 374, 60),
(768, 'Hanner Hall', 708, 61),
(769, 'Food and Agricultural Products Research and Technology Center', 113, 130),
(770, 'MAE Research Laboratory', 106, 83),
(771, 'Food and Agricultural Products Research and Technology Center', 463, 132),
(772, 'Electronics Laboratory', 722, 98),
(773, 'Physical Sciences', 357, 182),
(774, 'BioSystems and Agricultural Engineering Laboratory', 150, 206),
(775, 'Fire Protection and Safety Technology Laboratory', 648, 46),
(776, 'Bartlett Center for the Visual Arts', 328, 114),
(777, 'Food and Agricultural Products Research and Technology Center', 768, 105),
(778, 'Gundersen Hall', 785, 107),
(779, 'Bartlett Center for the Visual Arts', 473, 196),
(780, 'Boren Veterinary Medicine Teaching Hospital', 339, 111),
(781, 'Engineering South', 228, 203),
(782, 'Noble Research Center', 199, 118),
(783, 'Cordell Hall', 577, 30),
(784, 'Hazardous Reaction Laboratory', 372, 64),
(785, 'Animal Sciences', 187, 45),
(786, 'Gundersen Hall', 327, 46),
(787, 'Gundersen Hall', 566, 177),
(788, 'Gundersen Hall', 423, 98),
(789, 'Engineering North', 652, 57),
(790, 'Human Environmental Sciences', 145, 128),
(791, 'McElroy Hall', 694, 201),
(792, 'Advanced Technology Research Center', 705, 157),
(793, 'Math Sciences', 626, 171),
(794, 'Business Building', 178, 210),
(795, 'Agricultural Hall', 319, 126),
(796, 'Agricultural Center Offices', 567, 75),
(797, 'MAE Research Laboratory', 351, 27),
(798, 'Boren Veterinary Medicine Teaching Hospital', 256, 66),
(799, 'Human Environmental Sciences', 485, 122),
(800, 'Advanced Technology Research Center', 539, 65),
(801, 'Edmon Low Library', 371, 103),
(802, 'Boren Veterinary Medicine Teaching Hospital', 341, 115),
(803, 'South Murray', 410, 200),
(804, 'Food and Agricultural Products Research and Technology Center', 415, 104),
(805, 'Business Building', 600, 60),
(806, 'Advanced Technology Research Center', 784, 201),
(807, 'Bartlett Center for the Visual Arts', 800, 180),
(808, 'Electronics Laboratory', 292, 56),
(809, 'Cordell Hall', 294, 65),
(810, 'Paul Miller Journalism and Broadcasting Building', 701, 185),
(811, 'Classroom Building', 512, 193),
(812, 'Engineering North', 708, 88),
(813, 'Thatcher Hall', 200, 82),
(814, 'Willard', 327, 146),
(815, 'Engineering South', 598, 20),
(816, 'Food and Agricultural Products Research and Technology Center', 412, 101),
(817, 'Willard', 177, 62),
(818, 'McElroy Hall', 325, 195),
(819, 'Life Sciences East', 562, 149),
(820, 'North Classroom Building (finished late 2008)', 114, 67),
(821, 'Seretean Center For the Performing Arts', 704, 172),
(822, 'Agricultural Hall', 752, 172),
(823, 'Architecture Building', 155, 24),
(824, 'Scott Hall', 769, 22),
(825, 'South Murray', 213, 92),
(826, 'Fire Protection and Safety Technology Laboratory', 558, 186),
(827, 'Life Sciences West', 196, 137),
(828, 'Life Sciences West', 279, 182),
(829, 'Animal Sciences', 632, 99),
(830, 'Engineering North', 181, 181),
(831, 'Greenhouses', 777, 107),
(832, 'Civil Engineering Laboratory', 611, 59),
(833, 'South Murray', 400, 196),
(834, 'Architecture Building', 734, 150),
(835, 'Physical Sciences', 768, 28),
(836, 'Business Building', 687, 107),
(837, 'North Murray', 590, 128),
(838, 'Paul Miller Journalism and Broadcasting Building', 261, 136),
(839, 'Cordell Hall', 572, 24),
(840, 'Animal Sciences', 204, 55),
(841, 'Edmon Low Library', 328, 77),
(842, 'Bartlett Center for the Visual Arts', 373, 140),
(843, 'Boren Veterinary Medicine Teaching Hospital', 228, 52),
(844, 'Hanner Hall', 751, 82),
(845, 'Controlled Environmental Research Laboratory', 434, 145),
(846, 'Electronics Laboratory', 787, 133),
(847, 'Agricultural Center Offices', 604, 95),
(848, 'McElroy Hall', 398, 44),
(849, 'North Classroom Building (finished late 2008)', 380, 210),
(850, 'Library Annex', 707, 44),
(851, 'Agricultural Center Offices', 489, 32),
(852, 'Thatcher Hall', 126, 42),
(853, 'Human Environmental Sciences', 494, 127),
(854, 'Noble Research Center', 470, 74),
(855, 'Animal Disease Diagnostic Laboratory', 636, 103),
(856, 'Classroom Building', 420, 141),
(857, 'Agricultural Hall', 286, 111),
(858, 'Agricultural Center Offices', 442, 198),
(859, 'Hanner Hall', 302, 32),
(860, 'Noble Research Center', 141, 85),
(861, 'Edmon Low Library', 687, 83),
(862, 'Gundersen Hall', 621, 208),
(863, 'Classroom Building', 461, 167),
(864, 'Seretean Center For the Performing Arts', 213, 95),
(865, 'Engineering North', 724, 98),
(866, 'Advanced Technology Research Center', 701, 154),
(867, 'Food and Agricultural Products Research and Technology Center', 408, 103),
(868, 'Paul Miller Journalism and Broadcasting Building', 267, 142),
(869, 'Architecture Building', 360, 138),
(870, 'Boren Veterinary Medicine Teaching Hospital', 711, 124),
(871, 'Life Sciences East', 623, 184),
(872, 'Bartlett Center for the Visual Arts', 716, 136),
(873, 'Engineering South', 553, 190),
(874, 'Hanner Hall', 458, 113),
(875, 'Food and Agricultural Products Research and Technology Center', 587, 200),
(876, 'Noble Research Center', 431, 51),
(877, 'Physical Sciences', 623, 140),
(878, 'Library Annex', 205, 152),
(879, 'Human Environmental Sciences West', 434, 87),
(880, 'Human Environmental Sciences', 226, 170),
(881, 'Engineering North', 755, 110),
(882, 'South Murray', 598, 112),
(883, 'Paul Miller Journalism and Broadcasting Building', 699, 183),
(884, 'Gundersen Hall', 726, 74),
(885, 'Edmon Low Library', 492, 168),
(886, 'Hanner Hall', 751, 84),
(887, 'MAE Research Laboratory', 216, 142),
(888, 'Bartlett Center for the Visual Arts', 730, 141),
(889, 'Agricultural Center Offices', 198, 66),
(890, 'Human Environmental Sciences West', 447, 97),
(891, 'BioSystems and Agricultural Engineering Laboratory', 501, 207),
(892, 'Noble Research Center', 248, 140),
(893, 'Edmon Low Library', 760, 124),
(894, 'Hazardous Reaction Laboratory', 531, 150),
(895, 'Noble Research Center', 317, 182),
(896, 'Paul Miller Journalism and Broadcasting Building', 507, 80),
(897, 'Scott Hall', 713, 184),
(898, 'Classroom Building', 115, 168),
(899, 'Bartlett Center for the Visual Arts', 126, 195),
(900, 'Controlled Environmental Research Laboratory', 534, 202),
(901, 'Seretean Center For the Performing Arts', 479, 50),
(902, 'Boren Veterinary Medicine Teaching Hospital', 437, 164),
(903, 'Human Environmental Sciences West', 138, 117),
(904, 'Library Annex', 469, 105),
(905, 'Thatcher Hall', 184, 71),
(906, 'Scott Hall', 574, 106),
(907, 'Hazardous Reaction Laboratory', 373, 62),
(908, 'Agricultural Center Offices', 136, 34),
(909, 'Edmon Low Library', 684, 85),
(910, 'Cordell Hall', 305, 72),
(911, 'Engineering South', 597, 21),
(912, 'Food and Agricultural Products Research and Technology Center', 180, 169),
(913, 'Fire Protection and Safety Technology Laboratory', 107, 130),
(914, 'South Murray', 175, 73),
(915, 'Engineering North', 187, 185),
(916, 'Engineering South', 189, 181),
(917, 'Life Sciences West', 723, 44),
(918, 'Morrill Hall', 535, 112),
(919, 'Human Environmental Sciences West', 521, 137),
(920, 'Paul Miller Journalism and Broadcasting Building', 774, 33),
(921, 'Cordell Hall', 584, 31),
(922, 'Controlled Environmental Research Laboratory', 478, 172),
(923, 'North Classroom Building (finished late 2008)', 169, 95),
(924, 'Hazardous Reaction Laboratory', 713, 61),
(925, 'Agricultural Center Offices', 310, 127),
(926, 'Paul Miller Journalism and Broadcasting Building', 475, 63),
(927, 'North Classroom Building (finished late 2008)', 756, 32),
(928, 'Paul Miller Journalism and Broadcasting Building', 122, 60),
(929, 'Morrill Hall', 240, 141),
(930, 'Human Environmental Sciences West', 180, 139),
(931, 'Scott Hall', 518, 78),
(932, 'Human Environmental Sciences West', 608, 182),
(933, 'Food and Agricultural Products Research and Technology Center', 179, 168),
(934, 'Cordell Hall', 701, 96),
(935, 'Life Sciences West', 548, 139),
(936, 'Boren Veterinary Medicine Teaching Hospital', 418, 157),
(937, 'Edmon Low Library', 559, 206),
(938, 'Civil Engineering Laboratory', 329, 97),
(939, 'Hanner Hall', 641, 23),
(940, 'Food and Agricultural Products Research and Technology Center', 719, 81),
(941, 'Thatcher Hall', 478, 41),
(942, 'Life Sciences West', 179, 128),
(943, 'North Murray', 145, 76),
(944, 'McElroy Hall', 693, 205),
(945, 'BioSystems and Agricultural Engineering Laboratory', 650, 95),
(946, 'Math Sciences', 420, 58),
(947, 'Electronics Laboratory', 240, 29),
(948, 'Engineering South', 684, 71),
(949, 'BioSystems and Agricultural Engineering Laboratory', 444, 176),
(950, 'Electronics Laboratory', 227, 20),
(951, 'Boren Veterinary Medicine Teaching Hospital', 584, 56),
(952, 'Architecture Building', 277, 91),
(953, 'MAE Research Laboratory', 394, 50),
(954, 'Cordell Hall', 153, 181),
(955, 'Thatcher Hall', 750, 190),
(956, 'Life Sciences East', 100, 88),
(957, 'Engineering South', 367, 88),
(958, 'Agricultural Hall', 225, 76),
(959, 'Human Environmental Sciences', 259, 189),
(960, 'Architecture Building', 510, 27),
(961, 'Animal Disease Diagnostic Laboratory', 618, 94),
(962, 'Math Sciences', 350, 22),
(963, 'Classroom Building', 696, 103),
(964, 'McElroy Hall', 604, 156),
(965, 'Fire Protection and Safety Technology Laboratory', 587, 204),
(966, 'North Classroom Building (finished late 2008)', 790, 49),
(967, 'Willard', 101, 21),
(968, 'Architecture Building', 206, 54),
(969, 'Controlled Environmental Research Laboratory', 428, 144),
(970, 'Boren Veterinary Medicine Teaching Hospital', 570, 47),
(971, 'Animal Disease Diagnostic Laboratory', 431, 186),
(972, 'Engineering South', 494, 157),
(973, 'Civil Engineering Laboratory', 695, 108),
(974, 'Bartlett Center for the Visual Arts', 603, 76),
(975, 'Scott Hall', 395, 203),
(976, 'Life Sciences West', 504, 113),
(977, 'Food and Agricultural Products Research and Technology Center', 432, 115),
(978, 'Animal Disease Diagnostic Laboratory', 276, 100),
(979, 'Electronics Laboratory', 163, 176),
(980, 'Cordell Hall', 691, 89),
(981, 'Gundersen Hall', 334, 53),
(982, 'Engineering South', 172, 172),
(983, 'MAE Research Laboratory', 479, 95),
(984, 'Engineering South', 113, 141),
(985, 'Engineering South', 396, 103),
(986, 'Morrill Hall', 340, 197),
(987, 'Seretean Center For the Performing Arts', 313, 152),
(988, 'Bartlett Center for the Visual Arts', 125, 197),
(989, 'Electronics Laboratory', 752, 117),
(990, 'Advanced Technology Research Center', 547, 70),
(991, 'Noble Research Center', 150, 88),
(992, 'Classroom Building', 433, 149),
(993, 'MAE Research Laboratory', 170, 119),
(994, 'Engineering North', 230, 206),
(995, 'Electronics Laboratory', 200, 197),
(996, 'Classroom Building', 227, 38),
(997, 'Engineering North', 284, 45),
(998, 'Animal Sciences', 342, 131),
(999, 'Controlled Environmental Research Laboratory', 206, 21),
(1000, 'Electronics Laboratory', 661, 65);

INSERT INTO schedule (Semester, Year, TSID, RoomID, SectionID, CourseID) VALUES
('Fall', 2009, 1, 173, 645, 87),
('Fall', 2010, 1, 34, 216, 3),
('Fall', 2010, 1, 264, 129, 50),
('Fall', 2010, 1, 359, 817, 86),
('Fall', 2010, 1, 435, 205, 20),
('Fall', 2010, 1, 436, 752, 70),
('Fall', 2011, 1, 575, 701, 73),
('Fall', 2012, 1, 559, 168, 54),
('Spring', 2009, 1, 219, 611, 29),
('Spring', 2009, 1, 273, 690, 42),
('Spring', 2009, 1, 863, 504, 55),
('Spring', 2010, 1, 41, 691, 94),
('Spring', 2010, 1, 951, 899, 22),
('Spring', 2011, 1, 317, 486, 33),
('Spring', 2011, 1, 688, 715, 99),
('Spring', 2012, 1, 167, 644, 23),
('Spring', 2012, 1, 468, 524, 4),
('Spring', 2012, 1, 630, 399, 22),
('Summer I', 2009, 1, 111, 758, 68),
('Summer I', 2009, 1, 845, 272, 36),
('Summer I', 2010, 1, 44, 247, 31),
('Summer I', 2010, 1, 804, 236, 72),
('Summer I', 2011, 1, 352, 811, 29),
('Summer I', 2011, 1, 626, 212, 46),
('Summer II', 2009, 1, 813, 807, 92),
('Summer II', 2010, 1, 446, 788, 65),
('Summer II', 2010, 1, 807, 986, 33),
('Summer II', 2011, 1, 390, 793, 25),
('Summer II', 2012, 1, 603, 721, 80),
('Fall', 2009, 2, 350, 387, 78),
('Fall', 2010, 2, 24, 229, 50),
('Fall', 2011, 2, 314, 471, 95),
('Spring', 2009, 2, 516, 357, 79),
('Spring', 2009, 2, 543, 406, 56),
('Spring', 2009, 2, 803, 112, 46),
('Spring', 2010, 2, 125, 880, 90),
('Spring', 2010, 2, 284, 485, 48),
('Spring', 2010, 2, 789, 704, 55),
('Spring', 2012, 2, 486, 344, 23),
('Summer I', 2009, 2, 177, 431, 17),
('Summer I', 2010, 2, 171, 57, 79),
('Summer I', 2010, 2, 652, 529, 50),
('Summer I', 2011, 2, 19, 292, 10),
('Summer I', 2011, 2, 581, 376, 6),
('Summer II', 2009, 2, 193, 79, 9),
('Summer II', 2009, 2, 569, 851, 38),
('Summer II', 2011, 2, 462, 388, 65),
('Summer II', 2011, 2, 589, 6, 56),
('Summer II', 2011, 2, 956, 555, 15),
('Summer II', 2012, 2, 94, 514, 45),
('Fall', 2009, 3, 605, 48, 41),
('Fall', 2009, 3, 709, 142, 69),
('Fall', 2010, 3, 96, 968, 54),
('Fall', 2010, 3, 268, 283, 37),
('Fall', 2010, 3, 376, 211, 29),
('Fall', 2010, 3, 916, 755, 15),
('Fall', 2011, 3, 875, 313, 63),
('Fall', 2012, 3, 1, 403, 77),
('Fall', 2012, 3, 495, 207, 92),
('Fall', 2012, 3, 533, 56, 85),
('Fall', 2012, 3, 540, 60, 59),
('Fall', 2012, 3, 619, 213, 63),
('Spring', 2009, 3, 85, 75, 71),
('Spring', 2009, 3, 554, 285, 48),
('Spring', 2009, 3, 919, 3, 77),
('Spring', 2012, 3, 20, 705, 20),
('Spring', 2012, 3, 80, 742, 69),
('Spring', 2012, 3, 819, 615, 99),
('Spring', 2012, 3, 971, 130, 8),
('Summer I', 2009, 3, 374, 427, 91),
('Summer I', 2010, 3, 274, 220, 30),
('Summer I', 2011, 3, 147, 696, 21),
('Summer I', 2011, 3, 306, 946, 75),
('Summer I', 2012, 3, 119, 62, 16),
('Summer I', 2012, 3, 133, 989, 62),
('Summer I', 2012, 3, 481, 655, 15),
('Summer II', 2009, 3, 857, 123, 97),
('Summer II', 2011, 3, 704, 434, 96),
('Summer II', 2012, 3, 293, 166, 76),
('Summer II', 2012, 3, 954, 459, 84),
('Fall', 2009, 4, 211, 811, 29),
('Fall', 2009, 4, 470, 363, 89),
('Fall', 2009, 4, 731, 147, 31),
('Fall', 2010, 4, 324, 119, 66),
('Fall', 2011, 4, 2, 460, 59),
('Fall', 2011, 4, 191, 446, 75),
('Fall', 2012, 4, 634, 681, 14),
('Spring', 2009, 4, 146, 708, 43),
('Spring', 2010, 4, 201, 475, 71),
('Spring', 2010, 4, 738, 268, 54),
('Spring', 2011, 4, 670, 834, 96),
('Spring', 2011, 4, 880, 217, 86),
('Spring', 2012, 4, 128, 494, 28),
('Spring', 2012, 4, 398, 187, 78),
('Summer I', 2009, 4, 376, 568, 54),
('Summer I', 2010, 4, 69, 190, 42),
('Summer I', 2010, 4, 425, 117, 86),
('Summer I', 2010, 4, 427, 909, 98),
('Summer I', 2010, 4, 541, 289, 62),
('Summer I', 2011, 4, 83, 85, 48),
('Summer II', 2011, 4, 330, 303, 77),
('Summer II', 2011, 4, 716, 523, 97),
('Summer II', 2012, 4, 327, 641, 47),
('Summer II', 2012, 4, 373, 393, 25),
('Fall', 2009, 5, 269, 408, 43),
('Fall', 2009, 5, 314, 77, 57),
('Fall', 2009, 5, 377, 337, 2),
('Fall', 2009, 5, 649, 5, 20),
('Fall', 2009, 5, 931, 490, 42),
('Fall', 2010, 5, 725, 382, 34),
('Spring', 2009, 5, 274, 624, 4),
('Spring', 2010, 5, 140, 8, 43),
('Spring', 2010, 5, 678, 435, 60),
('Spring', 2010, 5, 995, 400, 39),
('Spring', 2011, 5, 290, 594, 28),
('Summer I', 2009, 5, 339, 887, 78),
('Summer I', 2009, 5, 847, 80, 90),
('Summer I', 2010, 5, 276, 274, 61),
('Summer I', 2010, 5, 797, 52, 70),
('Summer I', 2011, 5, 191, 380, 90),
('Summer I', 2011, 5, 482, 775, 71),
('Summer I', 2011, 5, 567, 432, 40),
('Summer I', 2012, 5, 393, 444, 23),
('Summer I', 2012, 5, 573, 212, 46),
('Summer I', 2012, 5, 747, 558, 68),
('Summer I', 2012, 5, 984, 386, 33),
('Summer II', 2009, 5, 285, 283, 37),
('Summer II', 2010, 5, 57, 265, 7),
('Summer II', 2010, 5, 178, 367, 12),
('Summer II', 2010, 5, 210, 413, 63),
('Summer II', 2010, 5, 628, 693, 25),
('Summer II', 2010, 5, 720, 309, 98),
('Summer II', 2011, 5, 63, 589, 62),
('Summer II', 2011, 5, 148, 130, 8),
('Summer II', 2011, 5, 247, 278, 51),
('Summer II', 2012, 5, 70, 17, 86),
('Summer II', 2012, 5, 155, 581, 14),
('Summer II', 2012, 5, 441, 129, 50),
('Fall', 2009, 6, 525, 414, 45),
('Fall', 2010, 6, 301, 209, 98),
('Fall', 2010, 6, 734, 254, 44),
('Fall', 2011, 6, 679, 829, 50),
('Fall', 2012, 6, 169, 924, 4),
('Fall', 2012, 6, 635, 587, 78),
('Spring', 2011, 6, 558, 57, 79),
('Spring', 2011, 6, 641, 104, 55),
('Spring', 2012, 6, 29, 305, 20),
('Spring', 2012, 6, 633, 18, 100),
('Summer I', 2010, 6, 585, 565, 7),
('Summer I', 2010, 6, 979, 549, 13),
('Summer I', 2011, 6, 27, 538, 35),
('Summer II', 2009, 6, 282, 510, 26),
('Summer II', 2009, 6, 833, 564, 88),
('Summer II', 2010, 6, 237, 371, 95),
('Summer II', 2011, 6, 116, 605, 20),
('Summer II', 2011, 6, 258, 747, 31),
('Summer II', 2011, 6, 659, 588, 65),
('Summer II', 2012, 6, 859, 900, 39),
('Fall', 2009, 7, 677, 722, 83),
('Fall', 2011, 7, 578, 685, 48),
('Fall', 2011, 7, 583, 285, 48),
('Fall', 2012, 7, 375, 597, 81),
('Spring', 2010, 7, 76, 452, 70),
('Spring', 2010, 7, 187, 502, 82),
('Spring', 2011, 7, 56, 583, 37),
('Spring', 2011, 7, 165, 180, 90),
('Spring', 2012, 7, 654, 181, 14),
('Summer I', 2009, 7, 313, 395, 5),
('Summer I', 2009, 7, 354, 468, 54),
('Summer I', 2009, 7, 493, 973, 52),
('Summer I', 2009, 7, 501, 986, 33),
('Summer I', 2009, 7, 564, 32, 40),
('Summer I', 2010, 7, 97, 772, 36),
('Summer I', 2011, 7, 139, 389, 62),
('Summer I', 2012, 7, 302, 473, 52),
('Summer I', 2012, 7, 410, 714, 45),
('Summer I', 2012, 7, 912, 940, 93),
('Summer II', 2009, 7, 194, 503, 77),
('Summer II', 2009, 7, 386, 886, 33),
('Summer II', 2010, 7, 208, 463, 89),
('Summer II', 2010, 7, 442, 373, 52),
('Summer II', 2011, 7, 60, 390, 42),
('Summer II', 2011, 7, 464, 101, 73),
('Summer II', 2012, 7, 653, 684, 24),
('Summer II', 2012, 7, 892, 604, 55),
('Fall', 2009, 8, 575, 458, 68),
('Fall', 2010, 8, 256, 639, 32),
('Fall', 2011, 8, 210, 642, 69),
('Fall', 2011, 8, 263, 192, 10),
('Fall', 2011, 8, 384, 715, 99),
('Fall', 2011, 8, 675, 246, 75),
('Fall', 2012, 8, 573, 126, 49),
('Fall', 2012, 8, 584, 483, 37),
('Spring', 2009, 8, 10, 102, 82),
('Spring', 2009, 8, 516, 21, 80),
('Spring', 2009, 8, 795, 531, 17),
('Spring', 2010, 8, 431, 192, 10),
('Spring', 2010, 8, 638, 113, 63),
('Spring', 2012, 8, 398, 395, 5),
('Summer I', 2009, 8, 591, 1000, 39),
('Summer I', 2009, 8, 860, 822, 83),
('Summer I', 2011, 8, 4, 870, 18),
('Summer I', 2011, 8, 434, 295, 5),
('Summer I', 2011, 8, 672, 881, 14),
('Summer I', 2011, 8, 705, 296, 21),
('Summer I', 2011, 8, 975, 88, 65),
('Summer I', 2012, 8, 642, 279, 9),
('Summer I', 2012, 8, 997, 996, 21),
('Summer II', 2009, 8, 666, 850, 19),
('Summer II', 2009, 8, 916, 401, 73),
('Summer II', 2010, 8, 510, 664, 88),
('Summer II', 2010, 8, 704, 174, 61),
('Summer II', 2011, 8, 31, 280, 90),
('Summer II', 2011, 8, 539, 124, 4),
('Fall', 2009, 9, 675, 533, 27),
('Fall', 2009, 9, 808, 181, 14),
('Fall', 2009, 9, 892, 840, 93),
('Fall', 2010, 9, 332, 289, 62),
('Fall', 2011, 9, 507, 238, 35),
('Fall', 2012, 9, 353, 453, 58),
('Spring', 2010, 9, 913, 16, 3),
('Spring', 2011, 9, 246, 566, 76),
('Spring', 2011, 9, 324, 204, 55),
('Summer I', 2009, 9, 377, 544, 23),
('Summer I', 2009, 9, 901, 291, 94),
('Summer I', 2010, 9, 7, 444, 23),
('Summer I', 2010, 9, 106, 826, 49),
('Summer I', 2010, 9, 844, 156, 85),
('Summer I', 2010, 9, 905, 391, 94),
('Summer I', 2012, 9, 698, 51, 38),
('Summer II', 2010, 9, 129, 846, 75),
('Summer II', 2010, 9, 270, 12, 46),
('Summer II', 2010, 9, 382, 160, 59),
('Summer II', 2011, 9, 94, 759, 84),
('Summer II', 2011, 9, 867, 290, 42),
('Summer II', 2012, 9, 411, 750, 19),
('Summer II', 2012, 9, 699, 24, 4),
('Fall', 2009, 10, 56, 713, 63),
('Fall', 2009, 10, 362, 575, 71),
('Fall', 2009, 10, 506, 26, 49),
('Fall', 2010, 10, 266, 529, 50),
('Fall', 2010, 10, 277, 475, 71),
('Fall', 2011, 10, 676, 170, 18),
('Fall', 2012, 10, 175, 536, 72),
('Fall', 2012, 10, 570, 168, 54),
('Spring', 2009, 10, 227, 40, 93),
('Spring', 2009, 10, 228, 795, 5),
('Spring', 2009, 10, 522, 848, 41),
('Spring', 2009, 10, 621, 666, 76),
('Spring', 2011, 10, 221, 384, 24),
('Spring', 2011, 10, 279, 314, 45),
('Summer I', 2010, 10, 79, 948, 41),
('Summer I', 2010, 10, 168, 427, 91),
('Summer I', 2010, 10, 193, 442, 69),
('Summer I', 2010, 10, 404, 566, 76),
('Summer I', 2010, 10, 888, 743, 11),
('Summer I', 2011, 10, 295, 259, 84),
('Summer I', 2011, 10, 465, 890, 42),
('Summer I', 2011, 10, 950, 23, 97),
('Summer I', 2012, 10, 163, 545, 87),
('Summer II', 2009, 10, 115, 621, 80),
('Summer II', 2010, 10, 106, 495, 5),
('Summer II', 2010, 10, 234, 179, 9),
('Summer II', 2010, 10, 305, 345, 87),
('Summer II', 2010, 10, 659, 669, 74),
('Summer II', 2012, 10, 118, 176, 6),
('Summer II', 2012, 10, 439, 102, 82),
('Summer II', 2012, 10, 453, 782, 34),
('Fall', 2010, 11, 8, 679, 9),
('Fall', 2010, 11, 174, 848, 41),
('Fall', 2010, 11, 990, 135, 60),
('Fall', 2011, 11, 53, 552, 70),
('Fall', 2011, 11, 96, 364, 88),
('Fall', 2011, 11, 337, 214, 45),
('Fall', 2011, 11, 532, 535, 60),
('Fall', 2012, 11, 372, 365, 7),
('Spring', 2010, 11, 292, 727, 91),
('Spring', 2011, 11, 296, 332, 40),
('Spring', 2012, 11, 772, 152, 70),
('Summer I', 2009, 11, 568, 69, 74),
('Summer I', 2009, 11, 593, 749, 13),
('Summer I', 2009, 11, 631, 764, 88),
('Summer I', 2009, 11, 856, 858, 68),
('Summer I', 2010, 11, 454, 14, 45),
('Summer I', 2010, 11, 602, 569, 74),
('Summer I', 2010, 11, 696, 579, 9),
('Summer I', 2010, 11, 999, 250, 19),
('Summer I', 2012, 11, 308, 194, 28),
('Summer I', 2012, 11, 449, 472, 36),
('Summer I', 2012, 11, 973, 25, 67),
('Summer II', 2009, 11, 52, 948, 41),
('Summer II', 2009, 11, 219, 522, 83),
('Summer II', 2009, 11, 435, 179, 9),
('Summer II', 2011, 11, 71, 734, 96),
('Fall', 2009, 12, 531, 958, 68),
('Fall', 2012, 12, 173, 461, 53),
('Fall', 2012, 12, 781, 361, 53),
('Fall', 2012, 12, 917, 906, 56),
('Spring', 2009, 12, 740, 44, 23),
('Spring', 2009, 12, 843, 585, 48),
('Spring', 2010, 12, 429, 595, 5),
('Spring', 2010, 12, 636, 225, 67),
('Spring', 2010, 12, 938, 464, 88),
('Spring', 2011, 12, 392, 681, 14),
('Spring', 2011, 12, 510, 727, 91),
('Spring', 2012, 12, 922, 233, 27),
('Spring', 2012, 12, 923, 239, 32),
('Summer I', 2009, 12, 259, 842, 69),
('Summer I', 2009, 12, 604, 210, 26),
('Summer I', 2010, 12, 286, 724, 4),
('Summer I', 2010, 12, 505, 492, 10),
('Summer I', 2011, 12, 423, 353, 58),
('Summer I', 2011, 12, 437, 234, 96),
('Summer I', 2012, 12, 108, 375, 71),
('Summer I', 2012, 12, 564, 68, 54),
('Summer I', 2012, 12, 685, 801, 73),
('Summer II', 2010, 12, 136, 324, 4),
('Summer II', 2010, 12, 814, 821, 80),
('Summer II', 2011, 12, 719, 142, 69),
('Fall', 2010, 13, 326, 314, 45),
('Fall', 2010, 13, 657, 223, 97),
('Fall', 2011, 13, 322, 96, 21),
('Spring', 2009, 13, 240, 232, 40),
('Spring', 2009, 13, 328, 326, 49),
('Spring', 2010, 13, 61, 402, 82),
('Spring', 2010, 13, 223, 612, 46),
('Spring', 2010, 13, 634, 346, 75),
('Spring', 2011, 13, 100, 556, 85),
('Spring', 2011, 13, 283, 905, 20),
('Spring', 2011, 13, 360, 214, 45),
('Spring', 2012, 13, 183, 671, 95),
('Spring', 2012, 13, 310, 528, 64),
('Spring', 2012, 13, 489, 90, 42),
('Summer I', 2009, 13, 800, 864, 88),
('Summer I', 2011, 13, 25, 278, 51),
('Summer I', 2012, 13, 356, 118, 100),
('Summer I', 2012, 13, 570, 256, 85),
('Summer I', 2012, 13, 837, 165, 7),
('Summer I', 2012, 13, 860, 807, 92),
('Summer II', 2009, 13, 254, 574, 61),
('Summer II', 2009, 13, 325, 407, 92),
('Summer II', 2011, 13, 185, 398, 1),
('Summer II', 2011, 13, 289, 970, 18),
('Fall', 2009, 14, 316, 548, 41),
('Fall', 2010, 14, 200, 723, 97),
('Fall', 2011, 14, 622, 902, 82),
('Fall', 2011, 14, 987, 699, 22),
('Fall', 2012, 14, 353, 244, 23),
('Fall', 2012, 14, 798, 321, 80),
('Spring', 2010, 14, 37, 322, 83),
('Spring', 2010, 14, 154, 462, 16),
('Spring', 2010, 14, 400, 428, 64),
('Spring', 2010, 14, 885, 29, 50),
('Spring', 2010, 14, 906, 472, 36),
('Spring', 2012, 14, 485, 403, 77),
('Spring', 2012, 14, 546, 99, 22),
('Spring', 2012, 14, 752, 631, 17),
('Summer I', 2009, 14, 204, 61, 53),
('Summer I', 2011, 14, 536, 976, 6),
('Summer I', 2011, 14, 623, 20, 30),
('Summer I', 2012, 14, 179, 158, 68),
('Summer I', 2012, 14, 400, 7, 92),
('Summer I', 2012, 14, 829, 312, 46),
('Summer II', 2009, 14, 293, 109, 98),
('Summer II', 2010, 14, 632, 638, 35),
('Fall', 2012, 15, 133, 87, 78),
('Fall', 2012, 15, 346, 572, 36),
('Fall', 2012, 15, 466, 409, 98),
('Fall', 2012, 15, 900, 78, 51),
('Spring', 2009, 15, 307, 139, 32),
('Spring', 2012, 15, 170, 561, 53),
('Summer I', 2011, 15, 164, 825, 67),
('Summer I', 2011, 15, 520, 560, 59),
('Summer I', 2011, 15, 616, 83, 37),
('Summer I', 2012, 15, 107, 579, 9),
('Summer I', 2012, 15, 236, 436, 72),
('Summer I', 2012, 15, 983, 82, 34),
('Summer II', 2010, 15, 688, 768, 54),
('Summer II', 2010, 15, 743, 313, 63),
('Summer II', 2011, 15, 70, 365, 7),
('Summer II', 2011, 15, 134, 932, 40),
('Summer II', 2011, 15, 552, 128, 64),
('Fall', 2010, 16, 180, 298, 1),
('Fall', 2011, 16, 65, 461, 53),
('Spring', 2009, 16, 134, 249, 13),
('Spring', 2009, 16, 141, 293, 25),
('Spring', 2011, 16, 358, 226, 49),
('Spring', 2011, 16, 911, 952, 70),
('Spring', 2011, 16, 933, 409, 98),
('Spring', 2012, 16, 310, 300, 39),
('Summer I', 2009, 16, 28, 202, 82),
('Summer I', 2010, 16, 290, 826, 49),
('Summer I', 2010, 16, 366, 153, 58),
('Summer I', 2010, 16, 515, 107, 92),
('Summer I', 2010, 16, 517, 156, 85),
('Summer I', 2011, 16, 109, 738, 35),
('Summer I', 2011, 16, 538, 10, 26),
('Summer II', 2010, 16, 963, 641, 47),
('Summer II', 2011, 16, 802, 634, 96),
('Summer II', 2012, 16, 95, 820, 30),
('Summer II', 2012, 16, 593, 530, 8),
('Summer II', 2012, 16, 818, 584, 24),
('Fall', 2009, 17, 263, 895, 5),
('Fall', 2009, 17, 379, 515, 99),
('Fall', 2009, 17, 521, 122, 83),
('Fall', 2010, 17, 249, 231, 17),
('Fall', 2011, 17, 450, 571, 95),
('Spring', 2009, 17, 93, 719, 66),
('Spring', 2010, 17, 456, 875, 71),
('Spring', 2010, 17, 555, 495, 5),
('Spring', 2010, 17, 561, 362, 16),
('Spring', 2010, 17, 566, 131, 17),
('Spring', 2011, 17, 90, 634, 96),
('Spring', 2011, 17, 926, 172, 36),
('Spring', 2012, 17, 887, 841, 47),
('Summer I', 2009, 17, 141, 735, 60),
('Summer I', 2010, 17, 77, 216, 3),
('Summer I', 2010, 17, 651, 68, 54),
('Summer I', 2011, 17, 586, 50, 19),
('Summer I', 2011, 17, 587, 260, 59),
('Summer I', 2011, 17, 602, 497, 81),
('Summer I', 2011, 17, 811, 823, 97),
('Summer I', 2012, 17, 708, 331, 17),
('Summer II', 2009, 17, 832, 49, 13),
('Summer II', 2010, 17, 60, 30, 8),
('Summer II', 2011, 17, 30, 797, 81),
('Summer II', 2011, 17, 639, 144, 23),
('Fall', 2009, 18, 125, 108, 43),
('Fall', 2009, 18, 780, 386, 33),
('Fall', 2010, 18, 122, 674, 61),
('Fall', 2011, 18, 131, 350, 19),
('Spring', 2010, 18, 477, 340, 93),
('Spring', 2010, 18, 687, 377, 57),
('Spring', 2011, 18, 958, 449, 13),
('Spring', 2012, 18, 39, 133, 27),
('Spring', 2012, 18, 665, 378, 51),
('Spring', 2012, 18, 902, 304, 55),
('Summer I', 2010, 18, 478, 683, 37),
('Summer I', 2010, 18, 511, 58, 68),
('Summer I', 2011, 18, 197, 325, 67),
('Summer I', 2011, 18, 417, 433, 27),
('Summer II', 2009, 18, 159, 677, 57),
('Summer II', 2009, 18, 497, 903, 77),
('Summer II', 2009, 18, 755, 27, 91),
('Summer II', 2010, 18, 143, 637, 2),
('Summer II', 2010, 18, 204, 159, 84),
('Summer II', 2011, 18, 95, 288, 65),
('Summer II', 2012, 18, 732, 784, 24),
('Fall', 2009, 19, 275, 493, 25),
('Fall', 2010, 19, 112, 213, 63),
('Fall', 2010, 19, 768, 35, 60),
('Fall', 2011, 19, 647, 885, 48),
('Fall', 2012, 19, 102, 276, 6),
('Fall', 2012, 19, 152, 551, 38),
('Fall', 2012, 19, 298, 124, 4),
('Fall', 2012, 19, 919, 872, 36),
('Spring', 2009, 19, 228, 360, 59),
('Spring', 2010, 19, 101, 265, 7),
('Spring', 2010, 19, 194, 547, 31),
('Spring', 2010, 19, 316, 960, 59),
('Spring', 2010, 19, 467, 347, 31),
('Spring', 2010, 19, 598, 863, 89),
('Spring', 2010, 19, 824, 507, 92),
('Spring', 2010, 19, 927, 560, 59),
('Spring', 2011, 19, 908, 441, 47),
('Spring', 2012, 19, 49, 263, 89),
('Summer I', 2010, 19, 335, 287, 78),
('Summer I', 2011, 19, 735, 143, 11),
('Summer II', 2011, 19, 484, 284, 24),
('Summer II', 2011, 19, 494, 591, 94),
('Summer II', 2011, 19, 724, 134, 96),
('Summer II', 2012, 19, 259, 228, 64),
('Summer II', 2012, 19, 438, 1, 73),
('Summer II', 2012, 19, 572, 510, 26),
('Summer II', 2012, 19, 599, 520, 30),
('Fall', 2009, 20, 126, 186, 33),
('Fall', 2010, 20, 9, 725, 67),
('Fall', 2010, 20, 113, 696, 21),
('Fall', 2011, 20, 265, 956, 85),
('Fall', 2012, 20, 123, 997, 81),
('Fall', 2012, 20, 226, 150, 19),
('Spring', 2009, 20, 89, 397, 81),
('Spring', 2009, 20, 226, 527, 91),
('Spring', 2009, 20, 380, 377, 57),
('Spring', 2009, 20, 663, 150, 19),
('Spring', 2010, 20, 6, 347, 31),
('Spring', 2010, 20, 339, 753, 58),
('Spring', 2011, 20, 68, 477, 57),
('Spring', 2012, 20, 132, 437, 2),
('Spring', 2012, 20, 198, 106, 56),
('Spring', 2012, 20, 253, 121, 80),
('Spring', 2012, 20, 519, 41, 47),
('Summer I', 2009, 20, 39, 69, 74),
('Summer I', 2009, 20, 45, 539, 32),
('Summer I', 2009, 20, 700, 945, 87),
('Summer I', 2010, 20, 67, 199, 22),
('Summer I', 2010, 20, 460, 585, 48),
('Summer I', 2010, 20, 485, 151, 38),
('Summer II', 2009, 20, 322, 30, 8),
('Summer II', 2010, 20, 196, 754, 44),
('Summer II', 2011, 20, 74, 854, 44),
('Summer II', 2011, 20, 423, 646, 75),
('Summer II', 2012, 20, 41, 183, 37),
('Summer II', 2012, 20, 668, 570, 18),
('Fall', 2009, 21, 415, 576, 6),
('Fall', 2009, 21, 742, 730, 8),
('Fall', 2010, 21, 26, 985, 48),
('Fall', 2010, 21, 655, 478, 51),
('Fall', 2010, 21, 684, 12, 46),
('Fall', 2012, 21, 267, 298, 1),
('Fall', 2012, 21, 397, 464, 88),
('Spring', 2009, 21, 307, 950, 19),
('Spring', 2010, 21, 251, 2, 82),
('Spring', 2010, 21, 419, 659, 84),
('Spring', 2011, 21, 464, 401, 73),
('Spring', 2011, 21, 689, 198, 1),
('Spring', 2011, 21, 707, 34, 96),
('Spring', 2012, 21, 17, 244, 23),
('Summer I', 2009, 21, 15, 71, 95),
('Summer I', 2009, 21, 238, 465, 7),
('Summer I', 2009, 21, 262, 351, 38),
('Summer I', 2009, 21, 618, 788, 65),
('Summer I', 2009, 21, 771, 961, 53),
('Summer I', 2012, 21, 91, 636, 72),
('Summer I', 2012, 21, 280, 744, 23),
('Summer II', 2010, 21, 189, 55, 15),
('Summer II', 2010, 21, 206, 47, 31),
('Summer II', 2010, 21, 454, 831, 17),
('Summer II', 2010, 21, 728, 509, 98),
('Summer II', 2011, 21, 663, 689, 62),
('Summer II', 2012, 21, 541, 531, 17),
('Summer II', 2012, 21, 615, 74, 61),
('Fall', 2009, 22, 315, 100, 39),
('Fall', 2010, 22, 172, 235, 60),
('Fall', 2010, 22, 914, 154, 44),
('Fall', 2011, 22, 394, 369, 74),
('Fall', 2011, 22, 618, 503, 77),
('Fall', 2011, 22, 702, 498, 1),
('Fall', 2012, 22, 110, 28, 64),
('Fall', 2012, 22, 239, 629, 50),
('Fall', 2012, 22, 728, 70, 18),
('Fall', 2012, 22, 732, 557, 79),
('Spring', 2009, 22, 12, 301, 73),
('Spring', 2009, 22, 333, 378, 51),
('Spring', 2009, 22, 501, 571, 95),
('Spring', 2009, 22, 932, 711, 29),
('Spring', 2010, 22, 42, 733, 27),
('Spring', 2011, 22, 6, 459, 84),
('Spring', 2011, 22, 14, 804, 55),
('Spring', 2011, 22, 33, 652, 70),
('Spring', 2011, 22, 433, 270, 18),
('Spring', 2012, 22, 156, 9, 98),
('Summer I', 2009, 22, 597, 228, 64),
('Summer I', 2010, 22, 20, 59, 84),
('Summer I', 2010, 22, 43, 576, 6),
('Summer I', 2010, 22, 778, 251, 38),
('Summer I', 2011, 22, 441, 384, 24),
('Summer I', 2012, 22, 170, 810, 26),
('Summer II', 2009, 22, 74, 6, 56),
('Summer II', 2009, 22, 371, 84, 24),
('Summer II', 2010, 22, 91, 173, 52),
('Summer II', 2010, 22, 225, 606, 56),
('Summer II', 2011, 22, 212, 982, 34),
('Summer II', 2011, 22, 836, 222, 83),
('Summer II', 2011, 22, 852, 348, 41),
('Fall', 2009, 23, 25, 242, 69),
('Fall', 2009, 23, 279, 14, 45),
('Fall', 2010, 23, 80, 47, 31),
('Fall', 2010, 23, 177, 907, 92),
('Fall', 2011, 23, 186, 352, 70),
('Fall', 2011, 23, 303, 896, 21),
('Fall', 2011, 23, 480, 412, 46),
('Fall', 2011, 23, 535, 993, 25),
('Fall', 2012, 23, 130, 593, 25),
('Fall', 2012, 23, 457, 177, 57),
('Fall', 2012, 23, 461, 392, 10),
('Fall', 2012, 23, 468, 276, 6),
('Fall', 2012, 23, 668, 329, 50),
('Spring', 2009, 23, 424, 55, 15),
('Spring', 2009, 23, 864, 519, 66),
('Spring', 2010, 23, 132, 330, 8),
('Spring', 2010, 23, 175, 275, 71),
('Spring', 2011, 23, 604, 726, 49),
('Spring', 2012, 23, 115, 332, 40),
('Spring', 2012, 23, 199, 724, 4),
('Summer I', 2009, 23, 392, 707, 92),
('Summer I', 2010, 23, 245, 187, 78),
('Summer II', 2009, 23, 303, 64, 88),
('Summer II', 2009, 23, 952, 71, 95),
('Summer II', 2010, 23, 413, 163, 89),
('Summer II', 2010, 23, 773, 874, 61),
('Summer II', 2011, 23, 387, 160, 59),
('Summer II', 2011, 23, 396, 15, 99),
('Summer II', 2011, 23, 620, 253, 58),
('Summer II', 2011, 23, 834, 434, 96),
('Fall', 2009, 24, 145, 501, 73),
('Fall', 2009, 24, 879, 166, 76),
('Fall', 2010, 24, 182, 293, 25),
('Spring', 2009, 24, 97, 926, 49),
('Spring', 2010, 24, 713, 81, 14),
('Spring', 2011, 24, 876, 690, 42),
('Spring', 2012, 24, 421, 175, 71),
('Summer I', 2009, 24, 399, 183, 37),
('Summer I', 2012, 24, 848, 147, 31),
('Summer II', 2010, 24, 197, 411, 29),
('Summer II', 2010, 24, 220, 559, 84),
('Summer II', 2012, 24, 694, 746, 75),
('Summer II', 2012, 24, 747, 659, 84),
('Fall', 2009, 25, 161, 527, 91),
('Fall', 2010, 25, 238, 630, 8),
('Fall', 2010, 25, 753, 682, 34),
('Fall', 2010, 25, 757, 687, 78),
('Fall', 2011, 25, 488, 243, 11),
('Fall', 2011, 25, 562, 479, 9),
('Fall', 2012, 25, 348, 273, 52),
('Fall', 2012, 25, 830, 489, 62),
('Spring', 2009, 25, 349, 943, 11),
('Spring', 2009, 25, 988, 778, 51),
('Spring', 2010, 25, 508, 760, 59),
('Spring', 2011, 25, 144, 633, 27),
('Spring', 2011, 25, 214, 596, 21),
('Spring', 2011, 25, 358, 720, 30),
('Spring', 2012, 25, 304, 140, 93),
('Spring', 2012, 25, 878, 844, 23),
('Summer I', 2009, 25, 190, 373, 52),
('Summer I', 2009, 25, 444, 761, 53),
('Summer I', 2009, 25, 910, 521, 80),
('Summer I', 2010, 25, 759, 257, 79),
('Summer I', 2011, 25, 341, 36, 72),
('Summer I', 2012, 25, 3, 808, 43),
('Summer I', 2012, 25, 497, 254, 44),
('Summer II', 2009, 25, 682, 287, 78),
('Summer II', 2010, 25, 500, 243, 11),
('Summer II', 2011, 25, 79, 241, 47),
('Summer II', 2012, 25, 692, 421, 80),
('Summer II', 2012, 25, 714, 29, 50),
('Fall', 2011, 26, 45, 34, 96),
('Fall', 2011, 26, 66, 282, 34),
('Spring', 2009, 26, 298, 39, 32),
('Spring', 2010, 26, 151, 381, 14),
('Spring', 2010, 26, 167, 447, 31),
('Spring', 2010, 26, 199, 15, 99),
('Spring', 2010, 26, 424, 805, 20),
('Spring', 2010, 26, 636, 972, 36),
('Spring', 2010, 26, 896, 99, 22),
('Spring', 2011, 26, 606, 294, 28),
('Spring', 2012, 26, 232, 9, 98),
('Summer I', 2009, 26, 88, 359, 84),
('Summer I', 2009, 26, 99, 673, 52),
('Summer I', 2009, 26, 230, 675, 71),
('Summer I', 2009, 26, 378, 191, 94),
('Summer I', 2009, 26, 669, 430, 8),
('Summer I', 2010, 26, 557, 718, 100),
('Summer I', 2010, 26, 977, 460, 59),
('Summer I', 2012, 26, 42, 261, 53),
('Summer I', 2012, 26, 186, 922, 83),
('Summer I', 2012, 26, 786, 40, 93),
('Summer I', 2012, 26, 825, 600, 39),
('Summer II', 2009, 26, 3, 246, 75),
('Summer II', 2009, 26, 623, 565, 7),
('Summer II', 2010, 26, 61, 607, 92),
('Summer II', 2011, 26, 820, 383, 37),
('Summer II', 2012, 26, 368, 918, 100),
('Summer II', 2012, 26, 466, 95, 5),
('Fall', 2009, 27, 12, 693, 25),
('Fall', 2009, 27, 799, 433, 27),
('Fall', 2010, 27, 318, 404, 55),
('Fall', 2010, 27, 416, 387, 78),
('Fall', 2010, 27, 793, 562, 16),
('Fall', 2011, 27, 691, 448, 41),
('Spring', 2009, 27, 189, 891, 94),
('Spring', 2009, 27, 749, 786, 33),
('Spring', 2011, 27, 109, 77, 57),
('Spring', 2012, 27, 381, 25, 67),
('Summer I', 2009, 27, 268, 709, 98),
('Summer I', 2009, 27, 865, 83, 37),
('Summer I', 2010, 27, 874, 428, 64),
('Summer I', 2011, 27, 890, 319, 66),
('Summer I', 2012, 27, 393, 223, 97),
('Summer I', 2012, 27, 609, 219, 66),
('Summer I', 2012, 27, 909, 712, 46),
('Summer I', 2012, 27, 930, 116, 3),
('Summer II', 2009, 27, 38, 279, 9),
('Summer II', 2010, 27, 294, 957, 79),
('Summer II', 2010, 27, 940, 120, 30),
('Summer II', 2011, 27, 677, 320, 30),
('Summer II', 2011, 27, 760, 813, 63),
('Summer II', 2012, 27, 717, 793, 25),
('Fall', 2009, 28, 117, 11, 29),
('Fall', 2009, 28, 794, 405, 20),
('Fall', 2010, 28, 582, 92, 10),
('Spring', 2009, 28, 779, 452, 70),
('Spring', 2010, 28, 159, 146, 75),
('Spring', 2011, 28, 34, 622, 83),
('Spring', 2011, 28, 265, 167, 12),
('Spring', 2012, 28, 2, 449, 13),
('Spring', 2012, 28, 695, 63, 89),
('Summer I', 2009, 28, 937, 16, 3),
('Summer I', 2010, 28, 289, 606, 56),
('Summer I', 2010, 28, 955, 913, 63),
('Summer I', 2011, 28, 105, 490, 42),
('Summer I', 2011, 28, 364, 76, 6),
('Summer II', 2009, 28, 437, 904, 55),
('Summer II', 2010, 28, 17, 619, 66),
('Summer II', 2011, 28, 590, 262, 16),
('Summer II', 2011, 28, 596, 334, 96),
('Summer II', 2012, 28, 378, 481, 14),
('Summer II', 2012, 28, 921, 786, 33),
('Fall', 2010, 29, 287, 311, 29),
('Fall', 2010, 29, 629, 670, 18),
('Fall', 2010, 29, 674, 133, 27),
('Fall', 2011, 29, 852, 258, 68),
('Fall', 2012, 29, 491, 496, 21),
('Fall', 2012, 29, 776, 522, 83),
('Spring', 2009, 29, 710, 247, 31),
('Spring', 2009, 29, 857, 225, 67),
('Spring', 2010, 29, 601, 158, 68),
('Spring', 2010, 29, 780, 221, 80),
('Spring', 2011, 29, 84, 894, 28),
('Spring', 2011, 29, 854, 557, 79),
('Spring', 2012, 29, 861, 110, 26),
('Summer I', 2009, 29, 64, 91, 94),
('Summer I', 2009, 29, 381, 773, 52),
('Summer I', 2009, 29, 586, 376, 6),
('Summer I', 2010, 29, 808, 866, 76),
('Summer I', 2011, 29, 27, 144, 23),
('Summer I', 2011, 29, 153, 657, 79),
('Summer I', 2011, 29, 222, 942, 69),
('Summer II', 2009, 29, 217, 828, 64),
('Summer II', 2009, 29, 427, 230, 8),
('Summer II', 2009, 29, 502, 605, 20),
('Summer II', 2009, 29, 563, 975, 71),
('Summer II', 2010, 29, 5, 535, 60),
('Summer II', 2011, 29, 561, 598, 1),
('Summer II', 2012, 29, 319, 358, 68),
('Summer II', 2012, 29, 428, 730, 8),
('Summer II', 2012, 29, 548, 339, 32),
('Fall', 2009, 30, 304, 702, 82),
('Fall', 2010, 30, 959, 853, 58),
('Fall', 2011, 30, 231, 169, 74),
('Fall', 2012, 30, 46, 242, 69),
('Fall', 2012, 30, 883, 134, 96),
('Spring', 2009, 30, 48, 267, 12),
('Spring', 2010, 30, 795, 732, 40),
('Spring', 2011, 30, 147, 697, 81),
('Spring', 2011, 30, 419, 224, 4),
('Summer I', 2009, 30, 119, 138, 35),
('Summer I', 2009, 30, 306, 317, 86),
('Summer I', 2011, 30, 418, 149, 13),
('Summer I', 2011, 30, 839, 469, 74),
('Summer I', 2012, 30, 385, 60, 59),
('Summer I', 2012, 30, 550, 990, 42),
('Summer I', 2012, 30, 598, 327, 91),
('Summer I', 2012, 30, 641, 689, 62),
('Summer II', 2010, 30, 35, 649, 13),
('Summer II', 2010, 30, 429, 816, 3),
('Summer II', 2011, 30, 788, 422, 83),
('Fall', 2009, 31, 953, 182, 34),
('Fall', 2009, 31, 993, 372, 36),
('Fall', 2010, 31, 179, 375, 71),
('Fall', 2010, 31, 329, 933, 27),
('Fall', 2010, 31, 367, 465, 7),
('Fall', 2012, 31, 75, 676, 6),
('Spring', 2009, 31, 414, 53, 58),
('Spring', 2009, 31, 739, 202, 82),
('Spring', 2010, 31, 215, 282, 34),
('Spring', 2010, 31, 301, 700, 39),
('Spring', 2012, 31, 59, 564, 88),
('Spring', 2012, 31, 389, 280, 90),
('Spring', 2012, 31, 826, 19, 66),
('Summer I', 2011, 31, 154, 937, 2),
('Summer I', 2011, 31, 354, 197, 81),
('Summer I', 2012, 31, 428, 949, 13),
('Summer II', 2009, 31, 600, 200, 39),
('Summer II', 2011, 31, 209, 632, 40),
('Summer II', 2011, 31, 399, 543, 11),
('Fall', 2009, 32, 63, 41, 47),
('Fall', 2010, 32, 118, 455, 15),
('Fall', 2010, 32, 525, 90, 42),
('Fall', 2010, 32, 721, 318, 100),
('Fall', 2011, 32, 471, 13, 63),
('Fall', 2011, 32, 907, 174, 61),
('Fall', 2012, 32, 181, 627, 91),
('Fall', 2012, 32, 254, 774, 61),
('Spring', 2009, 32, 216, 379, 9),
('Spring', 2009, 32, 448, 189, 62),
('Spring', 2009, 32, 624, 307, 92),
('Spring', 2010, 32, 342, 748, 41),
('Spring', 2010, 32, 475, 432, 40),
('Spring', 2012, 32, 650, 833, 27),
('Summer I', 2009, 32, 309, 137, 2),
('Summer I', 2009, 32, 363, 827, 91),
('Summer I', 2010, 32, 157, 176, 6),
('Summer I', 2010, 32, 344, 38, 35),
('Summer I', 2010, 32, 368, 706, 56),
('Summer I', 2011, 32, 414, 65, 7),
('Summer I', 2011, 32, 579, 231, 17),
('Summer I', 2011, 32, 716, 194, 28),
('Summer I', 2011, 32, 769, 19, 66),
('Summer II', 2009, 32, 183, 739, 32),
('Summer II', 2009, 32, 206, 417, 86),
('Summer II', 2009, 32, 703, 815, 99),
('Summer II', 2010, 32, 626, 448, 41),
('Summer II', 2010, 32, 968, 127, 91),
('Summer II', 2011, 32, 48, 353, 58),
('Summer II', 2011, 32, 430, 222, 83),
('Summer II', 2011, 32, 446, 349, 13),
('Summer II', 2012, 32, 218, 93, 25),
('Summer II', 2012, 32, 448, 499, 22),
('Summer II', 2012, 32, 526, 947, 31),
('Fall', 2011, 33, 680, 193, 25),
('Fall', 2012, 33, 402, 855, 15),
('Fall', 2012, 33, 697, 984, 24),
('Spring', 2009, 33, 924, 308, 43),
('Spring', 2009, 33, 962, 72, 36),
('Spring', 2011, 33, 311, 486, 33),
('Spring', 2011, 33, 495, 770, 18),
('Spring', 2012, 33, 386, 288, 65),
('Summer I', 2009, 33, 459, 991, 94),
('Summer I', 2010, 33, 534, 85, 48),
('Summer I', 2010, 33, 814, 42, 69),
('Summer I', 2011, 33, 13, 349, 13),
('Summer I', 2011, 33, 247, 630, 8),
('Summer I', 2012, 33, 121, 536, 72),
('Summer I', 2012, 33, 595, 603, 77),
('Summer I', 2012, 33, 870, 729, 50),
('Summer II', 2009, 33, 44, 31, 17),
('Summer II', 2009, 33, 120, 264, 88),
('Summer II', 2010, 33, 348, 64, 88),
('Summer II', 2011, 33, 842, 491, 94),
('Summer II', 2012, 33, 439, 97, 81),
('Fall', 2009, 34, 52, 366, 76),
('Fall', 2009, 34, 406, 204, 55),
('Fall', 2009, 34, 484, 232, 40),
('Fall', 2010, 34, 770, 423, 97),
('Fall', 2011, 34, 57, 830, 8),
('Fall', 2011, 34, 792, 277, 57),
('Spring', 2009, 34, 614, 355, 15),
('Spring', 2009, 34, 886, 416, 3),
('Spring', 2011, 34, 99, 732, 40),
('Spring', 2011, 34, 297, 608, 43),
('Spring', 2011, 34, 816, 54, 44),
('Spring', 2012, 34, 496, 237, 2),
('Summer I', 2009, 34, 203, 361, 53),
('Summer I', 2009, 34, 255, 352, 70),
('Summer I', 2009, 34, 664, 981, 14),
('Summer I', 2010, 34, 205, 273, 52),
('Summer II', 2009, 34, 49, 266, 76),
('Summer II', 2009, 34, 86, 390, 42),
('Summer II', 2009, 34, 946, 324, 4),
('Summer II', 2010, 34, 198, 779, 9),
('Summer II', 2011, 34, 184, 155, 15),
('Summer II', 2011, 34, 627, 941, 47),
('Summer II', 2011, 34, 756, 910, 26),
('Summer II', 2012, 34, 367, 512, 46),
('Summer II', 2012, 34, 843, 845, 87),
('Fall', 2009, 35, 864, 977, 57),
('Fall', 2010, 35, 294, 440, 93),
('Fall', 2011, 35, 529, 46, 75),
('Fall', 2011, 35, 787, 614, 45),
('Spring', 2009, 35, 898, 320, 30),
('Spring', 2010, 35, 785, 613, 63),
('Spring', 2010, 35, 846, 745, 87),
('Spring', 2011, 35, 4, 257, 79),
('Spring', 2011, 35, 499, 923, 97),
('Spring', 2012, 35, 272, 157, 79),
('Spring', 2012, 35, 389, 201, 73),
('Summer I', 2009, 35, 551, 419, 66),
('Summer I', 2010, 35, 471, 688, 65),
('Summer I', 2010, 35, 947, 590, 42),
('Summer I', 2011, 35, 382, 199, 22),
('Summer I', 2012, 35, 156, 334, 96),
('Summer II', 2009, 35, 646, 544, 23),
('Summer II', 2009, 35, 817, 737, 2),
('Summer II', 2010, 35, 229, 4, 55),
('Summer II', 2010, 35, 980, 632, 40),
('Summer II', 2011, 35, 71, 114, 45),
('Summer II', 2011, 35, 422, 781, 14),
('Fall', 2010, 36, 321, 635, 60),
('Fall', 2010, 36, 643, 220, 30),
('Fall', 2011, 36, 370, 549, 13),
('Fall', 2011, 36, 458, 586, 33),
('Fall', 2011, 36, 584, 157, 79),
('Fall', 2011, 36, 801, 736, 72),
('Fall', 2012, 36, 299, 325, 67),
('Fall', 2012, 36, 364, 873, 52),
('Fall', 2012, 36, 498, 591, 94),
('Spring', 2011, 36, 28, 839, 32),
('Spring', 2011, 36, 233, 814, 45),
('Spring', 2011, 36, 261, 116, 3),
('Spring', 2011, 36, 762, 170, 18),
('Spring', 2012, 36, 403, 404, 55),
('Spring', 2012, 36, 472, 457, 79),
('Summer I', 2010, 36, 326, 72, 36),
('Summer I', 2012, 36, 372, 987, 78),
('Summer II', 2009, 36, 925, 798, 1),
('Summer II', 2010, 36, 455, 193, 25),
('Summer II', 2012, 36, 871, 302, 82),
('Fall', 2009, 37, 192, 145, 87),
('Fall', 2009, 37, 450, 252, 70),
('Fall', 2009, 37, 767, 410, 26),
('Fall', 2011, 37, 308, 971, 95),
('Fall', 2011, 37, 611, 563, 89),
('Fall', 2012, 37, 205, 86, 33),
('Fall', 2012, 37, 653, 17, 86),
('Fall', 2012, 37, 939, 699, 22),
('Spring', 2009, 37, 576, 394, 28),
('Spring', 2009, 37, 740, 321, 80),
('Spring', 2010, 37, 657, 249, 13),
('Spring', 2010, 37, 821, 206, 56),
('Spring', 2010, 37, 831, 762, 16),
('Spring', 2011, 37, 442, 354, 44),
('Summer I', 2010, 37, 689, 23, 97),
('Summer I', 2011, 37, 275, 722, 83),
('Summer I', 2011, 37, 504, 647, 31),
('Summer I', 2011, 37, 658, 575, 71),
('Summer I', 2012, 37, 445, 592, 10),
('Summer II', 2009, 37, 187, 248, 41),
('Summer II', 2009, 37, 260, 626, 49),
('Summer II', 2009, 37, 862, 775, 71),
('Summer II', 2010, 37, 103, 22, 83),
('Summer II', 2010, 37, 235, 518, 100),
('Summer II', 2010, 37, 361, 889, 62),
('Summer II', 2011, 37, 751, 393, 25),
('Summer II', 2012, 37, 124, 931, 17),
('Summer II', 2012, 37, 283, 74, 61),
('Summer II', 2012, 37, 342, 104, 55),
('Summer II', 2012, 37, 515, 751, 38),
('Summer II', 2012, 37, 715, 471, 95),
('Summer II', 2012, 37, 766, 290, 42),
('Fall', 2010, 38, 89, 508, 43),
('Fall', 2010, 38, 257, 188, 65),
('Fall', 2010, 38, 809, 645, 87),
('Fall', 2011, 38, 356, 11, 29),
('Fall', 2012, 38, 345, 457, 79),
('Spring', 2009, 38, 124, 467, 12),
('Spring', 2009, 38, 258, 308, 43),
('Spring', 2010, 38, 325, 438, 35),
('Spring', 2010, 38, 749, 914, 45),
('Spring', 2012, 38, 278, 397, 81),
('Spring', 2012, 38, 761, 840, 93),
('Summer I', 2009, 38, 107, 343, 11),
('Summer I', 2011, 38, 208, 614, 45),
('Summer I', 2011, 38, 712, 203, 77),
('Summer II', 2009, 38, 459, 561, 53),
('Summer II', 2010, 38, 59, 692, 10),
('Summer II', 2010, 38, 100, 994, 28),
('Summer II', 2010, 38, 169, 329, 50),
('Summer II', 2010, 38, 530, 161, 53),
('Summer II', 2011, 38, 672, 374, 61),
('Summer II', 2011, 38, 825, 450, 19),
('Summer II', 2011, 38, 986, 73, 52),
('Summer II', 2012, 38, 640, 731, 17),
('Fall', 2009, 39, 69, 1, 73),
('Fall', 2010, 39, 755, 445, 87),
('Fall', 2011, 39, 527, 108, 43),
('Fall', 2011, 39, 811, 789, 62),
('Fall', 2012, 39, 7, 617, 86),
('Fall', 2012, 39, 104, 511, 29),
('Fall', 2012, 39, 524, 140, 93),
('Spring', 2009, 39, 36, 546, 75),
('Spring', 2009, 39, 942, 953, 58),
('Spring', 2011, 39, 137, 691, 94),
('Spring', 2012, 39, 98, 46, 75),
('Summer I', 2011, 39, 160, 145, 87),
('Summer I', 2012, 39, 127, 482, 34),
('Summer I', 2012, 39, 514, 650, 19),
('Summer I', 2012, 39, 534, 200, 39),
('Summer II', 2009, 39, 160, 172, 36),
('Summer II', 2009, 39, 580, 126, 49),
('Summer II', 2010, 39, 68, 229, 50),
('Summer II', 2010, 39, 365, 478, 51),
('Summer II', 2011, 39, 151, 602, 82),
('Fall', 2009, 40, 33, 516, 3),
('Fall', 2009, 40, 72, 357, 79),
('Fall', 2009, 40, 282, 783, 37),
('Fall', 2009, 40, 576, 476, 6),
('Fall', 2009, 40, 656, 950, 19),
('Fall', 2009, 40, 853, 598, 1),
('Fall', 2010, 40, 836, 368, 54),
('Fall', 2011, 40, 149, 385, 48),
('Fall', 2012, 40, 245, 884, 24),
('Fall', 2012, 40, 383, 946, 75),
('Fall', 2012, 40, 519, 995, 5),
('Fall', 2012, 40, 868, 159, 84),
('Summer I', 2009, 40, 40, 791, 94),
('Summer I', 2009, 40, 130, 335, 60),
('Summer I', 2010, 40, 166, 185, 48),
('Summer I', 2010, 40, 408, 396, 21),
('Summer I', 2010, 40, 619, 496, 21),
('Summer I', 2011, 40, 761, 333, 27),
('Summer I', 2012, 40, 215, 89, 62),
('Summer II', 2009, 40, 92, 473, 52),
('Summer II', 2010, 40, 163, 115, 99),
('Summer II', 2010, 40, 369, 853, 58),
('Summer II', 2010, 40, 665, 70, 18),
('Summer II', 2010, 40, 722, 534, 96),
('Summer II', 2011, 40, 13, 616, 3),
('Summer II', 2011, 40, 873, 610, 26),
('Summer II', 2012, 40, 513, 668, 54);

INSERT INTO classroom (ClassroomID, MediaType) VALUES
(2, 'Whiteboard'),
(3, 'Overhead'),
(5, 'Chalkboard'),
(12, 'Whiteboard'),
(14, 'Projector'),
(15, 'Whiteboard'),
(18, 'Whiteboard'),
(22, 'Projector'),
(27, 'Projector'),
(30, 'Chalkboard'),
(31, 'Chalkboard'),
(32, 'Projector'),
(33, 'Chalkboard'),
(34, 'Overhead'),
(36, 'Projector'),
(53, 'Projector'),
(54, 'Whiteboard'),
(58, 'Chalkboard'),
(59, 'Projector'),
(60, 'Chalkboard'),
(61, 'Whiteboard'),
(63, 'Chalkboard'),
(65, 'Whiteboard'),
(70, 'Whiteboard'),
(72, 'Overhead'),
(75, 'Chalkboard'),
(81, 'Projector'),
(86, 'Projector'),
(87, 'Whiteboard'),
(89, 'Whiteboard'),
(91, 'Overhead'),
(92, 'Projector'),
(96, 'Whiteboard'),
(97, 'Whiteboard'),
(99, 'Projector'),
(102, 'Whiteboard'),
(103, 'Overhead'),
(105, 'Whiteboard'),
(109, 'Whiteboard'),
(110, 'Whiteboard'),
(111, 'Projector'),
(115, 'Projector'),
(117, 'Chalkboard'),
(118, 'Projector'),
(119, 'Overhead'),
(120, 'Overhead'),
(121, 'Whiteboard'),
(123, 'Overhead'),
(129, 'Projector'),
(130, 'Overhead'),
(131, 'Projector'),
(136, 'Whiteboard'),
(142, 'Chalkboard'),
(144, 'Chalkboard'),
(145, 'Whiteboard'),
(146, 'Whiteboard'),
(147, 'Chalkboard'),
(149, 'Overhead'),
(151, 'Overhead'),
(153, 'Projector'),
(155, 'Overhead'),
(156, 'Overhead'),
(161, 'Projector'),
(166, 'Chalkboard'),
(169, 'Chalkboard'),
(170, 'Whiteboard'),
(175, 'Chalkboard'),
(176, 'Chalkboard'),
(179, 'Projector'),
(181, 'Whiteboard'),
(184, 'Projector'),
(185, 'Projector'),
(188, 'Overhead'),
(189, 'Overhead'),
(192, 'Whiteboard'),
(194, 'Projector'),
(195, 'Whiteboard'),
(200, 'Chalkboard'),
(201, 'Projector'),
(203, 'Chalkboard'),
(206, 'Overhead'),
(209, 'Projector'),
(211, 'Overhead'),
(215, 'Whiteboard'),
(216, 'Whiteboard'),
(217, 'Whiteboard'),
(218, 'Projector'),
(219, 'Projector'),
(221, 'Overhead'),
(225, 'Chalkboard'),
(230, 'Whiteboard'),
(231, 'Whiteboard'),
(235, 'Projector'),
(241, 'Chalkboard'),
(242, 'Overhead'),
(244, 'Chalkboard'),
(247, 'Whiteboard'),
(248, 'Projector'),
(251, 'Projector'),
(252, 'Whiteboard'),
(254, 'Overhead'),
(255, 'Whiteboard'),
(259, 'Chalkboard'),
(260, 'Whiteboard'),
(262, 'Whiteboard'),
(264, 'Whiteboard'),
(265, 'Overhead'),
(269, 'Whiteboard'),
(273, 'Chalkboard'),
(275, 'Chalkboard'),
(276, 'Whiteboard'),
(278, 'Whiteboard'),
(279, 'Chalkboard'),
(280, 'Projector'),
(285, 'Overhead'),
(288, 'Overhead'),
(291, 'Whiteboard'),
(294, 'Chalkboard'),
(295, 'Whiteboard'),
(297, 'Chalkboard'),
(299, 'Chalkboard'),
(303, 'Overhead'),
(310, 'Chalkboard'),
(311, 'Overhead'),
(313, 'Chalkboard'),
(319, 'Projector'),
(320, 'Projector'),
(321, 'Overhead'),
(322, 'Projector'),
(324, 'Overhead'),
(326, 'Overhead'),
(328, 'Whiteboard'),
(333, 'Projector'),
(334, 'Chalkboard'),
(337, 'Projector'),
(339, 'Chalkboard'),
(341, 'Overhead'),
(342, 'Overhead'),
(348, 'Overhead'),
(352, 'Overhead'),
(354, 'Chalkboard'),
(357, 'Chalkboard'),
(365, 'Overhead'),
(367, 'Whiteboard'),
(372, 'Chalkboard'),
(377, 'Overhead'),
(380, 'Chalkboard'),
(381, 'Projector'),
(382, 'Overhead'),
(394, 'Overhead'),
(402, 'Projector'),
(405, 'Whiteboard'),
(407, 'Whiteboard'),
(410, 'Whiteboard'),
(415, 'Whiteboard'),
(420, 'Overhead'),
(426, 'Whiteboard'),
(432, 'Chalkboard'),
(433, 'Overhead'),
(435, 'Whiteboard'),
(436, 'Overhead'),
(439, 'Overhead'),
(441, 'Projector'),
(444, 'Projector'),
(446, 'Chalkboard'),
(447, 'Projector'),
(448, 'Chalkboard'),
(449, 'Whiteboard'),
(453, 'Projector'),
(456, 'Projector'),
(458, 'Whiteboard'),
(459, 'Overhead'),
(462, 'Whiteboard'),
(465, 'Projector'),
(467, 'Projector'),
(469, 'Projector'),
(470, 'Projector'),
(476, 'Overhead'),
(477, 'Overhead'),
(478, 'Projector'),
(481, 'Whiteboard'),
(483, 'Chalkboard'),
(486, 'Whiteboard'),
(488, 'Chalkboard'),
(492, 'Chalkboard'),
(496, 'Chalkboard'),
(497, 'Whiteboard'),
(499, 'Whiteboard'),
(500, 'Chalkboard'),
(501, 'Whiteboard'),
(502, 'Whiteboard'),
(503, 'Whiteboard'),
(504, 'Projector'),
(506, 'Chalkboard'),
(508, 'Overhead'),
(512, 'Overhead'),
(513, 'Projector'),
(515, 'Projector'),
(518, 'Overhead'),
(520, 'Chalkboard'),
(522, 'Whiteboard'),
(523, 'Overhead'),
(525, 'Chalkboard'),
(526, 'Overhead'),
(533, 'Projector'),
(534, 'Overhead'),
(538, 'Chalkboard'),
(539, 'Overhead'),
(540, 'Projector'),
(542, 'Projector'),
(544, 'Chalkboard'),
(549, 'Projector'),
(552, 'Projector'),
(554, 'Overhead'),
(555, 'Overhead'),
(556, 'Whiteboard'),
(557, 'Whiteboard'),
(559, 'Whiteboard'),
(560, 'Chalkboard'),
(561, 'Whiteboard'),
(562, 'Overhead'),
(565, 'Chalkboard'),
(566, 'Overhead'),
(568, 'Whiteboard'),
(573, 'Overhead'),
(579, 'Overhead'),
(580, 'Projector'),
(581, 'Whiteboard'),
(589, 'Overhead'),
(593, 'Overhead'),
(594, 'Chalkboard'),
(596, 'Whiteboard'),
(599, 'Projector'),
(600, 'Projector'),
(601, 'Whiteboard'),
(602, 'Projector'),
(604, 'Projector'),
(605, 'Projector'),
(606, 'Projector'),
(611, 'Chalkboard'),
(612, 'Chalkboard'),
(616, 'Projector'),
(618, 'Whiteboard'),
(619, 'Chalkboard'),
(623, 'Whiteboard'),
(624, 'Projector'),
(628, 'Projector'),
(629, 'Projector'),
(631, 'Overhead'),
(632, 'Whiteboard'),
(633, 'Whiteboard'),
(634, 'Chalkboard'),
(635, 'Projector'),
(637, 'Projector'),
(639, 'Projector'),
(640, 'Projector'),
(643, 'Chalkboard'),
(646, 'Projector'),
(648, 'Chalkboard'),
(650, 'Projector'),
(652, 'Projector'),
(657, 'Projector'),
(659, 'Overhead'),
(660, 'Chalkboard'),
(662, 'Chalkboard'),
(664, 'Overhead'),
(666, 'Whiteboard'),
(667, 'Projector'),
(668, 'Overhead'),
(673, 'Chalkboard'),
(675, 'Whiteboard'),
(677, 'Projector'),
(680, 'Overhead'),
(684, 'Overhead'),
(685, 'Whiteboard'),
(686, 'Chalkboard'),
(692, 'Whiteboard'),
(697, 'Chalkboard'),
(698, 'Chalkboard'),
(701, 'Overhead'),
(707, 'Overhead'),
(710, 'Overhead'),
(713, 'Whiteboard'),
(714, 'Whiteboard'),
(717, 'Projector'),
(723, 'Projector'),
(727, 'Chalkboard'),
(731, 'Chalkboard'),
(733, 'Chalkboard'),
(739, 'Whiteboard'),
(743, 'Whiteboard'),
(746, 'Chalkboard'),
(757, 'Projector'),
(759, 'Projector'),
(760, 'Chalkboard'),
(762, 'Chalkboard'),
(764, 'Projector'),
(767, 'Overhead'),
(768, 'Chalkboard'),
(769, 'Chalkboard'),
(773, 'Whiteboard'),
(775, 'Chalkboard'),
(776, 'Overhead'),
(777, 'Whiteboard'),
(785, 'Chalkboard'),
(786, 'Whiteboard'),
(789, 'Overhead'),
(791, 'Overhead'),
(792, 'Whiteboard'),
(793, 'Overhead'),
(801, 'Whiteboard'),
(802, 'Chalkboard'),
(803, 'Overhead'),
(807, 'Overhead'),
(811, 'Projector'),
(813, 'Whiteboard'),
(814, 'Whiteboard'),
(815, 'Chalkboard'),
(818, 'Projector'),
(819, 'Overhead'),
(820, 'Projector'),
(822, 'Chalkboard'),
(824, 'Whiteboard'),
(827, 'Whiteboard'),
(830, 'Overhead'),
(831, 'Projector'),
(833, 'Chalkboard'),
(835, 'Overhead'),
(836, 'Overhead'),
(837, 'Overhead'),
(840, 'Chalkboard'),
(843, 'Whiteboard'),
(845, 'Overhead'),
(847, 'Whiteboard'),
(848, 'Whiteboard'),
(851, 'Chalkboard'),
(853, 'Overhead'),
(854, 'Overhead'),
(855, 'Overhead'),
(856, 'Chalkboard'),
(858, 'Chalkboard'),
(859, 'Whiteboard'),
(862, 'Projector'),
(864, 'Whiteboard'),
(871, NULL),
(874, 'Whiteboard'),
(876, 'Overhead'),
(880, 'Whiteboard'),
(882, 'Projector'),
(885, 'Overhead'),
(889, 'Whiteboard'),
(890, 'Whiteboard'),
(893, 'Chalkboard'),
(894, 'Chalkboard'),
(897, 'Chalkboard'),
(900, 'Projector'),
(901, 'Whiteboard'),
(902, 'Chalkboard'),
(903, 'Projector'),
(904, 'Whiteboard'),
(907, 'Chalkboard'),
(908, 'Overhead'),
(912, 'Projector'),
(916, 'Chalkboard'),
(924, 'Projector'),
(927, 'Chalkboard'),
(928, 'Projector'),
(931, 'Overhead'),
(932, 'Chalkboard'),
(937, 'Overhead'),
(938, 'Projector'),
(942, 'Overhead'),
(943, 'Chalkboard'),
(951, 'Projector'),
(952, 'Whiteboard'),
(955, 'Overhead'),
(958, 'Chalkboard'),
(960, 'Whiteboard'),
(963, 'Overhead'),
(967, 'Projector'),
(968, 'Overhead'),
(970, 'Overhead'),
(974, 'Chalkboard'),
(976, 'Whiteboard'),
(978, 'Overhead'),
(982, 'Projector'),
(983, 'Whiteboard'),
(985, 'Projector'),
(986, 'Overhead'),
(987, 'Projector'),
(988, 'Overhead'),
(990, 'Chalkboard'),
(991, 'Chalkboard'),
(992, 'Chalkboard'),
(993, 'Chalkboard'),
(994, 'Overhead'),
(996, 'Whiteboard'),
(997, 'Chalkboard'),
(999, 'Projector'),
(1000, 'Chalkboard');

INSERT INTO lab (LabID, Locktype) VALUES
(1, 'Digital 4 Key'),
(2, 'Digital 9 Key'),
(3, 'Physical Combination'),
(4, 'Digital 9 Key'),
(5, 'Biometric'),
(6, 'Digital 9 Key'),
(7, 'Digital 9 Key'),
(8, 'Biometric'),
(9, 'Physical Combination'),
(10, 'Digital 4 Key'),
(11, 'Digital 4 Key'),
(12, 'Physical Key'),
(13, 'Digital 9 Key'),
(14, 'Physical Combination'),
(15, 'Physical Combination'),
(16, 'Digital 9 Key'),
(17, 'Physical Key'),
(18, 'Physical Key'),
(19, 'Digital 9 Key'),
(20, 'Physical Key'),
(21, 'Physical Combination'),
(22, 'Physical Combination'),
(23, 'Physical Key'),
(24, 'Physical Combination'),
(25, 'Digital 4 Key'),
(26, 'Digital 9 Key'),
(27, 'Physical Key'),
(28, 'Biometric'),
(29, 'Physical Key'),
(30, 'Physical Key'),
(31, 'Digital 4 Key'),
(32, 'Digital 9 Key'),
(33, 'Physical Key'),
(34, 'Biometric'),
(35, 'Digital 9 Key'),
(36, 'Biometric'),
(37, 'Digital 9 Key'),
(38, 'Physical Combination'),
(39, 'Physical Key'),
(40, 'Digital 9 Key'),
(41, 'Digital 4 Key'),
(42, 'Digital 9 Key'),
(43, 'Physical Key'),
(44, 'Physical Key'),
(45, 'Digital 4 Key'),
(46, 'Physical Key'),
(47, 'Digital 4 Key'),
(48, 'Physical Key'),
(49, 'Biometric'),
(50, 'Physical Key'),
(51, 'Biometric'),
(52, 'Physical Combination'),
(53, 'Digital 4 Key'),
(54, 'Physical Key'),
(55, 'Physical Key'),
(56, 'Physical Key'),
(57, 'Biometric'),
(58, 'Digital 4 Key'),
(59, 'Physical Combination'),
(60, 'Digital 4 Key'),
(61, 'Biometric'),
(62, 'Physical Key'),
(63, 'Digital 9 Key'),
(64, 'Digital 4 Key'),
(65, 'Digital 4 Key'),
(66, 'Digital 4 Key'),
(67, 'Physical Key'),
(68, 'Digital 4 Key'),
(69, 'Biometric'),
(70, 'Digital 4 Key'),
(71, 'Physical Key'),
(72, 'Physical Combination'),
(73, 'Digital 9 Key'),
(74, 'Digital 4 Key'),
(75, 'Physical Combination'),
(76, 'Physical Combination'),
(77, 'Physical Combination'),
(78, 'Biometric'),
(79, 'Physical Key'),
(80, 'Biometric'),
(81, 'Digital 9 Key'),
(82, 'Biometric'),
(83, 'Digital 4 Key'),
(84, 'Digital 4 Key'),
(85, 'Biometric'),
(86, 'Physical Combination'),
(87, 'Digital 9 Key'),
(88, 'Physical Key'),
(89, 'Digital 4 Key'),
(90, 'Biometric'),
(91, 'Physical Key'),
(92, 'Physical Combination'),
(93, 'Physical Combination'),
(94, 'Digital 4 Key'),
(95, 'Biometric'),
(96, 'Biometric'),
(97, 'Physical Key'),
(98, 'Digital 4 Key'),
(99, 'Digital 4 Key'),
(100, 'Biometric'),
(101, 'Physical Key'),
(102, 'Physical Combination'),
(103, 'Physical Key'),
(104, 'Digital 4 Key'),
(105, 'Digital 9 Key'),
(106, 'Physical Key'),
(107, 'Digital 9 Key'),
(108, 'Digital 4 Key'),
(109, 'Physical Key'),
(110, 'Physical Key'),
(111, 'Biometric'),
(112, 'Physical Combination'),
(113, 'Digital 4 Key'),
(114, 'Physical Key'),
(115, 'Biometric'),
(116, 'Digital 4 Key'),
(117, 'Digital 4 Key'),
(118, 'Biometric'),
(119, 'Physical Combination'),
(120, 'Digital 9 Key'),
(121, 'Physical Key'),
(122, 'Biometric'),
(123, 'Biometric'),
(124, 'Digital 9 Key'),
(125, 'Biometric'),
(126, 'Physical Combination'),
(127, 'Digital 4 Key'),
(128, 'Biometric'),
(129, 'Biometric'),
(130, 'Physical Key'),
(131, 'Physical Key'),
(132, 'Physical Key'),
(133, 'Digital 4 Key'),
(134, 'Digital 4 Key'),
(135, 'Physical Key'),
(136, 'Physical Combination'),
(137, 'Digital 9 Key'),
(138, 'Digital 9 Key'),
(139, 'Digital 4 Key'),
(140, 'Biometric'),
(141, 'Digital 4 Key'),
(142, 'Physical Key'),
(143, 'Biometric'),
(144, 'Digital 4 Key'),
(145, 'Physical Combination'),
(146, 'Biometric'),
(147, 'Physical Key'),
(148, 'Physical Combination'),
(149, 'Biometric'),
(150, 'Digital 4 Key'),
(151, 'Digital 9 Key'),
(152, 'Digital 9 Key'),
(153, 'Biometric'),
(154, 'Biometric'),
(155, 'Physical Key'),
(156, 'Digital 4 Key'),
(157, 'Digital 4 Key'),
(158, 'Digital 4 Key'),
(159, 'Physical Key'),
(160, 'Physical Combination'),
(161, 'Digital 9 Key'),
(162, 'Biometric'),
(163, 'Digital 9 Key'),
(164, 'Physical Key'),
(165, 'Digital 9 Key'),
(166, 'Physical Key'),
(167, 'Physical Combination'),
(168, NULL),
(169, 'Digital 4 Key'),
(170, 'Biometric'),
(171, 'Digital 4 Key'),
(172, 'Physical Key'),
(173, 'Digital 4 Key'),
(174, 'Physical Key'),
(175, 'Physical Combination'),
(176, 'Biometric'),
(177, 'Digital 4 Key'),
(178, 'Physical Key'),
(179, 'Digital 4 Key'),
(180, 'Physical Combination'),
(181, 'Digital 9 Key'),
(182, 'Physical Key'),
(183, 'Biometric'),
(184, 'Biometric'),
(185, 'Physical Key'),
(186, 'Physical Combination'),
(187, 'Digital 4 Key'),
(188, 'Digital 4 Key'),
(189, 'Biometric'),
(190, 'Physical Combination'),
(191, 'Biometric'),
(192, 'Physical Key'),
(193, 'Digital 4 Key'),
(194, 'Physical Key'),
(195, 'Digital 9 Key'),
(196, 'Physical Combination'),
(197, 'Biometric'),
(198, 'Digital 9 Key'),
(199, 'Physical Combination'),
(200, 'Physical Combination'),
(201, 'Biometric'),
(202, 'Physical Combination'),
(203, 'Physical Key'),
(204, 'Physical Key'),
(205, 'Physical Key'),
(206, 'Physical Combination'),
(207, 'Digital 9 Key'),
(208, 'Physical Combination'),
(209, 'Biometric'),
(210, 'Biometric'),
(211, 'Digital 4 Key'),
(212, 'Digital 4 Key'),
(213, 'Digital 9 Key'),
(214, 'Physical Combination'),
(215, 'Digital 9 Key'),
(216, 'Physical Key'),
(217, 'Digital 4 Key'),
(218, 'Biometric'),
(219, 'Physical Combination'),
(220, 'Physical Combination'),
(221, 'Physical Combination'),
(222, 'Digital 4 Key'),
(223, 'Digital 9 Key'),
(224, 'Digital 4 Key'),
(225, 'Biometric'),
(226, 'Digital 4 Key'),
(227, 'Biometric'),
(228, 'Biometric'),
(229, 'Biometric'),
(230, 'Physical Combination'),
(231, 'Physical Combination'),
(232, 'Physical Key'),
(233, 'Digital 9 Key'),
(234, 'Biometric'),
(235, 'Digital 4 Key'),
(236, 'Physical Key'),
(237, 'Digital 4 Key'),
(238, 'Biometric'),
(239, 'Digital 4 Key'),
(240, 'Digital 4 Key'),
(241, 'Digital 4 Key'),
(242, 'Biometric'),
(243, 'Biometric'),
(244, 'Digital 4 Key'),
(245, 'Physical Combination'),
(246, 'Digital 9 Key'),
(247, 'Physical Key'),
(248, 'Digital 9 Key'),
(249, 'Physical Key'),
(250, 'Digital 4 Key'),
(251, 'Physical Combination'),
(252, 'Digital 4 Key'),
(253, 'Biometric'),
(254, 'Digital 9 Key'),
(255, 'Biometric'),
(256, 'Digital 9 Key'),
(257, 'Physical Combination'),
(258, 'Biometric'),
(259, 'Digital 4 Key'),
(260, 'Physical Combination'),
(261, 'Physical Key'),
(262, 'Digital 9 Key'),
(263, 'Biometric'),
(264, 'Biometric'),
(265, 'Physical Key'),
(266, 'Digital 4 Key'),
(267, 'Physical Key'),
(268, 'Physical Combination'),
(269, 'Physical Key'),
(270, NULL),
(271, 'Digital 9 Key'),
(272, 'Physical Key'),
(273, 'Digital 4 Key'),
(274, 'Digital 9 Key'),
(275, 'Physical Key'),
(276, 'Physical Key'),
(277, 'Digital 4 Key'),
(278, 'Digital 4 Key'),
(279, 'Biometric'),
(280, 'Digital 9 Key'),
(281, 'Digital 9 Key'),
(282, 'Physical Combination'),
(283, 'Physical Key'),
(284, 'Physical Combination'),
(285, 'Digital 9 Key'),
(286, 'Digital 9 Key'),
(287, 'Physical Key'),
(288, 'Biometric'),
(289, 'Physical Key'),
(290, 'Biometric'),
(291, 'Physical Combination'),
(292, 'Digital 9 Key'),
(293, 'Physical Combination'),
(294, 'Digital 4 Key'),
(295, 'Digital 4 Key'),
(296, 'Digital 4 Key'),
(297, 'Physical Key'),
(298, 'Digital 4 Key'),
(299, 'Physical Key'),
(300, 'Digital 9 Key'),
(301, 'Physical Key'),
(302, 'Digital 4 Key'),
(303, 'Physical Key'),
(304, 'Physical Combination'),
(305, 'Physical Key'),
(306, 'Digital 9 Key'),
(307, 'Physical Combination'),
(308, 'Biometric'),
(309, 'Digital 9 Key'),
(310, 'Physical Combination'),
(311, 'Biometric'),
(312, 'Digital 4 Key'),
(313, 'Physical Key'),
(314, 'Physical Key'),
(315, 'Biometric'),
(316, 'Biometric'),
(317, 'Digital 4 Key'),
(318, 'Biometric'),
(319, 'Biometric'),
(320, 'Physical Key'),
(321, 'Physical Combination'),
(322, 'Physical Key'),
(323, 'Digital 9 Key'),
(324, 'Physical Key'),
(325, 'Digital 4 Key'),
(326, 'Physical Key'),
(327, 'Physical Combination'),
(328, 'Biometric'),
(329, 'Digital 9 Key'),
(330, 'Digital 4 Key'),
(331, 'Physical Key'),
(332, 'Physical Key'),
(333, 'Digital 9 Key'),
(334, 'Biometric'),
(335, 'Digital 4 Key'),
(336, 'Biometric'),
(337, 'Physical Combination'),
(338, 'Physical Combination'),
(339, 'Physical Combination'),
(340, 'Digital 9 Key'),
(341, 'Physical Key'),
(342, 'Biometric'),
(343, 'Biometric'),
(344, 'Physical Key'),
(345, 'Biometric'),
(346, 'Biometric'),
(347, 'Digital 4 Key'),
(348, 'Physical Key'),
(349, 'Digital 9 Key'),
(350, 'Digital 9 Key'),
(351, 'Digital 4 Key'),
(352, 'Physical Combination'),
(353, 'Physical Key'),
(354, 'Biometric'),
(355, 'Digital 4 Key'),
(356, 'Digital 4 Key'),
(357, 'Biometric'),
(358, 'Physical Key'),
(359, 'Digital 9 Key'),
(360, 'Biometric'),
(361, 'Biometric'),
(362, 'Physical Key'),
(363, 'Biometric'),
(364, 'Digital 9 Key'),
(365, 'Physical Key'),
(366, 'Digital 9 Key'),
(367, 'Physical Combination'),
(368, 'Digital 9 Key'),
(369, 'Physical Key'),
(370, 'Biometric'),
(371, 'Digital 9 Key'),
(372, 'Physical Key'),
(373, 'Physical Combination'),
(374, 'Digital 4 Key'),
(375, 'Physical Key'),
(376, 'Digital 9 Key'),
(377, 'Digital 9 Key'),
(378, 'Physical Combination'),
(379, 'Biometric'),
(380, 'Digital 4 Key'),
(381, 'Digital 4 Key'),
(382, 'Digital 4 Key'),
(383, 'Biometric'),
(384, 'Digital 4 Key'),
(385, 'Physical Key'),
(386, 'Physical Key'),
(387, 'Biometric'),
(388, 'Physical Combination'),
(389, 'Digital 4 Key'),
(390, 'Physical Combination'),
(391, 'Biometric'),
(392, 'Biometric'),
(393, 'Physical Key'),
(394, 'Digital 9 Key'),
(395, 'Digital 9 Key'),
(396, 'Physical Combination'),
(397, 'Digital 4 Key'),
(398, 'Digital 9 Key'),
(399, 'Digital 9 Key'),
(400, 'Digital 9 Key'),
(401, 'Physical Key'),
(402, 'Biometric'),
(403, 'Digital 4 Key'),
(404, 'Digital 4 Key'),
(405, 'Physical Key'),
(406, 'Digital 9 Key'),
(407, 'Digital 4 Key'),
(408, 'Digital 9 Key'),
(409, 'Digital 9 Key'),
(410, 'Digital 9 Key'),
(411, 'Digital 4 Key'),
(412, 'Digital 9 Key'),
(413, 'Physical Combination'),
(414, 'Physical Key'),
(415, 'Biometric'),
(416, 'Physical Combination'),
(417, 'Physical Key'),
(418, 'Digital 4 Key'),
(419, 'Biometric'),
(420, 'Physical Key'),
(421, 'Digital 4 Key'),
(422, 'Biometric'),
(423, 'Physical Combination'),
(424, 'Digital 9 Key'),
(425, 'Biometric'),
(426, 'Biometric'),
(427, 'Physical Combination'),
(428, 'Physical Combination'),
(429, 'Physical Combination'),
(430, 'Digital 9 Key'),
(431, 'Physical Combination'),
(432, 'Digital 4 Key'),
(433, 'Physical Key'),
(434, 'Physical Combination'),
(435, 'Digital 4 Key'),
(436, 'Digital 4 Key'),
(437, 'Digital 4 Key'),
(438, 'Physical Combination'),
(439, 'Physical Combination'),
(440, 'Physical Key'),
(441, 'Digital 4 Key'),
(442, 'Physical Key'),
(443, 'Biometric'),
(444, 'Physical Key'),
(445, 'Digital 9 Key'),
(446, 'Physical Combination'),
(447, 'Digital 9 Key'),
(448, 'Biometric'),
(449, 'Digital 9 Key'),
(450, 'Digital 9 Key'),
(451, 'Digital 9 Key'),
(452, 'Physical Key'),
(453, 'Physical Key'),
(454, 'Digital 4 Key'),
(455, 'Digital 9 Key'),
(456, 'Digital 4 Key'),
(457, 'Digital 9 Key'),
(458, 'Digital 4 Key'),
(459, 'Physical Combination'),
(460, 'Physical Combination'),
(461, 'Digital 4 Key'),
(462, 'Physical Combination'),
(463, 'Physical Combination'),
(464, 'Digital 9 Key'),
(465, 'Biometric'),
(466, 'Digital 4 Key'),
(467, 'Biometric'),
(468, 'Physical Key'),
(469, 'Physical Combination'),
(470, 'Physical Combination'),
(471, 'Digital 4 Key'),
(472, 'Digital 9 Key'),
(473, 'Biometric'),
(474, 'Physical Key'),
(475, 'Digital 4 Key'),
(476, 'Physical Key'),
(477, 'Biometric'),
(478, 'Physical Combination'),
(479, 'Digital 4 Key'),
(480, 'Physical Combination'),
(481, 'Physical Key'),
(482, 'Digital 4 Key'),
(483, 'Digital 9 Key'),
(484, 'Digital 4 Key'),
(485, 'Physical Combination'),
(486, 'Digital 4 Key'),
(487, 'Physical Key'),
(488, 'Biometric'),
(489, 'Digital 4 Key'),
(490, 'Digital 4 Key'),
(491, 'Digital 4 Key'),
(492, 'Physical Combination'),
(493, 'Digital 9 Key'),
(494, 'Digital 4 Key'),
(495, 'Physical Combination'),
(496, 'Physical Key'),
(497, 'Biometric'),
(498, 'Digital 4 Key'),
(499, 'Physical Key'),
(500, 'Digital 9 Key'),
(501, 'Biometric'),
(502, 'Physical Combination'),
(503, 'Biometric'),
(504, 'Digital 4 Key'),
(505, 'Physical Key'),
(506, 'Physical Key'),
(507, 'Digital 9 Key'),
(508, 'Biometric'),
(509, 'Physical Combination'),
(510, 'Digital 4 Key'),
(511, 'Digital 9 Key'),
(512, 'Digital 4 Key'),
(513, 'Biometric'),
(514, 'Biometric'),
(515, 'Digital 9 Key'),
(516, 'Digital 4 Key'),
(517, 'Digital 4 Key'),
(518, 'Digital 4 Key'),
(519, 'Digital 4 Key'),
(520, 'Biometric'),
(521, 'Physical Key'),
(522, 'Physical Key'),
(523, 'Biometric'),
(524, 'Physical Combination'),
(525, 'Biometric'),
(526, 'Physical Key'),
(527, 'Physical Combination'),
(528, 'Physical Key'),
(529, 'Physical Combination'),
(530, 'Biometric'),
(531, 'Digital 9 Key'),
(532, 'Digital 9 Key'),
(533, 'Physical Key'),
(534, 'Physical Key'),
(535, 'Physical Combination'),
(536, 'Biometric'),
(537, 'Digital 4 Key'),
(538, 'Physical Key'),
(539, 'Digital 4 Key'),
(540, 'Digital 9 Key'),
(541, 'Physical Key'),
(542, 'Biometric'),
(543, 'Digital 9 Key'),
(544, 'Digital 9 Key'),
(545, 'Physical Key'),
(546, 'Physical Combination'),
(547, 'Biometric'),
(548, 'Digital 9 Key'),
(549, 'Digital 9 Key'),
(550, 'Digital 4 Key'),
(551, 'Digital 9 Key'),
(552, 'Biometric'),
(553, 'Physical Key'),
(554, 'Digital 9 Key'),
(555, 'Physical Combination'),
(556, 'Physical Key'),
(557, 'Digital 9 Key'),
(558, 'Digital 9 Key'),
(559, 'Physical Key'),
(560, 'Digital 4 Key'),
(561, 'Biometric'),
(562, 'Digital 9 Key'),
(563, 'Digital 9 Key'),
(564, 'Biometric'),
(565, 'Physical Combination'),
(566, 'Physical Key'),
(567, 'Digital 9 Key'),
(568, 'Physical Key'),
(569, 'Biometric'),
(570, 'Digital 4 Key'),
(571, 'Digital 9 Key'),
(572, 'Digital 4 Key'),
(573, 'Physical Key'),
(574, 'Biometric'),
(575, 'Digital 9 Key'),
(576, 'Physical Key'),
(577, 'Physical Combination'),
(578, 'Digital 4 Key'),
(579, 'Digital 4 Key'),
(580, 'Physical Key'),
(581, 'Physical Combination'),
(582, 'Digital 4 Key'),
(583, 'Biometric'),
(584, 'Digital 9 Key'),
(585, 'Physical Combination'),
(586, 'Physical Key'),
(587, 'Digital 9 Key'),
(588, 'Physical Combination'),
(589, 'Digital 4 Key'),
(590, 'Physical Key'),
(591, 'Biometric'),
(592, 'Physical Key'),
(593, 'Physical Key'),
(594, 'Physical Key'),
(595, 'Physical Combination'),
(596, 'Physical Combination'),
(597, 'Digital 9 Key'),
(598, 'Digital 4 Key'),
(599, 'Digital 4 Key'),
(600, 'Digital 4 Key'),
(601, 'Biometric'),
(602, 'Digital 9 Key'),
(603, 'Physical Key'),
(604, 'Physical Combination'),
(605, 'Biometric'),
(606, 'Biometric'),
(607, 'Biometric'),
(608, 'Biometric'),
(609, 'Biometric'),
(610, 'Digital 4 Key'),
(611, 'Physical Key'),
(612, 'Physical Key'),
(613, 'Biometric'),
(614, 'Digital 4 Key'),
(615, 'Biometric'),
(616, 'Physical Combination'),
(617, 'Physical Combination'),
(618, 'Physical Key'),
(619, 'Physical Combination'),
(620, 'Physical Combination'),
(621, 'Digital 4 Key'),
(622, 'Physical Combination'),
(623, 'Physical Combination'),
(624, 'Physical Key'),
(625, 'Physical Combination'),
(626, 'Biometric'),
(627, 'Physical Key'),
(628, 'Biometric'),
(629, 'Digital 9 Key'),
(630, 'Biometric'),
(631, 'Biometric'),
(632, 'Biometric'),
(633, 'Digital 9 Key'),
(634, 'Physical Combination'),
(635, 'Physical Combination'),
(636, 'Physical Key'),
(637, 'Biometric'),
(638, 'Physical Combination'),
(639, 'Digital 4 Key'),
(640, 'Digital 9 Key'),
(641, 'Physical Key'),
(642, 'Physical Key'),
(643, 'Digital 4 Key'),
(644, 'Digital 9 Key'),
(645, 'Digital 4 Key'),
(646, 'Digital 4 Key'),
(647, 'Physical Combination'),
(648, 'Physical Combination'),
(649, 'Physical Key'),
(650, 'Biometric'),
(651, 'Physical Combination'),
(652, 'Biometric'),
(653, 'Physical Key'),
(654, 'Physical Combination'),
(655, 'Digital 4 Key'),
(656, NULL),
(657, 'Digital 9 Key'),
(658, 'Physical Combination'),
(659, 'Digital 4 Key'),
(660, 'Physical Combination'),
(661, 'Digital 4 Key'),
(662, 'Physical Key'),
(663, 'Digital 9 Key'),
(664, 'Biometric'),
(665, 'Digital 4 Key'),
(666, 'Digital 4 Key'),
(667, 'Physical Key'),
(668, 'Digital 9 Key'),
(669, 'Biometric'),
(670, 'Digital 4 Key'),
(671, 'Physical Key'),
(672, 'Physical Combination'),
(673, 'Physical Key'),
(674, 'Physical Combination'),
(675, 'Digital 9 Key'),
(676, 'Physical Key'),
(677, 'Digital 4 Key'),
(678, 'Biometric'),
(679, 'Physical Combination'),
(680, 'Biometric'),
(681, 'Physical Combination'),
(682, 'Physical Key'),
(683, 'Physical Key'),
(684, 'Digital 9 Key'),
(685, 'Digital 9 Key'),
(686, 'Physical Key'),
(687, 'Biometric'),
(688, 'Biometric'),
(689, 'Physical Combination'),
(690, 'Digital 9 Key'),
(691, 'Physical Key'),
(692, 'Digital 4 Key'),
(693, 'Biometric'),
(694, 'Biometric'),
(695, 'Physical Key'),
(696, 'Biometric'),
(697, 'Biometric'),
(698, 'Physical Combination'),
(699, 'Physical Combination'),
(700, 'Digital 9 Key'),
(701, 'Digital 4 Key'),
(702, 'Physical Combination'),
(703, 'Physical Key'),
(704, 'Physical Combination'),
(705, 'Digital 4 Key'),
(706, 'Digital 4 Key'),
(707, 'Physical Key'),
(708, 'Physical Key'),
(709, 'Biometric'),
(710, 'Biometric'),
(711, 'Biometric'),
(712, 'Physical Combination'),
(713, 'Biometric'),
(714, 'Biometric'),
(715, 'Digital 4 Key'),
(716, 'Biometric'),
(717, 'Digital 4 Key'),
(718, 'Physical Key'),
(719, 'Digital 4 Key'),
(720, 'Biometric'),
(721, 'Digital 9 Key'),
(722, 'Physical Combination'),
(723, 'Physical Combination'),
(724, 'Digital 9 Key'),
(725, 'Physical Key'),
(726, 'Physical Key'),
(727, 'Digital 9 Key'),
(728, 'Physical Key'),
(729, 'Biometric'),
(730, 'Digital 4 Key'),
(731, 'Digital 9 Key'),
(732, 'Digital 9 Key'),
(733, 'Digital 4 Key'),
(734, 'Digital 9 Key'),
(735, 'Digital 4 Key'),
(736, 'Digital 4 Key'),
(737, 'Physical Key'),
(738, 'Physical Key'),
(739, 'Physical Combination'),
(740, 'Digital 9 Key'),
(741, 'Digital 9 Key'),
(742, 'Physical Key'),
(743, 'Physical Combination'),
(744, 'Digital 9 Key'),
(745, 'Physical Combination'),
(746, 'Digital 4 Key'),
(747, 'Physical Key'),
(748, 'Digital 4 Key'),
(749, 'Digital 9 Key'),
(750, 'Physical Combination'),
(751, 'Digital 4 Key'),
(752, 'Physical Combination'),
(753, 'Digital 9 Key'),
(754, 'Physical Key'),
(755, 'Digital 4 Key'),
(756, 'Biometric'),
(757, 'Physical Key'),
(758, 'Digital 9 Key'),
(759, 'Digital 4 Key'),
(760, 'Digital 9 Key'),
(761, 'Biometric'),
(762, 'Physical Combination'),
(763, 'Biometric'),
(764, 'Digital 9 Key'),
(765, 'Biometric'),
(766, 'Digital 4 Key'),
(767, 'Physical Combination'),
(768, 'Digital 9 Key'),
(769, 'Biometric'),
(770, 'Digital 4 Key'),
(771, 'Physical Combination'),
(772, 'Physical Combination'),
(773, 'Digital 9 Key'),
(774, 'Digital 9 Key'),
(775, 'Digital 4 Key'),
(776, 'Digital 4 Key'),
(777, 'Biometric'),
(778, 'Physical Combination'),
(779, 'Digital 9 Key'),
(780, 'Physical Combination'),
(781, 'Physical Combination'),
(782, 'Biometric'),
(783, 'Physical Combination'),
(784, 'Biometric'),
(785, 'Biometric'),
(786, 'Physical Combination'),
(787, 'Digital 9 Key'),
(788, 'Biometric'),
(789, 'Biometric'),
(790, 'Digital 4 Key'),
(791, 'Biometric'),
(792, 'Digital 4 Key'),
(793, 'Digital 4 Key'),
(794, 'Physical Key'),
(795, 'Physical Combination'),
(796, 'Physical Combination'),
(797, 'Biometric'),
(798, 'Physical Combination'),
(799, 'Digital 4 Key'),
(800, 'Physical Key'),
(801, 'Physical Combination'),
(802, 'Biometric'),
(803, 'Physical Key'),
(804, 'Physical Combination'),
(805, 'Digital 4 Key'),
(806, 'Physical Key'),
(807, 'Digital 4 Key'),
(808, 'Biometric'),
(809, 'Digital 4 Key'),
(810, 'Digital 9 Key'),
(811, 'Biometric'),
(812, 'Biometric'),
(813, 'Physical Key'),
(814, 'Physical Combination'),
(815, 'Digital 4 Key'),
(816, 'Physical Combination'),
(817, 'Physical Key'),
(818, 'Biometric'),
(819, 'Biometric'),
(820, 'Digital 9 Key'),
(821, 'Biometric'),
(822, 'Digital 9 Key'),
(823, 'Physical Key'),
(824, 'Digital 4 Key'),
(825, 'Physical Key'),
(826, 'Biometric'),
(827, 'Physical Key'),
(828, 'Physical Key'),
(829, 'Digital 4 Key'),
(830, 'Physical Combination'),
(831, 'Digital 9 Key'),
(832, 'Biometric'),
(833, 'Biometric'),
(834, 'Digital 9 Key'),
(835, 'Physical Combination'),
(836, 'Digital 9 Key'),
(837, 'Biometric'),
(838, 'Digital 9 Key'),
(839, 'Biometric'),
(840, 'Physical Combination'),
(841, 'Digital 9 Key'),
(842, 'Physical Combination'),
(843, 'Biometric'),
(844, 'Biometric'),
(845, 'Biometric'),
(846, 'Digital 9 Key'),
(847, 'Physical Combination'),
(848, 'Physical Key'),
(849, 'Physical Key'),
(850, 'Digital 9 Key'),
(851, 'Physical Key'),
(852, 'Physical Combination'),
(853, 'Physical Combination'),
(854, 'Physical Combination'),
(855, 'Biometric'),
(856, 'Digital 4 Key'),
(857, 'Physical Key'),
(858, 'Biometric'),
(859, 'Digital 9 Key'),
(860, 'Physical Combination'),
(861, 'Digital 9 Key'),
(862, 'Biometric'),
(863, 'Digital 4 Key'),
(864, 'Physical Combination'),
(865, 'Digital 4 Key'),
(866, 'Digital 4 Key'),
(867, 'Digital 4 Key'),
(868, 'Biometric'),
(869, 'Physical Combination'),
(870, 'Physical Combination'),
(871, 'Physical Combination'),
(872, 'Digital 4 Key'),
(873, 'Digital 4 Key'),
(874, 'Biometric'),
(875, 'Biometric'),
(876, 'Physical Combination'),
(877, 'Physical Combination'),
(878, 'Digital 4 Key'),
(879, 'Physical Key'),
(880, 'Physical Combination'),
(881, 'Physical Key'),
(882, 'Physical Combination'),
(883, 'Biometric'),
(884, 'Biometric'),
(885, 'Digital 9 Key'),
(886, 'Physical Key'),
(887, 'Biometric'),
(888, 'Biometric'),
(889, 'Digital 4 Key'),
(890, 'Biometric'),
(891, 'Biometric'),
(892, 'Physical Key'),
(893, 'Physical Combination'),
(894, 'Digital 4 Key'),
(895, 'Biometric'),
(896, 'Biometric'),
(897, NULL),
(898, 'Biometric'),
(899, 'Physical Combination'),
(900, 'Biometric'),
(901, 'Physical Key'),
(902, 'Digital 4 Key'),
(903, 'Physical Key'),
(904, 'Physical Key'),
(905, 'Digital 9 Key'),
(906, 'Physical Combination'),
(907, 'Digital 4 Key'),
(908, 'Physical Key'),
(909, 'Physical Combination'),
(910, 'Digital 9 Key'),
(911, 'Digital 9 Key'),
(912, 'Digital 9 Key'),
(913, 'Digital 4 Key'),
(914, 'Digital 4 Key'),
(915, 'Digital 9 Key'),
(916, 'Biometric'),
(917, 'Digital 9 Key'),
(918, 'Physical Key'),
(919, 'Physical Combination'),
(920, 'Physical Key'),
(921, 'Biometric'),
(922, 'Physical Key'),
(923, 'Digital 9 Key'),
(924, 'Digital 9 Key'),
(925, 'Digital 4 Key'),
(926, 'Digital 9 Key'),
(927, 'Digital 4 Key'),
(928, 'Physical Combination'),
(929, 'Physical Key'),
(930, 'Digital 4 Key'),
(931, 'Physical Combination'),
(932, 'Digital 9 Key'),
(933, 'Physical Key'),
(934, 'Digital 4 Key'),
(935, 'Biometric'),
(936, 'Physical Key'),
(937, 'Physical Key'),
(938, 'Digital 9 Key'),
(939, 'Biometric'),
(940, 'Physical Key'),
(941, 'Physical Combination'),
(942, 'Biometric'),
(943, 'Physical Combination'),
(944, 'Physical Key'),
(945, 'Digital 4 Key'),
(946, 'Biometric'),
(947, 'Digital 9 Key'),
(948, 'Digital 4 Key'),
(949, 'Biometric'),
(950, 'Physical Combination'),
(951, 'Physical Key'),
(952, 'Digital 4 Key'),
(953, 'Physical Combination'),
(954, 'Physical Key'),
(955, 'Digital 9 Key'),
(956, 'Digital 4 Key'),
(957, 'Biometric'),
(958, 'Physical Combination'),
(959, 'Digital 9 Key'),
(960, NULL),
(961, NULL),
(962, 'Digital 4 Key'),
(963, 'Biometric'),
(964, 'Physical Key'),
(965, 'Physical Combination'),
(966, 'Physical Key'),
(967, 'Physical Key'),
(968, 'Physical Combination'),
(969, 'Digital 4 Key'),
(970, 'Digital 4 Key'),
(971, 'Digital 9 Key'),
(972, 'Physical Combination'),
(973, 'Physical Key'),
(974, 'Biometric'),
(975, 'Biometric'),
(976, 'Physical Key'),
(977, 'Physical Key'),
(978, 'Digital 4 Key'),
(979, 'Digital 9 Key'),
(980, 'Physical Combination'),
(981, 'Physical Key'),
(982, 'Physical Key'),
(983, 'Digital 4 Key'),
(984, 'Physical Key'),
(985, 'Physical Combination'),
(986, 'Digital 9 Key'),
(987, 'Digital 9 Key'),
(988, 'Biometric'),
(989, 'Digital 4 Key'),
(990, 'Digital 4 Key'),
(991, 'Digital 4 Key'),
(992, 'Physical Combination'),
(993, 'Physical Key'),
(994, 'Digital 9 Key'),
(995, 'Physical Combination'),
(996, 'Biometric'),
(997, NULL),
(998, 'Digital 9 Key'),
(999, 'Physical Combination'),
(1000, 'Physical Combination');

INSERT INTO studio (SClassroomID, NumberofCameras, DefaultVideoInput) VALUES
(2, 1, 'S-Video'),
(3, 4, 'SVGA'),
(5, 2, 'HDMI'),
(12, 4, 'S-Video'),
(14, 2, 'SVGA'),
(15, 2, 'SVGA'),
(18, 5, 'USB'),
(22, 2, 'S-Video'),
(27, 4, 'HDMI'),
(30, 5, 'S-Video'),
(31, 3, 'S-Video'),
(32, 4, 'S-Video'),
(33, 4, 'HDMI'),
(34, 1, 'HDMI'),
(36, 3, 'S-Video'),
(53, 4, 'SVGA'),
(54, 3, 'SVGA'),
(58, 2, 'USB'),
(59, 3, 'SVGA'),
(60, 3, 'S-Video'),
(61, 4, 'VGA'),
(63, 3, 'SVGA'),
(65, 1, 'USB'),
(70, 3, 'SVGA'),
(72, 2, 'S-Video'),
(75, 2, 'HDMI'),
(81, 1, 'VGA'),
(86, 4, 'SVGA'),
(87, 3, 'USB'),
(89, 2, 'VGA'),
(91, 2, 'VGA'),
(92, 5, 'USB'),
(96, 1, 'VGA'),
(97, 5, 'VGA'),
(99, 1, 'S-Video'),
(102, 5, 'S-Video'),
(103, 2, 'USB'),
(105, 4, 'SVGA'),
(109, 1, 'HDMI'),
(110, 4, 'VGA'),
(111, 1, 'VGA'),
(115, 5, 'USB'),
(117, 1, 'SVGA'),
(118, 3, 'SVGA'),
(119, 5, 'USB'),
(120, 1, 'S-Video'),
(121, 2, 'VGA'),
(123, 1, 'VGA'),
(129, 2, 'SVGA'),
(130, 4, 'S-Video'),
(131, 4, 'VGA'),
(136, 3, 'HDMI'),
(142, 2, 'HDMI'),
(144, 3, 'HDMI'),
(145, 3, 'USB'),
(146, 4, 'VGA'),
(147, 4, 'VGA'),
(149, 1, 'HDMI'),
(151, 5, 'SVGA'),
(153, 4, 'HDMI'),
(155, 3, 'SVGA'),
(156, 3, 'HDMI'),
(161, 3, 'SVGA'),
(166, 4, 'USB'),
(169, 2, 'USB'),
(170, 3, 'VGA'),
(175, 1, 'S-Video'),
(176, 5, 'S-Video'),
(179, 2, 'S-Video'),
(181, 4, 'USB'),
(184, 2, 'HDMI'),
(185, 2, 'SVGA'),
(188, 1, 'S-Video'),
(189, 3, 'VGA'),
(192, 5, 'USB'),
(194, 2, 'HDMI'),
(195, 5, 'SVGA'),
(200, 3, 'USB'),
(201, 1, 'HDMI'),
(203, 4, 'VGA'),
(206, 1, 'S-Video'),
(209, 3, 'VGA'),
(211, 2, 'SVGA'),
(215, 1, 'VGA'),
(216, 3, 'S-Video'),
(217, 3, 'HDMI'),
(218, 1, 'VGA'),
(219, 1, 'SVGA'),
(221, 4, 'S-Video'),
(225, 1, 'VGA'),
(230, 1, 'HDMI'),
(231, 5, 'HDMI'),
(235, 3, 'HDMI'),
(241, 2, 'SVGA'),
(242, 4, 'VGA'),
(244, 4, 'HDMI'),
(247, 5, 'VGA'),
(248, 3, 'S-Video'),
(251, 5, 'HDMI'),
(252, 4, 'HDMI'),
(254, 3, 'VGA'),
(255, 1, 'VGA'),
(259, 4, 'S-Video'),
(260, 4, 'S-Video'),
(262, 5, 'USB'),
(264, 4, 'SVGA'),
(265, 3, 'S-Video'),
(269, 5, 'HDMI'),
(273, 5, 'S-Video'),
(275, 5, 'SVGA'),
(276, 1, 'SVGA'),
(278, 2, 'VGA'),
(279, 2, 'USB'),
(280, 3, 'SVGA'),
(285, 4, 'SVGA'),
(288, 5, 'SVGA'),
(291, 5, 'HDMI'),
(294, 5, 'USB'),
(295, 2, 'HDMI'),
(297, 3, 'USB'),
(299, 3, 'HDMI'),
(303, 1, 'HDMI'),
(310, 2, 'USB'),
(311, 4, 'USB'),
(313, 2, 'VGA'),
(319, 3, 'SVGA'),
(320, 5, 'S-Video'),
(321, 1, 'HDMI'),
(322, 5, 'VGA'),
(324, 4, 'USB'),
(326, 1, 'VGA'),
(328, 2, 'SVGA'),
(333, 5, 'VGA'),
(334, 4, 'USB'),
(337, 5, 'USB'),
(339, 2, 'USB'),
(341, 4, 'VGA'),
(342, 1, 'HDMI'),
(348, 2, 'VGA'),
(352, 4, 'VGA'),
(354, 1, 'SVGA'),
(357, 2, 'S-Video'),
(365, 3, 'S-Video'),
(367, 4, 'S-Video'),
(372, 3, 'S-Video'),
(377, 2, 'HDMI'),
(380, 5, 'HDMI'),
(381, 2, 'USB'),
(382, 2, 'USB'),
(394, 1, 'VGA'),
(402, 4, 'VGA'),
(405, 4, 'SVGA'),
(407, 3, 'HDMI'),
(410, 2, 'USB'),
(415, 5, 'USB'),
(420, 5, 'SVGA'),
(426, 3, 'VGA'),
(432, 4, 'VGA'),
(433, 2, 'S-Video'),
(435, 1, 'USB'),
(436, 1, 'S-Video'),
(439, 4, 'HDMI'),
(441, 2, 'SVGA'),
(444, 2, 'VGA'),
(446, 1, 'USB'),
(447, 3, 'USB'),
(448, 1, 'S-Video'),
(449, 3, 'USB'),
(453, 4, 'HDMI'),
(456, 2, 'SVGA'),
(458, 5, 'S-Video'),
(459, 1, 'S-Video'),
(462, 3, 'VGA'),
(465, 5, 'VGA'),
(467, 4, 'USB'),
(469, 4, 'HDMI'),
(470, 3, 'SVGA'),
(476, 1, 'USB'),
(477, 5, 'VGA'),
(478, 5, 'HDMI'),
(481, 3, 'S-Video'),
(483, 4, 'HDMI'),
(486, 2, 'SVGA'),
(488, 4, 'USB'),
(492, 2, 'USB'),
(496, 4, 'HDMI'),
(497, 5, 'HDMI'),
(499, 5, 'USB'),
(500, 4, 'S-Video'),
(501, 5, 'USB'),
(502, 2, 'S-Video'),
(503, 3, 'VGA'),
(504, 1, 'S-Video'),
(506, 3, 'HDMI'),
(508, 1, 'SVGA'),
(512, 4, 'HDMI'),
(513, 2, 'VGA'),
(515, 4, 'HDMI'),
(518, 4, 'HDMI'),
(520, 5, 'HDMI'),
(522, 2, 'SVGA'),
(523, 3, 'USB'),
(525, 5, 'SVGA'),
(526, 2, 'S-Video'),
(533, 1, 'SVGA'),
(534, 3, 'VGA'),
(538, 4, 'S-Video'),
(539, 2, 'VGA'),
(540, 2, 'SVGA'),
(542, 3, 'VGA'),
(544, 3, 'S-Video'),
(549, 2, 'HDMI'),
(552, 5, 'VGA'),
(554, 5, 'S-Video'),
(555, 3, 'USB'),
(556, 2, 'S-Video'),
(557, 2, 'USB'),
(559, 5, 'USB'),
(560, 5, 'HDMI'),
(561, 2, 'S-Video'),
(562, 1, 'HDMI'),
(565, 3, 'SVGA'),
(566, 5, 'SVGA'),
(568, 2, 'USB'),
(573, 5, 'VGA'),
(579, 5, 'SVGA'),
(580, 2, 'SVGA'),
(581, 5, 'S-Video'),
(589, 1, 'SVGA'),
(593, 3, 'VGA'),
(594, 3, 'USB'),
(596, 2, 'SVGA'),
(599, 2, 'S-Video'),
(600, 2, 'S-Video'),
(601, 5, 'S-Video'),
(602, 4, 'SVGA'),
(604, 2, 'VGA'),
(605, 4, 'SVGA'),
(606, 5, 'S-Video'),
(611, 3, 'S-Video'),
(612, 1, 'HDMI'),
(616, 3, 'SVGA'),
(618, 2, 'S-Video'),
(619, 4, 'HDMI'),
(623, 5, 'USB'),
(624, 4, 'VGA'),
(628, 1, 'VGA'),
(629, 5, 'SVGA'),
(631, 2, 'USB'),
(632, 4, 'S-Video'),
(633, 5, 'S-Video'),
(634, 2, 'SVGA'),
(635, 4, 'HDMI'),
(637, 4, 'USB'),
(639, 5, 'S-Video'),
(640, 3, 'VGA'),
(643, 2, 'USB'),
(646, 2, 'USB'),
(648, 1, 'SVGA'),
(650, 1, 'SVGA'),
(652, 4, 'VGA'),
(657, 5, 'SVGA'),
(659, 3, 'SVGA'),
(660, 4, 'SVGA'),
(662, 5, 'SVGA'),
(664, 4, 'S-Video'),
(666, 4, 'S-Video'),
(667, 4, 'SVGA'),
(668, 2, 'S-Video'),
(673, 1, 'SVGA'),
(675, 1, 'SVGA'),
(677, 2, 'SVGA'),
(680, 4, 'USB'),
(684, 1, 'S-Video'),
(685, 2, 'USB'),
(686, 3, 'VGA'),
(692, 1, 'USB'),
(697, 5, 'HDMI'),
(698, 5, 'USB'),
(701, 3, 'HDMI'),
(707, 4, 'USB'),
(710, 1, 'S-Video'),
(713, 1, 'S-Video'),
(714, 5, 'USB'),
(717, 2, 'VGA'),
(723, 3, 'S-Video'),
(727, 4, 'HDMI'),
(731, 5, 'HDMI'),
(733, 3, 'VGA'),
(739, 2, 'USB'),
(743, 5, 'S-Video'),
(746, 3, 'VGA'),
(757, 2, 'HDMI'),
(759, 4, 'VGA'),
(760, 2, 'USB'),
(762, 3, 'HDMI'),
(764, 1, 'HDMI'),
(767, 4, 'SVGA'),
(768, 3, 'S-Video'),
(769, 1, 'SVGA'),
(773, 1, 'S-Video'),
(775, 2, 'S-Video'),
(776, 5, 'HDMI'),
(777, 5, 'VGA'),
(785, 5, 'HDMI'),
(786, 3, 'VGA'),
(789, 4, 'S-Video'),
(791, 4, 'VGA'),
(792, 1, 'HDMI'),
(793, 2, 'USB'),
(801, 1, 'SVGA'),
(802, 3, 'HDMI'),
(803, 3, 'HDMI'),
(807, 2, 'SVGA'),
(811, 5, 'VGA'),
(813, 4, 'VGA'),
(814, 5, 'HDMI'),
(815, 5, 'USB'),
(818, 3, 'VGA'),
(819, 3, 'HDMI'),
(820, 1, 'S-Video'),
(822, 1, 'S-Video'),
(824, 5, 'VGA'),
(827, 1, 'S-Video'),
(830, 4, 'SVGA'),
(831, 5, 'SVGA'),
(833, 4, 'VGA'),
(835, 4, 'VGA'),
(836, 1, 'VGA'),
(837, 4, 'S-Video'),
(840, 3, 'VGA'),
(843, 4, 'HDMI'),
(845, 5, 'USB'),
(847, 2, 'USB'),
(848, 5, 'VGA'),
(851, 3, 'SVGA'),
(853, 2, 'S-Video'),
(854, 4, 'USB'),
(855, 5, 'S-Video'),
(856, 2, 'VGA'),
(858, 3, 'HDMI'),
(859, 5, 'USB'),
(862, 1, 'SVGA'),
(864, 5, 'USB'),
(871, 4, 'USB'),
(874, 5, 'S-Video'),
(876, 4, 'SVGA'),
(880, 4, 'VGA'),
(882, 1, 'S-Video'),
(885, 5, 'HDMI'),
(889, 4, 'VGA'),
(890, 4, 'USB'),
(893, 4, 'VGA'),
(894, 4, 'VGA'),
(897, 1, 'S-Video'),
(900, 4, 'VGA'),
(901, 1, 'HDMI'),
(902, 5, 'S-Video'),
(903, 1, 'SVGA'),
(904, 3, 'HDMI'),
(907, 1, 'S-Video'),
(908, 5, 'VGA'),
(912, 1, 'HDMI'),
(916, 2, 'S-Video'),
(924, 3, 'USB'),
(927, 3, 'USB'),
(928, 3, 'SVGA'),
(931, 3, 'S-Video'),
(932, 5, 'USB'),
(937, 1, 'HDMI'),
(938, 4, 'VGA'),
(942, 3, 'HDMI'),
(943, 1, 'HDMI'),
(951, 3, 'HDMI'),
(952, 3, 'USB'),
(955, 2, 'SVGA'),
(958, 3, 'USB'),
(960, 2, 'HDMI'),
(963, 1, 'HDMI'),
(967, 4, 'S-Video'),
(968, 2, 'S-Video'),
(970, 5, 'VGA'),
(974, 3, 'SVGA'),
(976, 5, 'SVGA'),
(978, 2, 'HDMI'),
(982, 4, 'S-Video'),
(983, 4, 'S-Video'),
(985, 3, 'S-Video'),
(986, 4, 'USB'),
(987, 4, 'S-Video'),
(988, 2, 'HDMI'),
(990, 2, 'HDMI'),
(991, 1, 'USB'),
(992, 5, 'SVGA'),
(993, 1, 'VGA'),
(994, 5, 'USB'),
(996, 4, 'S-Video'),
(997, 5, 'HDMI'),
(999, 1, 'SVGA'),
(1000, 1, 'VGA');

INSERT INTO casestudy (CClassroomID, WhiteboardCount, PrinterCount) VALUES
(2, 1, 3),
(3, 8, 4),
(5, 1, 3),
(12, 4, 1),
(14, 3, 1),
(15, 3, 0),
(18, 1, 3),
(22, 8, 4),
(27, 7, 3),
(30, 2, 5),
(31, 7, 1),
(32, 5, 5),
(33, 7, 3),
(34, 3, 0),
(36, 8, 3),
(53, 0, 0),
(54, 2, 2),
(58, 8, 2),
(59, 2, 4),
(60, 7, 2),
(61, 1, 2),
(63, 1, 2),
(65, 0, 0),
(70, 1, 1),
(72, 8, 4),
(75, 3, 5),
(81, 6, 0),
(86, 8, 4),
(87, 6, 5),
(89, 7, 1),
(91, 6, 0),
(92, 2, 3),
(96, 7, 2),
(97, 0, 0),
(99, 3, 0),
(102, 4, 0),
(103, 8, 3),
(105, 8, 3),
(109, 4, 0),
(110, 1, 1),
(111, 8, 3),
(115, 2, 4),
(117, 5, 4),
(118, 1, 1),
(119, 2, 2),
(120, 3, 5),
(121, 6, 5),
(123, 8, 3),
(129, 4, 1),
(130, 6, 5),
(131, 2, 4),
(136, 8, 4),
(142, 4, 0),
(144, 0, 5),
(145, 6, 5),
(146, 2, 3),
(147, 2, 2),
(149, 4, 1),
(151, 0, 5),
(153, 1, 5),
(155, 2, 3),
(156, 2, 2),
(161, 3, 4),
(166, 4, 1),
(169, 0, 4),
(170, 4, 2),
(175, 2, 3),
(176, 5, 2),
(179, 1, 0),
(181, 5, 2),
(184, 4, 0),
(185, 5, 2),
(188, 5, 1),
(189, 5, 2),
(192, 3, 4),
(194, 3, 4),
(195, 0, 3),
(200, 6, 4),
(201, 5, 2),
(203, 3, 4),
(206, 4, 5),
(209, 5, 3),
(211, 5, 1),
(215, 0, 4),
(216, 7, 1),
(217, 3, 3),
(218, 8, 2),
(219, 7, 1),
(221, 7, 5),
(225, 7, 0),
(230, 6, 3),
(231, 7, 5),
(235, 1, 0),
(241, 5, 1),
(242, 3, 3),
(244, 0, 4),
(247, 1, 0),
(248, 2, 0),
(251, 8, 2),
(252, 1, 5),
(254, 5, 1),
(255, 0, 4),
(259, 8, 1),
(260, 8, 1),
(262, 3, 3),
(264, 2, 0),
(265, 0, 4),
(269, 8, 2),
(273, 5, 2),
(275, 0, 2),
(276, 6, 4),
(278, 6, 3),
(279, 1, 5),
(280, 4, 0),
(285, 1, 5),
(288, 0, 3),
(291, 6, 3),
(294, 4, 4),
(295, 5, 1),
(297, 8, 2),
(299, 3, 3),
(303, 5, 1),
(310, 1, 4),
(311, 6, 2),
(313, 7, 5),
(319, 4, 4),
(320, 6, 2),
(321, 5, 1),
(322, 2, 1),
(324, 5, 1),
(326, 2, 0),
(328, 6, 2),
(333, 3, 2),
(334, 6, 2),
(337, 4, 5),
(339, 1, 5),
(341, 3, 3),
(342, 6, 3),
(348, 0, 2),
(352, 4, 5),
(354, 7, 1),
(357, 3, 1),
(365, 1, 4),
(367, 0, 1),
(372, 2, 5),
(377, 4, 3),
(380, 8, 5),
(381, 2, 0),
(382, 0, 2),
(394, 1, 3),
(402, 5, 5),
(405, 4, 4),
(407, 2, 0),
(410, 2, 0),
(415, 4, 4),
(420, 2, 0),
(426, 7, 4),
(432, 4, 3),
(433, 4, 2),
(435, 3, 2),
(436, 4, 4),
(439, 1, 2),
(441, 0, 0),
(444, 0, 2),
(446, 3, 0),
(447, 8, 5),
(448, 6, 1),
(449, 1, 3),
(453, 1, 0),
(456, 0, 5),
(458, 7, 2),
(459, 7, 3),
(462, 7, 3),
(465, 4, 3),
(467, 8, 5),
(469, 3, 1),
(470, 6, 1),
(476, 4, 3),
(477, 4, 3),
(478, 1, 2),
(481, 2, 5),
(483, 2, 0),
(486, 1, 1),
(488, 8, 0),
(492, 1, 4),
(496, 2, 4),
(497, 8, 0),
(499, 7, 2),
(500, 1, 2),
(501, 7, 3),
(502, 4, 3),
(503, 8, 4),
(504, 6, 0),
(506, 4, 1),
(508, 1, 1),
(512, 2, 5),
(513, 1, 3),
(515, 2, 4),
(518, 2, 3),
(520, 0, 1),
(522, 6, 1),
(523, 1, 3),
(525, 4, 2),
(526, 4, 1),
(533, 2, 4),
(534, 8, 4),
(538, 1, 2),
(539, 0, 0),
(540, 0, 0),
(542, 8, 4),
(544, 8, 3),
(549, 6, 5),
(552, 5, 3),
(554, 7, 2),
(555, 2, 3),
(556, 5, 4),
(557, 2, 4),
(559, 6, 5),
(560, 1, 3),
(561, 5, 4),
(562, 1, 1),
(565, 6, 1),
(566, 3, 1),
(568, 2, 4),
(573, 5, 3),
(579, 3, 5),
(580, 0, 0),
(581, 1, 1),
(589, 2, 3),
(593, 1, 1),
(594, 1, 1),
(596, 0, 0),
(599, 6, 5),
(600, 6, 5),
(601, 0, 5),
(602, 5, 4),
(604, 1, 0),
(605, 4, 0),
(606, 7, 1),
(611, 3, 0),
(612, 0, 5),
(616, 6, 5),
(618, 5, 4),
(619, 3, 4),
(623, 7, 1),
(624, 7, 2),
(628, 3, 4),
(629, 3, 5),
(631, 3, 5),
(632, 2, 3),
(633, 0, 4),
(634, 0, 5),
(635, 2, 4),
(637, 8, 4),
(639, 1, 0),
(640, 8, 3),
(643, 3, 0),
(646, 4, 0),
(648, 2, 2),
(650, 3, 4),
(652, 8, 3),
(657, 4, 1),
(659, 7, 1),
(660, 5, 3),
(662, 4, 0),
(664, 1, 1),
(666, 3, 4),
(667, 7, 0),
(668, 6, 4),
(673, 1, 0),
(675, 2, 3),
(677, 1, 0),
(680, 8, 3),
(684, 0, 3),
(685, 4, 0),
(686, 0, 4),
(692, 7, 5),
(697, 0, 1),
(698, 6, 5),
(701, 6, 4),
(707, 1, 0),
(710, 6, 0),
(713, 8, 2),
(714, 8, 3),
(717, 1, 0),
(723, 3, 4),
(727, 5, 2),
(731, 2, 1),
(733, 2, 1),
(739, 5, 1),
(743, 2, 1),
(746, 0, 4),
(757, 0, 4),
(759, 8, 1),
(760, 5, 1),
(762, 6, 2),
(764, 1, 4),
(767, 7, 5),
(768, 6, 2),
(769, 3, 2),
(773, 8, 2),
(775, 7, 5),
(776, 4, 5),
(777, 7, 0),
(785, 4, 5),
(786, 1, 5),
(789, 4, 5),
(791, 8, 0),
(792, 1, 5),
(793, 5, 1),
(801, 3, 3),
(802, 7, 4),
(803, 6, 2),
(807, 3, 2),
(811, 6, 2),
(813, 8, 0),
(814, 3, 4),
(815, 0, 2),
(818, 3, 2),
(819, 6, 2),
(820, 0, 3),
(822, 7, 5),
(824, 6, 3),
(827, 8, 2),
(830, 8, 1),
(831, 6, 2),
(833, 8, 1),
(835, 0, 4),
(836, 6, 2),
(837, 3, 2),
(840, 2, 1),
(843, 5, 1),
(845, 0, 3),
(847, 6, 2),
(848, 7, 5),
(851, 1, 4),
(853, 6, 2),
(854, 0, 3),
(855, 1, 5),
(856, 4, 4),
(858, 8, 1),
(859, 0, 3),
(862, 3, 1),
(864, 0, 3),
(871, 2, 0),
(874, 3, 2),
(876, 7, 4),
(880, 0, 2),
(882, 1, 4),
(885, 3, 2),
(889, 0, 2),
(890, 2, 0),
(893, 0, 1),
(894, 1, 3),
(897, 1, 4),
(900, 1, 3),
(901, 1, 5),
(902, 2, 5),
(903, 3, 2),
(904, 0, 0),
(907, 1, 3),
(908, 8, 1),
(912, 3, 1),
(916, 8, 0),
(924, 3, 1),
(927, 4, 2),
(928, 0, 2),
(931, 7, 2),
(932, 2, 0),
(937, 3, 1),
(938, 1, 4),
(942, 7, 3),
(943, 2, 5),
(951, 7, 4),
(952, 5, 4),
(955, 4, 2),
(958, 4, 3),
(960, 2, 4),
(963, 3, 0),
(967, 4, 3),
(968, 7, 3),
(970, 7, 4),
(974, 1, 2),
(976, 6, 0),
(978, 1, 3),
(982, 5, 5),
(983, 4, 3),
(985, 5, 5),
(986, 3, 2),
(987, 5, 5),
(988, 0, 1),
(990, 0, 2),
(991, 0, 0),
(992, 6, 0),
(993, 7, 3),
(994, 1, 2),
(996, 4, 2),
(997, 5, 5),
(999, 5, 5),
(1000, 7, 2);

INSERT INTO computer (ComputerID, CPUType, DiskCapacity, CPUSpeed, InRepair) VALUES
(1, 'Pentium 4', 512, 2.0, 'Y'),
(2, 'Pentium 3', 120, 1.9, 'Y'),
(3, 'Intel Core I-7', 512, 3.0, 'N'),
(4, 'Intel Core I-7', 60, 3.0, 'Y'),
(5, 'AMD Dual Core', 512, 1.7, 'Y'),
(6, 'Pentium 4', 60, 2.8, 'Y'),
(7, 'Intel Core I-7', 360, 3.0, 'N'),
(8, 'AMD Dual Core', 1000, 2.3, 'Y'),
(9, 'AMD Quad Core', 360, 3.4, 'Y'),
(10, 'Intel Core I-5', 120, 2.1, 'Y'),
(11, 'Intel Core I-5', 360, 3.0, 'N'),
(12, 'Pentium 4', 1000, 2.0, 'N'),
(13, 'Pentium 4', 1000, 3.4, 'N'),
(14, 'AMD Quad Core', 1000, 2.6, 'N'),
(15, 'Pentium 4', 1000, 1.5, 'N'),
(16, 'AMD Hexacore', 120, 1.8, 'Y'),
(17, 'Pentium 4', 360, 3.2, 'N'),
(18, 'AMD Dual Core', 1000, 3.2, 'N'),
(19, 'Pentium 4', 60, 2.0, 'N'),
(20, 'AMD Hexacore', 60, 1.9, 'Y'),
(21, 'Pentium 3', 120, 2.7, 'N'),
(22, 'AMD Quad Core', 512, 2.5, 'N'),
(23, 'Pentium 4', 360, 3.4, 'Y'),
(24, 'Intel Core I-5', 60, 1.9, 'Y'),
(25, 'AMD Quad Core', 512, 3.3, 'Y'),
(26, 'AMD Dual Core', 60, 3.4, 'N'),
(27, 'AMD Hexacore', 360, 1.5, 'N'),
(28, 'Pentium 4', 1000, 2.9, 'N'),
(29, 'AMD Quad Core', 512, 2.7, 'N'),
(30, 'Pentium 4', 60, 2.4, 'Y'),
(31, 'AMD Hexacore', 60, 1.7, 'Y'),
(32, 'Pentium 4', 360, 1.9, 'Y'),
(33, 'Pentium 4', 512, 3.2, 'N'),
(34, 'AMD Dual Core', 120, 2.4, 'N'),
(35, 'Pentium 3', 360, 2.5, 'N'),
(36, 'AMD Quad Core', 512, 2.9, 'Y'),
(37, 'AMD Dual Core', 60, 2.7, 'Y'),
(38, 'Intel Core I-5', 360, 2.4, 'Y'),
(39, 'Pentium 4', 360, 3.3, 'Y'),
(40, 'AMD Dual Core', 1000, 2.8, 'N'),
(41, 'AMD Quad Core', 120, 2.6, 'Y'),
(42, 'Intel Core I-7', 120, 1.6, 'Y'),
(43, 'AMD Quad Core', 60, 2.9, 'N'),
(44, 'Pentium 4', 120, 2.6, 'N'),
(45, 'Pentium 4', 512, 2.1, 'Y'),
(46, 'Pentium 4', 60, 2.9, 'Y'),
(47, 'AMD Quad Core', 512, 3.1, 'N'),
(48, 'AMD Quad Core', 360, 2.7, 'Y'),
(49, 'AMD Dual Core', 360, 2.9, 'Y'),
(50, 'Pentium 3', 60, 2.6, 'N'),
(51, 'AMD Quad Core', 360, 3.3, 'Y'),
(52, 'Pentium 4', 512, 1.5, 'Y'),
(53, 'Intel Core I-5', 360, 2.8, 'Y'),
(54, 'Intel Core I-7', 60, 2.9, 'Y'),
(55, 'AMD Quad Core', 512, 2.0, 'N'),
(56, 'AMD Hexacore', 1000, 2.9, 'N'),
(57, 'Intel Core I-5', 1000, 1.9, 'N'),
(58, 'Pentium 4', 360, 2.6, 'N'),
(59, 'AMD Dual Core', 360, 3.2, 'Y'),
(60, 'Intel Core I-7', 512, 1.7, 'N'),
(61, 'AMD Hexacore', 360, 2.7, 'Y'),
(62, 'AMD Hexacore', 360, 1.5, 'N'),
(63, 'Intel Core I-7', 60, 3.0, 'Y'),
(64, 'Pentium 4', 360, 2.4, 'N'),
(65, 'Pentium 4', 120, 1.9, 'N'),
(66, 'AMD Hexacore', 60, 2.6, 'N'),
(67, 'Intel Core I-7', 120, 2.3, 'N'),
(68, 'Intel Core I-7', 360, 2.5, 'Y'),
(69, 'AMD Dual Core', 360, 1.5, 'Y'),
(70, 'AMD Hexacore', 120, 2.0, 'Y'),
(71, 'AMD Dual Core', 60, 2.5, 'Y'),
(72, 'AMD Dual Core', 60, 2.2, 'Y'),
(73, 'Pentium 3', 360, 3.3, 'N'),
(74, 'Intel Core I-5', 120, 2.6, 'N'),
(75, 'Pentium 4', 1000, 2.8, 'N'),
(76, 'Pentium 3', 1000, 2.5, 'Y'),
(77, 'Pentium 3', 512, 3.0, 'N'),
(78, 'Pentium 3', 60, 2.2, 'N'),
(79, 'AMD Hexacore', 360, 3.3, 'N'),
(80, 'AMD Dual Core', 360, 1.8, 'Y'),
(81, 'Intel Core I-7', 120, 1.8, 'Y'),
(82, 'Pentium 3', 1000, 2.3, 'Y'),
(83, 'Intel Core I-7', 360, 1.5, 'Y'),
(84, 'AMD Quad Core', 512, 1.5, 'Y'),
(85, 'Intel Core I-5', 360, 2.6, 'Y'),
(86, 'AMD Dual Core', 120, 1.7, 'N'),
(87, 'AMD Dual Core', 1000, 2.6, 'N'),
(88, 'AMD Dual Core', 360, 1.7, 'Y'),
(89, 'Intel Core I-7', 512, 1.8, 'N'),
(90, 'AMD Quad Core', 360, 3.0, 'Y'),
(91, 'Intel Core I-5', 512, 2.4, 'Y'),
(92, 'Pentium 4', 512, 1.6, 'Y'),
(93, 'AMD Dual Core', 1000, 2.7, 'N'),
(94, 'AMD Dual Core', 512, 3.0, 'N'),
(95, 'Intel Core I-5', 120, 1.5, 'N'),
(96, 'Intel Core I-5', 512, 2.6, 'Y'),
(97, 'Pentium 3', 60, 2.1, 'N'),
(98, 'Pentium 4', 360, 2.0, 'Y'),
(99, 'Intel Core I-7', 60, 2.2, 'N'),
(100, 'AMD Quad Core', 360, 3.0, 'Y'),
(101, 'AMD Dual Core', 1000, 2.1, 'Y'),
(102, 'AMD Hexacore', 120, 2.1, 'Y'),
(103, 'Pentium 4', 60, 2.6, 'Y'),
(104, 'AMD Hexacore', 60, 2.3, 'Y'),
(105, 'AMD Hexacore', 60, 1.5, 'Y'),
(106, 'Pentium 3', 360, 2.6, 'N'),
(107, 'Pentium 3', 60, 1.6, 'N'),
(108, 'Intel Core I-7', 120, 1.6, 'Y'),
(109, 'Intel Core I-5', 120, 1.6, 'N'),
(110, 'AMD Dual Core', 512, 3.0, 'N'),
(111, 'AMD Quad Core', 60, 3.4, 'N'),
(112, 'AMD Hexacore', 512, 3.2, 'Y'),
(113, 'AMD Quad Core', 60, 2.7, 'N'),
(114, 'Pentium 3', 1000, 2.8, 'Y'),
(115, 'Intel Core I-7', 360, 3.4, 'N'),
(116, 'AMD Quad Core', 512, 1.9, 'N'),
(117, 'Intel Core I-5', 60, 3.4, 'Y'),
(118, 'AMD Dual Core', 360, 2.9, 'Y'),
(119, 'AMD Dual Core', 60, 3.3, 'N'),
(120, 'Intel Core I-5', 1000, 1.7, 'N'),
(121, 'Pentium 4', 60, 3.4, 'N'),
(122, 'AMD Hexacore', 512, 2.0, 'N'),
(123, 'Intel Core I-7', 1000, 2.1, 'N'),
(124, 'Intel Core I-7', 1000, 2.0, 'N'),
(125, 'Intel Core I-5', 360, 3.0, 'N'),
(126, 'Pentium 4', 360, 2.4, 'N'),
(127, 'Pentium 3', 60, 2.9, 'Y'),
(128, 'Intel Core I-5', 1000, 1.7, 'N'),
(129, 'Intel Core I-7', 1000, 2.6, 'Y'),
(130, 'AMD Dual Core', 60, 1.7, 'N'),
(131, 'Pentium 3', 1000, 1.9, 'N'),
(132, 'Intel Core I-7', 120, 2.5, 'N'),
(133, 'Pentium 4', 60, 3.4, 'N'),
(134, 'Pentium 3', 1000, 1.8, 'N'),
(135, 'Intel Core I-7', 512, 3.1, 'N'),
(136, 'AMD Dual Core', 1000, 3.2, 'N'),
(137, 'Intel Core I-5', 1000, 3.1, 'Y'),
(138, 'Pentium 4', 120, 2.7, 'Y'),
(139, 'Intel Core I-5', 360, 1.5, 'N'),
(140, 'Intel Core I-5', 60, 3.4, 'Y'),
(141, 'AMD Dual Core', 120, 1.5, 'N'),
(142, 'AMD Quad Core', 512, 2.5, 'N'),
(143, 'AMD Hexacore', 60, 1.5, 'N'),
(144, 'AMD Quad Core', 1000, 2.3, 'Y'),
(145, 'Intel Core I-7', 360, 3.1, 'N'),
(146, 'Pentium 4', 60, 2.7, 'Y'),
(147, 'AMD Hexacore', 360, 2.3, 'N'),
(148, 'Pentium 4', 1000, 3.4, 'N'),
(149, 'AMD Dual Core', 120, 3.1, 'Y'),
(150, 'Pentium 4', 512, 3.0, 'N'),
(151, 'Pentium 3', 512, 2.6, 'Y'),
(152, 'AMD Hexacore', 512, 2.6, 'Y'),
(153, 'Intel Core I-5', 360, 2.1, 'Y'),
(154, 'Pentium 4', 60, 2.0, 'N'),
(155, 'Pentium 4', 360, 3.0, 'Y'),
(156, 'Intel Core I-5', 60, 1.5, 'Y'),
(157, 'AMD Hexacore', 360, 3.4, 'N'),
(158, 'AMD Dual Core', 60, 2.0, 'Y'),
(159, 'Intel Core I-5', 360, 2.7, 'Y'),
(160, 'AMD Quad Core', 360, 2.6, 'Y'),
(161, 'Pentium 3', 120, 3.2, 'Y'),
(162, 'Pentium 4', 60, 3.3, 'N'),
(163, 'Pentium 3', 120, 2.4, 'N'),
(164, 'AMD Dual Core', 120, 3.4, 'N'),
(165, 'AMD Dual Core', 1000, 2.5, 'N'),
(166, 'AMD Hexacore', 1000, 2.3, 'N'),
(167, 'AMD Dual Core', 360, 3.3, 'Y'),
(168, 'AMD Quad Core', 60, 2.4, 'Y'),
(169, 'Pentium 3', 120, 3.2, 'Y'),
(170, 'AMD Quad Core', 360, 1.6, 'N'),
(171, 'AMD Hexacore', 1000, 2.2, 'N'),
(172, 'AMD Quad Core', 512, 2.2, 'N'),
(173, 'AMD Hexacore', 1000, 2.9, 'N'),
(174, 'AMD Hexacore', 1000, 3.3, 'Y'),
(175, 'AMD Dual Core', 360, 1.6, 'Y'),
(176, 'Intel Core I-5', 360, 2.4, 'Y'),
(177, 'Intel Core I-7', 360, 2.0, 'Y'),
(178, 'AMD Quad Core', 1000, 3.2, 'Y'),
(179, 'Intel Core I-7', 360, 2.4, 'Y'),
(180, 'AMD Hexacore', 360, 1.8, 'N'),
(181, 'AMD Quad Core', 1000, 1.5, 'Y'),
(182, 'Intel Core I-5', 120, 3.0, 'N'),
(183, 'AMD Dual Core', 512, 2.0, 'N'),
(184, 'AMD Hexacore', 120, 3.0, 'N'),
(185, 'AMD Dual Core', 120, 2.5, 'N'),
(186, 'AMD Dual Core', 60, 2.8, 'Y'),
(187, 'Pentium 3', 1000, 1.9, 'N'),
(188, 'Pentium 3', 1000, 2.8, 'Y'),
(189, 'Intel Core I-5', 360, 2.3, 'Y'),
(190, 'Pentium 4', 512, 3.0, 'N'),
(191, 'Intel Core I-5', 360, 3.2, 'N'),
(192, 'AMD Quad Core', 512, 2.5, 'N'),
(193, 'AMD Quad Core', 1000, 3.4, 'Y'),
(194, 'AMD Dual Core', 60, 2.4, 'Y'),
(195, 'AMD Hexacore', 1000, 1.7, 'N'),
(196, 'Pentium 3', 60, 1.6, 'N'),
(197, 'AMD Dual Core', 120, 1.5, 'N'),
(198, 'Pentium 4', 1000, 1.6, 'N'),
(199, 'Pentium 4', 60, 3.2, 'Y'),
(200, 'Pentium 4', 360, 2.2, 'N'),
(201, 'Intel Core I-5', 360, 2.8, 'Y'),
(202, 'Pentium 4', 360, 3.4, 'Y'),
(203, 'Pentium 4', 512, 1.6, 'Y'),
(204, 'Intel Core I-5', 1000, 3.0, 'Y'),
(205, 'AMD Quad Core', 512, 2.3, 'N'),
(206, 'AMD Quad Core', 1000, 1.8, 'Y'),
(207, 'Pentium 3', 512, 3.1, 'N'),
(208, 'Pentium 4', 360, 2.2, 'N'),
(209, 'Intel Core I-5', 360, 1.8, 'N'),
(210, 'AMD Quad Core', 1000, 2.0, 'Y'),
(211, 'Intel Core I-5', 360, 3.0, 'N'),
(212, 'Pentium 4', 512, 1.6, 'Y'),
(213, 'AMD Dual Core', 360, 3.1, 'Y'),
(214, 'Pentium 4', 1000, 2.3, 'Y'),
(215, 'Intel Core I-7', 360, 2.6, 'Y'),
(216, 'AMD Dual Core', 1000, 1.6, 'N'),
(217, 'Intel Core I-7', 360, 2.8, 'Y'),
(218, 'AMD Dual Core', 60, 2.8, 'Y'),
(219, 'Pentium 3', 1000, 2.3, 'Y'),
(220, 'Pentium 3', 512, 3.2, 'N'),
(221, 'AMD Hexacore', 60, 1.9, 'Y'),
(222, 'AMD Dual Core', 360, 1.9, 'N'),
(223, 'AMD Hexacore', 512, 1.6, 'Y'),
(224, 'Intel Core I-7', 512, 1.6, 'N'),
(225, 'Intel Core I-5', 1000, 1.8, 'N'),
(226, 'Pentium 4', 60, 3.1, 'Y'),
(227, 'Pentium 3', 1000, 2.3, 'Y'),
(228, 'AMD Dual Core', 1000, 2.0, 'Y'),
(229, 'Intel Core I-7', 60, 3.0, 'Y'),
(230, 'AMD Dual Core', 360, 3.4, 'Y'),
(231, 'AMD Dual Core', 60, 2.3, 'Y'),
(232, 'Intel Core I-5', 512, 1.8, 'N'),
(233, 'AMD Dual Core', 512, 3.4, 'Y'),
(234, 'AMD Hexacore', 60, 1.6, 'Y'),
(235, 'Intel Core I-5', 60, 2.5, 'N'),
(236, 'AMD Dual Core', 360, 1.5, 'Y'),
(237, 'AMD Hexacore', 512, 2.8, 'Y'),
(238, 'AMD Quad Core', 512, 2.5, 'N'),
(239, 'Pentium 4', 360, 2.2, 'N'),
(240, 'Intel Core I-5', 360, 2.1, 'Y'),
(241, 'Pentium 4', 360, 3.1, 'Y'),
(242, 'Intel Core I-7', 120, 3.1, 'N'),
(243, 'AMD Dual Core', 120, 2.4, 'N'),
(244, 'AMD Dual Core', 360, 1.7, 'Y'),
(245, 'AMD Quad Core', 60, 1.5, 'N'),
(246, 'AMD Hexacore', 1000, 3.0, 'N'),
(247, 'Pentium 4', 120, 2.9, 'Y'),
(248, 'AMD Dual Core', 1000, 2.6, 'Y'),
(249, 'AMD Dual Core', 360, 3.3, 'Y'),
(250, 'AMD Dual Core', 1000, 1.6, 'Y'),
(251, 'Pentium 4', 360, 2.3, 'N'),
(252, 'Pentium 3', 60, 2.1, 'N'),
(253, 'Pentium 4', 60, 2.7, 'Y'),
(254, 'Pentium 3', 120, 1.5, 'Y'),
(255, 'AMD Hexacore', 360, 1.8, 'N'),
(256, 'AMD Quad Core', 1000, 2.4, 'Y'),
(257, 'AMD Hexacore', 512, 3.3, 'Y'),
(258, 'Pentium 4', 1000, 1.5, 'N'),
(259, 'Pentium 3', 1000, 2.6, 'Y'),
(260, 'AMD Dual Core', 512, 2.6, 'N'),
(261, 'AMD Quad Core', 60, 3.0, 'N'),
(262, 'Intel Core I-5', 1000, 2.6, 'N'),
(263, 'Pentium 4', 120, 2.7, 'Y'),
(264, 'AMD Dual Core', 60, 1.8, 'N'),
(265, 'Pentium 3', 512, 3.1, 'N'),
(266, 'Intel Core I-7', 1000, 2.6, 'Y'),
(267, 'Intel Core I-7', 1000, 1.7, 'N'),
(268, 'AMD Hexacore', 360, 2.9, 'Y'),
(269, 'AMD Dual Core', 1000, 3.3, 'N'),
(270, 'AMD Hexacore', 60, 2.5, 'N'),
(271, 'AMD Hexacore', 120, 2.3, 'Y'),
(272, 'AMD Dual Core', 1000, 1.7, 'Y'),
(273, 'Pentium 4', 512, 2.1, 'Y'),
(274, 'Pentium 4', 360, 1.6, 'Y'),
(275, 'Intel Core I-5', 120, 1.6, 'Y'),
(276, 'Intel Core I-5', 512, 2.2, 'N'),
(277, 'Pentium 3', 120, 2.9, 'Y'),
(278, 'Pentium 4', 60, 3.3, 'N'),
(279, 'AMD Quad Core', 512, 1.6, 'Y'),
(280, 'Pentium 4', 60, 2.3, 'Y'),
(281, 'Intel Core I-7', 512, 1.7, 'N'),
(282, 'AMD Hexacore', 1000, 3.1, 'Y'),
(283, 'Intel Core I-7', 120, 2.2, 'N'),
(284, 'AMD Quad Core', 120, 2.9, 'Y'),
(285, 'Pentium 4', 60, 2.6, 'Y'),
(286, 'AMD Dual Core', 60, 1.6, 'N'),
(287, 'AMD Quad Core', 360, 2.6, 'Y'),
(288, 'Pentium 4', 120, 3.4, 'Y'),
(289, 'Pentium 3', 360, 3.2, 'N'),
(290, 'AMD Dual Core', 60, 1.5, 'N'),
(291, 'Intel Core I-5', 1000, 1.7, 'N'),
(292, 'AMD Dual Core', 512, 2.8, 'N'),
(293, 'AMD Quad Core', 1000, 3.4, 'Y'),
(294, 'Intel Core I-5', 512, 3.1, 'Y'),
(295, 'Pentium 4', 120, 2.6, 'N'),
(296, 'AMD Quad Core', 360, 1.9, 'N'),
(297, 'AMD Hexacore', 60, 1.9, 'Y'),
(298, 'Intel Core I-7', 120, 2.0, 'Y'),
(299, 'Pentium 4', 512, 2.1, 'Y'),
(300, 'AMD Quad Core', 120, 2.3, 'Y'),
(301, 'AMD Hexacore', 1000, 2.8, 'N'),
(302, 'AMD Quad Core', 1000, 3.4, 'Y'),
(303, 'Intel Core I-7', 1000, 2.7, 'Y'),
(304, 'Intel Core I-5', 360, 2.2, 'Y'),
(305, 'Intel Core I-5', 360, 2.7, 'Y'),
(306, 'Intel Core I-5', 512, 2.1, 'N'),
(307, 'Intel Core I-7', 360, 1.5, 'Y'),
(308, 'Intel Core I-7', 512, 2.5, 'Y'),
(309, 'AMD Dual Core', 1000, 3.3, 'N'),
(310, 'Intel Core I-5', 1000, 3.0, 'Y'),
(311, 'AMD Dual Core', 512, 2.9, 'N'),
(312, 'AMD Dual Core', 360, 1.5, 'Y'),
(313, 'Intel Core I-5', 120, 3.3, 'N'),
(314, 'Intel Core I-5', 1000, 1.7, 'N'),
(315, 'AMD Dual Core', 1000, 2.4, 'Y'),
(316, 'Intel Core I-5', 60, 3.3, 'Y'),
(317, 'Intel Core I-5', 512, 1.9, 'N'),
(318, 'AMD Hexacore', 1000, 3.2, 'Y'),
(319, 'Pentium 4', 60, 2.7, 'Y'),
(320, 'Intel Core I-5', 512, 2.9, 'Y'),
(321, 'AMD Dual Core', 120, 1.5, 'N'),
(322, 'AMD Hexacore', 360, 1.7, 'N'),
(323, 'AMD Hexacore', 1000, 3.2, 'Y'),
(324, 'Intel Core I-7', 1000, 3.2, 'Y'),
(325, 'Intel Core I-7', 120, 2.3, 'N'),
(326, 'AMD Dual Core', 512, 2.9, 'N'),
(327, 'Intel Core I-7', 1000, 1.7, 'N'),
(328, 'AMD Dual Core', 1000, 2.4, 'Y'),
(329, 'Intel Core I-7', 60, 2.5, 'N'),
(330, 'Pentium 4', 1000, 3.1, 'N'),
(331, 'Pentium 3', 512, 1.8, 'Y'),
(332, 'Pentium 3', 1000, 2.3, 'Y'),
(333, 'Pentium 3', 360, 2.6, 'N'),
(334, 'Intel Core I-7', 120, 2.7, 'N'),
(335, 'AMD Quad Core', 60, 2.9, 'N'),
(336, 'AMD Quad Core', 1000, 1.7, 'Y'),
(337, 'AMD Hexacore', 60, 1.9, 'Y'),
(338, 'Pentium 4', 1000, 3.4, 'N'),
(339, 'Intel Core I-5', 1000, 1.6, 'N'),
(340, 'AMD Dual Core', 120, 2.0, 'N'),
(341, 'AMD Quad Core', 360, 1.6, 'Y'),
(342, 'AMD Hexacore', 1000, 1.6, 'Y'),
(343, 'Intel Core I-7', 360, 1.6, 'Y'),
(344, 'Pentium 4', 512, 1.6, 'Y'),
(345, 'Pentium 3', 120, 2.1, 'Y'),
(346, 'AMD Dual Core', 120, 1.6, 'N'),
(347, 'AMD Hexacore', 120, 2.9, 'Y'),
(348, 'AMD Hexacore', 1000, 3.1, 'Y'),
(349, 'AMD Dual Core', 1000, 2.2, 'Y'),
(350, 'AMD Dual Core', 120, 2.7, 'Y'),
(351, 'Intel Core I-5', 1000, 1.5, 'Y'),
(352, 'Intel Core I-7', 60, 2.1, 'N'),
(353, 'Intel Core I-5', 120, 2.8, 'N'),
(354, 'AMD Quad Core', 60, 2.6, 'N'),
(355, 'Pentium 3', 1000, 2.3, 'Y'),
(356, 'Pentium 3', 360, 2.5, 'N'),
(357, 'Intel Core I-7', 1000, 1.7, 'N'),
(358, 'Pentium 3', 60, 3.0, 'Y'),
(359, 'Intel Core I-7', 60, 3.4, 'Y'),
(360, 'AMD Dual Core', 512, 3.2, 'Y'),
(361, 'Intel Core I-7', 512, 1.8, 'N'),
(362, 'AMD Quad Core', 360, 2.6, 'Y'),
(363, 'Intel Core I-7', 360, 3.4, 'N'),
(364, 'Pentium 3', 60, 1.6, 'N'),
(365, 'AMD Hexacore', 60, 2.7, 'N'),
(366, 'AMD Dual Core', 1000, 2.1, 'Y'),
(367, 'AMD Dual Core', 60, 2.3, 'Y'),
(368, 'Intel Core I-5', 1000, 2.1, 'N'),
(369, 'Pentium 4', 512, 2.3, 'Y'),
(370, 'Intel Core I-7', 1000, 2.1, 'N'),
(371, 'Pentium 3', 60, 2.9, 'Y'),
(372, 'AMD Quad Core', 512, 1.9, 'N'),
(373, 'Intel Core I-7', 60, 3.0, 'Y'),
(374, 'Intel Core I-7', 512, 2.2, 'N'),
(375, 'AMD Dual Core', 60, 2.8, 'Y'),
(376, 'Intel Core I-5', 120, 3.3, 'N'),
(377, 'Intel Core I-5', 60, 1.6, 'Y'),
(378, 'AMD Dual Core', 120, 3.0, 'Y'),
(379, 'Intel Core I-7', 360, 2.6, 'Y'),
(380, 'AMD Quad Core', 1000, 2.1, 'Y'),
(381, 'AMD Hexacore', 120, 1.5, 'N'),
(382, 'Pentium 4', 1000, 2.1, 'Y'),
(383, 'Pentium 3', 60, 1.7, 'N'),
(384, 'AMD Hexacore', 1000, 3.2, 'Y'),
(385, 'AMD Dual Core', 60, 3.1, 'N'),
(386, 'Pentium 4', 360, 3.1, 'N'),
(387, 'AMD Dual Core', 512, 3.0, 'N'),
(388, 'AMD Quad Core', 120, 1.5, 'N'),
(389, 'Intel Core I-7', 360, 1.8, 'Y'),
(390, 'AMD Quad Core', 512, 1.8, 'N'),
(391, 'AMD Hexacore', 1000, 1.5, 'Y'),
(392, 'AMD Hexacore', 60, 2.4, 'Y'),
(393, 'AMD Dual Core', 512, 1.5, 'Y'),
(394, 'AMD Dual Core', 60, 1.9, 'Y'),
(395, 'AMD Dual Core', 360, 1.6, 'Y'),
(396, 'Intel Core I-7', 60, 2.5, 'N'),
(397, 'AMD Hexacore', 360, 1.6, 'N'),
(398, 'Intel Core I-5', 120, 3.4, 'N'),
(399, 'AMD Quad Core', 360, 2.4, 'Y'),
(400, 'AMD Hexacore', 360, 1.5, 'N'),
(401, 'Pentium 3', 120, 2.8, 'Y'),
(402, 'Intel Core I-5', 360, 2.3, 'Y'),
(403, 'AMD Quad Core', 60, 2.3, 'Y'),
(404, 'AMD Quad Core', 1000, 1.5, 'Y'),
(405, 'Pentium 4', 60, 3.3, 'N'),
(406, 'Pentium 4', 60, 3.0, 'Y'),
(407, 'Pentium 3', 1000, 2.6, 'Y'),
(408, 'Intel Core I-5', 360, 2.0, 'Y'),
(409, 'Pentium 4', 1000, 3.3, 'N'),
(410, 'Pentium 4', 360, 2.4, 'N'),
(411, 'Pentium 4', 120, 2.4, 'N'),
(412, 'AMD Quad Core', 512, 2.2, 'N'),
(413, 'Pentium 4', 360, 1.8, 'Y'),
(414, 'AMD Quad Core', 120, 2.7, 'Y'),
(415, 'AMD Hexacore', 360, 3.2, 'N'),
(416, 'Intel Core I-5', 1000, 3.2, 'Y'),
(417, 'AMD Quad Core', 360, 2.3, 'N'),
(418, 'AMD Dual Core', 360, 1.7, 'Y'),
(419, 'AMD Hexacore', 60, 2.0, 'Y'),
(420, 'AMD Quad Core', 360, 3.0, 'Y'),
(421, 'Intel Core I-7', 60, 2.5, 'N'),
(422, 'Intel Core I-5', 512, 2.3, 'Y'),
(423, 'Intel Core I-7', 360, 1.7, 'Y'),
(424, 'Intel Core I-5', 60, 1.9, 'Y'),
(425, 'Pentium 4', 60, 2.1, 'Y'),
(426, 'AMD Quad Core', 1000, 2.0, 'Y'),
(427, 'Pentium 4', 1000, 1.9, 'N'),
(428, 'AMD Quad Core', 60, 2.6, 'N'),
(429, 'AMD Quad Core', 60, 2.0, 'Y'),
(430, 'AMD Dual Core', 60, 1.8, 'N'),
(431, 'Pentium 4', 1000, 3.2, 'N'),
(432, 'Pentium 3', 512, 1.7, 'N'),
(433, 'Intel Core I-5', 512, 2.0, 'N'),
(434, 'Pentium 4', 60, 2.6, 'Y'),
(435, 'AMD Dual Core', 512, 2.8, 'N'),
(436, 'Intel Core I-7', 1000, 2.7, 'Y'),
(437, 'AMD Hexacore', 512, 3.2, 'Y'),
(438, 'AMD Quad Core', 60, 1.6, 'N'),
(439, 'AMD Dual Core', 512, 3.4, 'Y'),
(440, 'Pentium 3', 1000, 1.6, 'N'),
(441, 'Pentium 3', 512, 2.0, 'Y'),
(442, 'AMD Quad Core', 120, 2.4, 'Y'),
(443, 'Pentium 4', 360, 1.7, 'Y'),
(444, 'AMD Hexacore', 1000, 2.9, 'N'),
(445, 'Pentium 4', 120, 2.9, 'Y'),
(446, 'Pentium 3', 60, 2.7, 'N'),
(447, 'AMD Dual Core', 360, 2.0, 'N'),
(448, 'Intel Core I-7', 360, 2.2, 'Y'),
(449, 'AMD Hexacore', 512, 2.1, 'N'),
(450, 'AMD Hexacore', 512, 1.9, 'N'),
(451, 'AMD Quad Core', 512, 1.6, 'Y'),
(452, 'Pentium 4', 1000, 3.4, 'N'),
(453, 'Pentium 3', 120, 2.9, 'Y'),
(454, 'Pentium 3', 1000, 2.9, 'Y'),
(455, 'Intel Core I-5', 360, 2.4, 'Y'),
(456, 'AMD Dual Core', 360, 2.0, 'N'),
(457, 'Intel Core I-7', 60, 2.0, 'N'),
(458, 'AMD Hexacore', 60, 1.9, 'Y'),
(459, 'Pentium 4', 1000, 2.8, 'N'),
(460, 'AMD Hexacore', 60, 2.8, 'N'),
(461, 'Pentium 3', 120, 2.5, 'N'),
(462, 'AMD Hexacore', 1000, 1.5, 'Y'),
(463, 'AMD Dual Core', 120, 1.5, 'N'),
(464, 'Intel Core I-5', 1000, 2.9, 'Y'),
(465, 'Pentium 3', 512, 2.7, 'Y'),
(466, 'Pentium 4', 360, 2.2, 'N'),
(467, 'Intel Core I-5', 60, 1.6, 'Y'),
(468, 'Pentium 3', 360, 2.7, 'N'),
(469, 'Pentium 3', 360, 3.4, 'Y'),
(470, 'Intel Core I-5', 512, 2.0, 'N'),
(471, 'Pentium 3', 60, 3.4, 'N'),
(472, 'Intel Core I-7', 120, 2.1, 'Y'),
(473, 'Pentium 3', 1000, 1.7, 'N'),
(474, 'AMD Quad Core', 120, 1.8, 'Y'),
(475, 'AMD Dual Core', 1000, 2.4, 'Y'),
(476, 'AMD Quad Core', 1000, 1.6, 'Y'),
(477, 'AMD Quad Core', 120, 2.0, 'Y'),
(478, 'Pentium 4', 360, 2.3, 'N'),
(479, 'AMD Hexacore', 1000, 2.4, 'N'),
(480, 'Pentium 4', 1000, 2.8, 'N'),
(481, 'Pentium 4', 120, 1.5, 'Y'),
(482, 'Pentium 4', 120, 3.1, 'Y'),
(483, 'Intel Core I-5', 360, 1.9, 'Y'),
(484, 'Intel Core I-5', 120, 1.6, 'Y'),
(485, 'Intel Core I-7', 360, 1.6, 'Y'),
(486, 'Intel Core I-7', 1000, 3.3, 'Y'),
(487, 'Intel Core I-7', 360, 2.2, 'Y'),
(488, 'Intel Core I-5', 512, 2.5, 'Y'),
(489, 'AMD Dual Core', 360, 1.6, 'Y'),
(490, 'Intel Core I-7', 60, 2.3, 'N'),
(491, 'Intel Core I-7', 1000, 2.1, 'N'),
(492, 'Pentium 3', 512, 2.8, 'N'),
(493, 'Pentium 4', 120, 2.2, 'N'),
(494, 'AMD Hexacore', 360, 2.1, 'N'),
(495, 'Pentium 3', 512, 2.5, 'Y'),
(496, 'AMD Quad Core', 512, 2.0, 'N'),
(497, 'Pentium 3', 1000, 2.4, 'Y'),
(498, 'AMD Quad Core', 512, 2.2, 'N'),
(499, 'AMD Quad Core', 60, 1.6, 'N'),
(500, 'Intel Core I-7', 512, 2.2, 'N'),
(501, 'AMD Dual Core', 60, 2.5, 'Y'),
(502, 'Pentium 4', 60, 2.7, 'Y'),
(503, 'Intel Core I-5', 1000, 2.3, 'N'),
(504, 'Intel Core I-7', 1000, 1.6, 'N'),
(505, 'AMD Quad Core', 512, 1.9, 'N'),
(506, 'AMD Quad Core', 120, 3.0, 'Y'),
(507, 'Pentium 4', 60, 3.1, 'Y'),
(508, 'AMD Quad Core', 60, 2.5, 'N'),
(509, 'AMD Hexacore', 60, 1.9, 'Y'),
(510, 'AMD Dual Core', 360, 2.3, 'N'),
(511, 'Intel Core I-5', 120, 3.4, 'N'),
(512, 'AMD Hexacore', 360, 3.2, 'N'),
(513, 'Pentium 3', 120, 2.9, 'Y'),
(514, 'Pentium 3', 60, 1.5, 'N'),
(515, 'AMD Quad Core', 512, 2.8, 'N'),
(516, 'Intel Core I-7', 1000, 2.8, 'Y'),
(517, 'Intel Core I-5', 360, 3.0, 'N'),
(518, 'AMD Quad Core', 1000, 3.4, 'Y'),
(519, 'Intel Core I-7', 360, 2.8, 'N'),
(520, 'Pentium 4', 512, 2.9, 'N'),
(521, 'AMD Dual Core', 60, 3.4, 'N'),
(522, 'Pentium 3', 360, 2.6, 'N'),
(523, 'AMD Hexacore', 1000, 2.6, 'N'),
(524, 'Pentium 3', 360, 2.6, 'N'),
(525, 'Intel Core I-5', 1000, 3.4, 'Y'),
(526, 'Pentium 3', 120, 2.1, 'Y'),
(527, 'AMD Hexacore', 1000, 3.3, 'Y'),
(528, 'AMD Quad Core', 120, 3.1, 'Y'),
(529, 'AMD Quad Core', 360, 2.8, 'Y'),
(530, 'Intel Core I-7', 120, 1.9, 'Y'),
(531, 'AMD Dual Core', 1000, 2.7, 'N'),
(532, 'Pentium 3', 360, 3.3, 'N'),
(533, 'AMD Hexacore', 120, 2.1, 'Y'),
(534, 'AMD Hexacore', 60, 1.7, 'Y'),
(535, 'Intel Core I-7', 512, 1.8, 'N'),
(536, 'Intel Core I-7', 120, 2.2, 'N'),
(537, 'AMD Quad Core', 360, 2.3, 'N'),
(538, 'Intel Core I-7', 360, 1.8, 'Y'),
(539, 'AMD Dual Core', 512, 3.1, 'N'),
(540, 'AMD Dual Core', 60, 2.1, 'Y'),
(541, 'Intel Core I-5', 1000, 1.6, 'Y'),
(542, 'AMD Dual Core', 360, 3.2, 'Y'),
(543, 'Pentium 3', 512, 2.1, 'Y'),
(544, 'Pentium 3', 60, 2.8, 'Y'),
(545, 'Pentium 4', 512, 2.3, 'Y'),
(546, 'AMD Dual Core', 120, 2.3, 'N'),
(547, 'Intel Core I-7', 360, 3.4, 'N'),
(548, 'Pentium 4', 120, 2.2, 'N'),
(549, 'Pentium 3', 512, 2.8, 'N'),
(550, 'Pentium 4', 1000, 3.1, 'N'),
(551, 'Intel Core I-5', 60, 2.4, 'N'),
(552, 'AMD Quad Core', 60, 2.4, 'N'),
(553, 'AMD Quad Core', 120, 2.8, 'Y'),
(554, 'AMD Dual Core', 120, 2.2, 'N'),
(555, 'AMD Hexacore', 512, 2.2, 'N'),
(556, 'Pentium 4', 512, 3.4, 'Y'),
(557, 'AMD Hexacore', 120, 1.6, 'N'),
(558, 'AMD Hexacore', 360, 3.2, 'N'),
(559, 'Pentium 3', 60, 1.7, 'N'),
(560, 'AMD Quad Core', 120, 3.3, 'N'),
(561, 'Intel Core I-7', 120, 3.1, 'N'),
(562, 'Intel Core I-5', 1000, 1.5, 'Y'),
(563, 'Pentium 3', 360, 3.1, 'N'),
(564, 'Intel Core I-5', 1000, 1.5, 'Y'),
(565, 'Intel Core I-7', 512, 3.0, 'N'),
(566, 'Intel Core I-5', 1000, 1.5, 'Y'),
(567, 'Intel Core I-7', 60, 2.6, 'N'),
(568, 'AMD Quad Core', 120, 2.6, 'Y'),
(569, 'Pentium 3', 120, 3.2, 'Y'),
(570, 'AMD Hexacore', 360, 2.0, 'N'),
(571, 'AMD Quad Core', 120, 2.0, 'N'),
(572, 'Intel Core I-5', 60, 2.7, 'N'),
(573, 'Pentium 4', 120, 1.7, 'N'),
(574, 'AMD Hexacore', 120, 2.1, 'Y'),
(575, 'AMD Dual Core', 1000, 2.7, 'N'),
(576, 'Intel Core I-7', 360, 1.7, 'Y'),
(577, 'Intel Core I-7', 512, 1.9, 'N'),
(578, 'AMD Quad Core', 1000, 3.2, 'Y'),
(579, 'Intel Core I-7', 512, 1.7, 'N'),
(580, 'AMD Quad Core', 360, 2.5, 'Y'),
(581, 'Pentium 3', 1000, 2.2, 'Y'),
(582, 'AMD Dual Core', 512, 2.5, 'N'),
(583, 'AMD Dual Core', 360, 1.8, 'Y'),
(584, 'AMD Dual Core', 512, 3.2, 'N'),
(585, 'Pentium 3', 60, 2.9, 'Y'),
(586, 'Intel Core I-5', 1000, 1.7, 'N'),
(587, 'AMD Hexacore', 120, 1.9, 'Y'),
(588, 'AMD Dual Core', 1000, 3.3, 'N'),
(589, 'Pentium 3', 120, 3.0, 'Y'),
(590, 'AMD Hexacore', 60, 1.8, 'Y'),
(591, 'Pentium 4', 60, 2.0, 'Y'),
(592, 'Intel Core I-5', 1000, 2.6, 'N'),
(593, 'Intel Core I-7', 360, 1.6, 'Y'),
(594, 'Intel Core I-5', 120, 3.2, 'N'),
(595, 'AMD Dual Core', 512, 2.5, 'N'),
(596, 'Intel Core I-7', 60, 1.5, 'N'),
(597, 'AMD Dual Core', 60, 1.5, 'N'),
(598, 'AMD Dual Core', 1000, 2.0, 'Y'),
(599, 'Pentium 3', 120, 3.2, 'Y'),
(600, 'AMD Dual Core', 1000, 2.3, 'Y'),
(601, 'AMD Dual Core', 120, 3.1, 'Y'),
(602, 'AMD Quad Core', 120, 2.2, 'Y'),
(603, 'Pentium 4', 60, 2.5, 'Y'),
(604, 'AMD Quad Core', 120, 2.2, 'Y'),
(605, 'Intel Core I-5', 360, 2.6, 'Y'),
(606, 'Intel Core I-7', 60, 3.2, 'Y'),
(607, 'AMD Dual Core', 1000, 2.2, 'Y'),
(608, 'Intel Core I-5', 1000, 2.2, 'N'),
(609, 'Intel Core I-7', 360, 2.9, 'N'),
(610, 'AMD Hexacore', 120, 1.9, 'Y'),
(611, 'AMD Dual Core', 1000, 2.9, 'N'),
(612, 'Pentium 3', 120, 1.8, 'Y'),
(613, 'AMD Hexacore', 512, 2.9, 'Y'),
(614, 'AMD Quad Core', 360, 2.6, 'Y'),
(615, 'AMD Dual Core', 360, 2.6, 'Y'),
(616, 'AMD Quad Core', 512, 2.0, 'N'),
(617, 'AMD Quad Core', 120, 3.2, 'N'),
(618, 'AMD Hexacore', 512, 3.4, 'Y'),
(619, 'AMD Hexacore', 1000, 2.0, 'N'),
(620, 'Pentium 4', 1000, 2.8, 'N'),
(621, 'Pentium 3', 360, 3.0, 'N'),
(622, 'AMD Hexacore', 60, 2.8, 'N'),
(623, 'AMD Dual Core', 60, 3.0, 'N'),
(624, 'AMD Dual Core', 120, 2.8, 'Y'),
(625, 'AMD Dual Core', 360, 3.4, 'Y'),
(626, 'AMD Hexacore', 360, 2.8, 'Y'),
(627, 'Intel Core I-7', 512, 2.5, 'Y'),
(628, 'AMD Dual Core', 1000, 1.9, 'Y'),
(629, 'Pentium 4', 512, 3.1, 'N'),
(630, 'AMD Dual Core', 1000, 2.6, 'N'),
(631, 'AMD Hexacore', 360, 1.7, 'N'),
(632, 'AMD Hexacore', 1000, 3.4, 'Y'),
(633, 'AMD Dual Core', 360, 3.4, 'Y'),
(634, 'AMD Quad Core', 1000, 2.9, 'N'),
(635, 'Pentium 4', 120, 2.9, 'Y'),
(636, 'AMD Hexacore', 512, 3.4, 'Y'),
(637, 'Pentium 4', 512, 1.5, 'Y'),
(638, 'Intel Core I-5', 120, 3.0, 'N'),
(639, 'AMD Hexacore', 120, 2.1, 'Y'),
(640, 'Pentium 4', 1000, 3.2, 'N'),
(641, 'AMD Quad Core', 60, 3.0, 'N'),
(642, 'Intel Core I-5', 120, 3.2, 'N'),
(643, 'AMD Dual Core', 360, 1.8, 'Y'),
(644, 'AMD Dual Core', 1000, 2.6, 'N'),
(645, 'AMD Dual Core', 60, 2.3, 'Y'),
(646, 'Pentium 4', 512, 1.6, 'Y'),
(647, 'Pentium 3', 120, 3.2, 'Y'),
(648, 'AMD Dual Core', 1000, 2.4, 'Y'),
(649, 'AMD Quad Core', 1000, 2.1, 'Y'),
(650, 'Intel Core I-7', 1000, 1.9, 'N'),
(651, 'AMD Quad Core', 512, 1.8, 'N'),
(652, 'AMD Hexacore', 120, 1.5, 'N'),
(653, 'AMD Hexacore', 1000, 1.5, 'Y'),
(654, 'Intel Core I-7', 360, 1.8, 'Y'),
(655, 'AMD Dual Core', 120, 2.7, 'Y'),
(656, 'Intel Core I-5', 60, 1.8, 'Y'),
(657, 'Pentium 3', 120, 2.7, 'N'),
(658, 'Intel Core I-5', 1000, 3.2, 'Y'),
(659, 'Pentium 4', 512, 2.3, 'Y'),
(660, 'Pentium 3', 1000, 3.2, 'Y'),
(661, 'Intel Core I-7', 360, 2.1, 'Y'),
(662, 'Intel Core I-7', 1000, 1.7, 'N'),
(663, 'AMD Quad Core', 120, 2.5, 'Y'),
(664, 'AMD Hexacore', 360, 1.8, 'N'),
(665, 'Pentium 3', 1000, 1.6, 'N'),
(666, 'AMD Hexacore', 1000, 3.0, 'Y'),
(667, 'AMD Hexacore', 1000, 1.8, 'N'),
(668, 'Pentium 3', 1000, 1.5, 'N'),
(669, 'AMD Dual Core', 120, 3.1, 'Y'),
(670, 'Intel Core I-5', 512, 2.7, 'Y'),
(671, 'AMD Dual Core', 60, 2.0, 'Y'),
(672, 'AMD Hexacore', 60, 1.7, 'Y'),
(673, 'Pentium 3', 360, 2.8, 'N'),
(674, 'AMD Quad Core', 1000, 2.2, 'Y'),
(675, 'Intel Core I-5', 1000, 3.3, 'Y'),
(676, 'Pentium 4', 60, 3.2, 'Y'),
(677, 'AMD Dual Core', 512, 2.4, 'N'),
(678, 'Pentium 3', 60, 1.9, 'N'),
(679, 'Pentium 3', 60, 2.0, 'N'),
(680, 'Pentium 4', 1000, 3.2, 'N'),
(681, 'AMD Hexacore', 60, 3.1, 'N'),
(682, 'AMD Hexacore', 512, 1.5, 'Y'),
(683, 'Intel Core I-7', 1000, 3.3, 'Y'),
(684, 'AMD Dual Core', 512, 2.6, 'N'),
(685, 'Intel Core I-5', 120, 2.3, 'N'),
(686, 'Intel Core I-7', 120, 1.7, 'Y'),
(687, 'Intel Core I-7', 1000, 3.3, 'Y'),
(688, 'AMD Quad Core', 60, 3.1, 'N'),
(689, 'Pentium 4', 360, 1.6, 'Y'),
(690, 'AMD Quad Core', 120, 2.5, 'Y'),
(691, 'AMD Quad Core', 360, 2.2, 'N'),
(692, 'AMD Dual Core', 1000, 1.8, 'Y'),
(693, 'AMD Hexacore', 360, 2.2, 'N'),
(694, 'AMD Hexacore', 120, 2.3, 'Y'),
(695, 'Pentium 4', 120, 2.5, 'N'),
(696, 'AMD Quad Core', 60, 2.7, 'N'),
(697, 'AMD Dual Core', 60, 2.2, 'Y'),
(698, 'Intel Core I-5', 60, 1.5, 'Y'),
(699, 'AMD Dual Core', 60, 2.4, 'Y'),
(700, 'Intel Core I-5', 120, 2.7, 'N'),
(701, 'AMD Quad Core', 1000, 3.2, 'Y'),
(702, 'Intel Core I-7', 360, 3.2, 'N'),
(703, 'Intel Core I-7', 512, 2.8, 'Y'),
(704, 'Intel Core I-5', 120, 2.9, 'N'),
(705, 'AMD Hexacore', 1000, 3.4, 'Y'),
(706, 'Intel Core I-7', 512, 1.6, 'N'),
(707, 'AMD Hexacore', 1000, 2.1, 'N'),
(708, 'Pentium 4', 60, 2.7, 'Y'),
(709, 'Pentium 4', 512, 2.0, 'Y'),
(710, 'Pentium 3', 120, 3.0, 'Y'),
(711, 'AMD Dual Core', 360, 2.8, 'Y'),
(712, 'Pentium 3', 60, 2.2, 'N'),
(713, 'Intel Core I-5', 512, 2.6, 'Y'),
(714, 'Pentium 3', 1000, 2.5, 'Y'),
(715, 'AMD Quad Core', 1000, 1.5, 'Y'),
(716, 'Pentium 4', 512, 2.0, 'Y'),
(717, 'Pentium 3', 60, 1.8, 'N'),
(718, 'Pentium 4', 512, 3.4, 'Y'),
(719, 'Intel Core I-5', 120, 2.9, 'N'),
(720, 'Pentium 3', 360, 3.4, 'Y'),
(721, 'AMD Hexacore', 1000, 3.2, 'Y'),
(722, 'Pentium 4', 512, 2.2, 'Y'),
(723, 'Intel Core I-7', 120, 3.3, 'N'),
(724, 'Intel Core I-7', 60, 2.1, 'N'),
(725, 'Pentium 4', 120, 2.0, 'N'),
(726, 'Intel Core I-7', 120, 1.7, 'Y'),
(727, 'Pentium 3', 360, 2.9, 'N'),
(728, 'AMD Quad Core', 60, 1.9, 'Y'),
(729, 'Pentium 4', 512, 3.2, 'N'),
(730, 'Pentium 4', 512, 2.0, 'Y'),
(731, 'Intel Core I-7', 60, 2.5, 'N'),
(732, 'AMD Hexacore', 360, 2.4, 'N'),
(733, 'AMD Hexacore', 1000, 2.9, 'N'),
(734, 'Pentium 4', 1000, 2.7, 'N'),
(735, 'AMD Hexacore', 60, 3.4, 'Y'),
(736, 'AMD Hexacore', 512, 3.4, 'Y'),
(737, 'AMD Hexacore', 60, 2.2, 'Y'),
(738, 'Pentium 3', 512, 1.9, 'Y'),
(739, 'Intel Core I-5', 512, 2.6, 'Y'),
(740, 'Intel Core I-7', 360, 2.1, 'Y'),
(741, 'AMD Dual Core', 360, 3.0, 'Y'),
(742, 'Intel Core I-5', 1000, 2.0, 'N'),
(743, 'AMD Dual Core', 120, 2.5, 'N'),
(744, 'Pentium 4', 120, 2.1, 'N'),
(745, 'Pentium 3', 512, 3.2, 'N'),
(746, 'AMD Quad Core', 120, 3.4, 'N'),
(747, 'AMD Quad Core', 60, 2.6, 'N'),
(748, 'AMD Hexacore', 512, 3.1, 'Y'),
(749, 'Pentium 4', 360, 2.3, 'N'),
(750, 'Intel Core I-7', 360, 2.0, 'Y'),
(751, 'AMD Quad Core', 1000, 2.3, 'Y'),
(752, 'Pentium 3', 360, 2.2, 'N'),
(753, 'Pentium 3', 1000, 2.0, 'N'),
(754, 'Pentium 4', 360, 2.4, 'N'),
(755, 'Pentium 3', 120, 3.0, 'Y'),
(756, 'Pentium 4', 60, 2.5, 'Y'),
(757, 'Pentium 3', 60, 3.3, 'Y'),
(758, 'Pentium 3', 512, 2.2, 'Y'),
(759, 'AMD Quad Core', 60, 2.4, 'Y'),
(760, 'AMD Hexacore', 512, 3.2, 'Y'),
(761, 'Intel Core I-7', 120, 2.1, 'Y'),
(762, 'Pentium 4', 512, 1.7, 'Y'),
(763, 'Pentium 3', 360, 3.0, 'N'),
(764, 'Intel Core I-7', 1000, 1.5, 'Y'),
(765, 'Pentium 3', 60, 1.9, 'N'),
(766, 'Intel Core I-5', 1000, 1.9, 'N'),
(767, 'AMD Dual Core', 60, 2.7, 'Y'),
(768, 'AMD Quad Core', 1000, 3.3, 'Y'),
(769, 'AMD Dual Core', 1000, 2.6, 'Y'),
(770, 'Intel Core I-5', 60, 1.6, 'Y'),
(771, 'AMD Hexacore', 512, 3.2, 'Y'),
(772, 'Intel Core I-7', 360, 3.4, 'N'),
(773, 'AMD Quad Core', 1000, 2.2, 'Y'),
(774, 'Intel Core I-5', 512, 2.3, 'Y'),
(775, 'Intel Core I-5', 60, 1.9, 'Y'),
(776, 'Intel Core I-7', 60, 2.6, 'N'),
(777, 'Intel Core I-7', 120, 3.2, 'N'),
(778, 'AMD Hexacore', 60, 2.6, 'N'),
(779, 'Intel Core I-7', 120, 2.3, 'N'),
(780, 'Intel Core I-5', 1000, 2.0, 'N'),
(781, 'AMD Dual Core', 120, 2.5, 'Y'),
(782, 'AMD Quad Core', 1000, 3.3, 'Y'),
(783, 'AMD Dual Core', 512, 3.1, 'N'),
(784, 'Pentium 4', 60, 2.6, 'Y'),
(785, 'Intel Core I-5', 512, 3.1, 'Y'),
(786, 'Intel Core I-7', 512, 1.7, 'N'),
(787, 'AMD Quad Core', 512, 1.8, 'N'),
(788, 'AMD Quad Core', 120, 1.9, 'N'),
(789, 'Pentium 4', 512, 3.2, 'N'),
(790, 'AMD Quad Core', 1000, 2.4, 'Y'),
(791, 'AMD Hexacore', 512, 1.5, 'Y'),
(792, 'AMD Hexacore', 360, 1.5, 'N'),
(793, 'AMD Hexacore', 512, 3.0, 'Y'),
(794, 'Pentium 4', 60, 2.9, 'Y'),
(795, 'Pentium 3', 120, 1.5, 'Y'),
(796, 'Pentium 3', 512, 2.7, 'N'),
(797, 'Intel Core I-5', 360, 2.5, 'Y'),
(798, 'AMD Quad Core', 360, 2.5, 'Y'),
(799, 'Pentium 4', 60, 1.6, 'N'),
(800, 'Pentium 4', 1000, 2.7, 'N'),
(801, 'Pentium 3', 60, 2.1, 'N'),
(802, 'Pentium 3', 60, 2.7, 'N'),
(803, 'Pentium 4', 512, 2.0, 'Y'),
(804, 'AMD Dual Core', 120, 2.2, 'N'),
(805, 'AMD Dual Core', 1000, 2.2, 'Y'),
(806, 'AMD Hexacore', 360, 2.4, 'N'),
(807, 'AMD Hexacore', 360, 1.5, 'N'),
(808, 'Pentium 4', 60, 3.2, 'Y'),
(809, 'AMD Quad Core', 360, 2.0, 'N'),
(810, 'Pentium 4', 60, 1.8, 'N'),
(811, 'AMD Dual Core', 512, 2.7, 'N'),
(812, 'AMD Dual Core', 1000, 2.1, 'Y'),
(813, 'Pentium 4', 120, 3.3, 'Y'),
(814, 'Intel Core I-5', 60, 1.8, 'Y'),
(815, 'Pentium 4', 360, 2.2, 'N'),
(816, 'AMD Quad Core', 360, 2.3, 'N'),
(817, 'Intel Core I-7', 1000, 2.1, 'N'),
(818, 'Intel Core I-5', 120, 1.8, 'Y'),
(819, 'Pentium 3', 60, 1.8, 'N'),
(820, 'Pentium 4', 360, 1.7, 'Y'),
(821, 'Pentium 4', 120, 1.5, 'N'),
(822, 'Intel Core I-7', 512, 2.2, 'Y'),
(823, 'AMD Dual Core', 120, 1.6, 'N'),
(824, 'Intel Core I-5', 1000, 1.6, 'N'),
(825, 'Pentium 3', 120, 1.5, 'Y'),
(826, 'Intel Core I-7', 60, 3.1, 'Y'),
(827, 'AMD Dual Core', 512, 1.9, 'Y'),
(828, 'AMD Dual Core', 1000, 2.8, 'N'),
(829, 'Intel Core I-5', 360, 2.3, 'Y'),
(830, 'AMD Hexacore', 120, 2.6, 'Y'),
(831, 'Pentium 3', 360, 1.6, 'Y'),
(832, 'AMD Quad Core', 1000, 2.2, 'Y'),
(833, 'AMD Quad Core', 60, 2.5, 'N'),
(834, 'AMD Hexacore', 360, 3.0, 'N'),
(835, 'AMD Hexacore', 512, 3.3, 'Y'),
(836, 'AMD Dual Core', 60, 3.3, 'N'),
(837, 'Pentium 4', 60, 2.7, 'Y'),
(838, 'Intel Core I-7', 120, 2.3, 'N'),
(839, 'Intel Core I-5', 60, 1.9, 'Y'),
(840, 'Pentium 4', 120, 2.2, 'N'),
(841, 'Pentium 4', 60, 1.7, 'N'),
(842, 'AMD Dual Core', 512, 2.1, 'N'),
(843, 'Pentium 3', 1000, 3.4, 'Y'),
(844, 'Pentium 3', 360, 2.8, 'N'),
(845, 'Pentium 3', 120, 3.1, 'Y'),
(846, 'Pentium 4', 1000, 2.9, 'N'),
(847, 'AMD Dual Core', 60, 1.7, 'N'),
(848, 'Intel Core I-5', 360, 2.6, 'Y'),
(849, 'Intel Core I-7', 360, 2.2, 'Y'),
(850, 'AMD Quad Core', 1000, 2.6, 'N'),
(851, 'Pentium 4', 512, 2.1, 'Y'),
(852, 'Intel Core I-7', 60, 2.1, 'N'),
(853, 'AMD Dual Core', 120, 2.2, 'N'),
(854, 'Intel Core I-7', 512, 3.4, 'N'),
(855, 'Intel Core I-7', 512, 2.7, 'Y'),
(856, 'Pentium 4', 120, 3.3, 'Y'),
(857, 'AMD Hexacore', 1000, 2.6, 'N'),
(858, 'AMD Dual Core', 1000, 1.9, 'Y'),
(859, 'Pentium 4', 60, 2.2, 'Y'),
(860, 'AMD Dual Core', 512, 2.5, 'N'),
(861, 'Pentium 4', 512, 2.0, 'Y'),
(862, 'AMD Dual Core', 512, 2.1, 'N'),
(863, 'AMD Dual Core', 512, 2.3, 'N'),
(864, 'Intel Core I-5', 60, 2.9, 'N'),
(865, 'Pentium 3', 360, 1.7, 'Y'),
(866, 'Intel Core I-7', 512, 2.0, 'N'),
(867, 'Intel Core I-5', 1000, 3.1, 'Y'),
(868, 'AMD Quad Core', 1000, 1.7, 'Y'),
(869, 'Pentium 4', 360, 1.9, 'Y'),
(870, 'Intel Core I-5', 360, 2.3, 'Y'),
(871, 'AMD Dual Core', 360, 3.0, 'Y'),
(872, 'Intel Core I-7', 512, 3.2, 'N'),
(873, 'Intel Core I-7', 120, 3.4, 'Y'),
(874, 'Intel Core I-7', 1000, 3.1, 'Y'),
(875, 'Intel Core I-7', 120, 3.4, 'Y'),
(876, 'Intel Core I-7', 360, 2.8, 'Y'),
(877, 'Intel Core I-7', 512, 2.3, 'Y'),
(878, 'Pentium 4', 512, 2.3, 'Y'),
(879, 'Intel Core I-5', 360, 1.9, 'N'),
(880, 'Intel Core I-7', 360, 2.0, 'Y'),
(881, 'AMD Quad Core', 60, 2.9, 'N'),
(882, 'AMD Quad Core', 120, 2.7, 'Y'),
(883, 'AMD Dual Core', 120, 2.1, 'N'),
(884, 'Pentium 4', 512, 3.1, 'N'),
(885, 'AMD Dual Core', 512, 2.0, 'N'),
(886, 'Pentium 3', 360, 2.9, 'N'),
(887, 'Pentium 3', 360, 3.4, 'Y'),
(888, 'AMD Quad Core', 120, 2.5, 'Y'),
(889, 'Intel Core I-5', 1000, 1.8, 'N'),
(890, 'AMD Dual Core', 120, 1.5, 'N'),
(891, 'AMD Hexacore', 60, 2.2, 'Y'),
(892, 'Intel Core I-5', 60, 2.3, 'N'),
(893, 'AMD Hexacore', 120, 1.6, 'N'),
(894, 'AMD Dual Core', 360, 2.8, 'Y'),
(895, 'Intel Core I-7', 360, 1.6, 'Y'),
(896, 'Intel Core I-5', 360, 3.0, 'N'),
(897, 'Intel Core I-7', 1000, 3.3, 'Y'),
(898, 'Pentium 4', 1000, 1.9, 'N'),
(899, 'Pentium 3', 1000, 2.5, 'Y'),
(900, 'Pentium 4', 360, 2.6, 'N'),
(901, 'AMD Dual Core', 60, 3.2, 'N'),
(902, 'Intel Core I-7', 60, 1.5, 'Y'),
(903, 'AMD Quad Core', 60, 2.2, 'Y'),
(904, 'Pentium 4', 60, 3.3, 'Y'),
(905, 'Pentium 4', 120, 3.1, 'Y'),
(906, 'AMD Dual Core', 60, 2.3, 'Y'),
(907, 'Intel Core I-7', 1000, 2.1, 'Y'),
(908, 'AMD Quad Core', 360, 2.5, 'Y'),
(909, 'Intel Core I-7', 360, 1.5, 'N'),
(910, 'Pentium 3', 60, 3.4, 'Y'),
(911, 'AMD Dual Core', 512, 2.5, 'N'),
(912, 'AMD Quad Core', 60, 1.7, 'N'),
(913, 'AMD Hexacore', 120, 3.4, 'N'),
(914, 'AMD Dual Core', 360, 1.6, 'Y'),
(915, 'Intel Core I-7', 512, 3.1, 'N'),
(916, 'Intel Core I-5', 360, 2.7, 'Y'),
(917, 'Pentium 3', 120, 1.5, 'Y'),
(918, 'Pentium 4', 60, 2.7, 'Y'),
(919, 'AMD Dual Core', 360, 2.4, 'N'),
(920, 'Intel Core I-7', 60, 2.2, 'N'),
(921, 'Intel Core I-5', 60, 2.0, 'Y'),
(922, 'Pentium 4', 360, 2.1, 'N'),
(923, 'Intel Core I-5', 60, 3.4, 'Y'),
(924, 'Intel Core I-5', 60, 1.9, 'Y'),
(925, 'Pentium 3', 120, 1.6, 'Y'),
(926, 'AMD Quad Core', 120, 2.1, 'Y'),
(927, 'AMD Dual Core', 360, 3.1, 'Y'),
(928, 'AMD Hexacore', 512, 2.1, 'N'),
(929, 'Intel Core I-7', 360, 2.9, 'N'),
(930, 'Pentium 4', 512, 1.9, 'Y'),
(931, 'Intel Core I-7', 512, 3.0, 'N'),
(932, 'AMD Hexacore', 1000, 1.8, 'N'),
(933, 'Pentium 4', 1000, 3.2, 'N'),
(934, 'AMD Quad Core', 60, 2.8, 'N'),
(935, 'AMD Quad Core', 360, 2.3, 'N'),
(936, 'AMD Hexacore', 1000, 2.9, 'N'),
(937, 'Intel Core I-7', 120, 2.0, 'Y'),
(938, 'Pentium 3', 60, 2.3, 'N'),
(939, 'Pentium 3', 120, 3.4, 'Y'),
(940, 'Pentium 3', 360, 3.1, 'N'),
(941, 'Pentium 3', 512, 2.3, 'Y'),
(942, 'AMD Hexacore', 60, 2.4, 'N'),
(943, 'AMD Hexacore', 1000, 2.5, 'N'),
(944, 'AMD Hexacore', 1000, 1.9, 'N'),
(945, 'Pentium 3', 512, 2.5, 'Y'),
(946, 'Pentium 4', 1000, 1.9, 'N'),
(947, 'Pentium 3', 1000, 2.4, 'Y'),
(948, 'Pentium 4', 512, 1.5, 'Y'),
(949, 'AMD Quad Core', 1000, 3.1, 'N'),
(950, 'Pentium 4', 1000, 2.4, 'Y'),
(951, 'Intel Core I-5', 120, 3.0, 'N'),
(952, 'Intel Core I-5', 1000, 2.0, 'N'),
(953, 'Intel Core I-5', 360, 3.0, 'N'),
(954, 'Pentium 3', 1000, 1.7, 'N'),
(955, 'AMD Quad Core', 360, 2.0, 'N'),
(956, 'Pentium 3', 360, 2.6, 'N'),
(957, 'Pentium 3', 60, 1.5, 'N'),
(958, 'AMD Hexacore', 1000, 1.8, 'N'),
(959, 'Pentium 4', 1000, 3.1, 'N'),
(960, 'AMD Hexacore', 60, 2.5, 'N'),
(961, 'Pentium 3', 512, 2.7, 'Y'),
(962, 'AMD Dual Core', 60, 1.5, 'N'),
(963, 'AMD Quad Core', 60, 3.1, 'N'),
(964, 'Intel Core I-5', 1000, 3.1, 'Y'),
(965, 'Pentium 3', 120, 1.8, 'Y'),
(966, 'AMD Hexacore', 512, 2.1, 'N'),
(967, 'Pentium 4', 120, 2.0, 'N'),
(968, 'Pentium 4', 120, 2.1, 'N'),
(969, 'Intel Core I-7', 60, 2.7, 'N'),
(970, 'Pentium 4', 512, 1.7, 'Y'),
(971, 'Intel Core I-5', 60, 2.2, 'Y'),
(972, 'Intel Core I-7', 60, 2.6, 'N'),
(973, 'Pentium 4', 512, 2.7, 'Y'),
(974, 'AMD Dual Core', 1000, 2.7, 'N'),
(975, 'Intel Core I-5', 120, 3.4, 'N'),
(976, 'Pentium 4', 60, 3.1, 'Y'),
(977, 'AMD Hexacore', 512, 3.1, 'Y'),
(978, 'Pentium 3', 120, 3.0, 'Y'),
(979, 'Intel Core I-5', 360, 2.8, 'Y'),
(980, 'Intel Core I-5', 120, 3.2, 'N'),
(981, 'AMD Quad Core', 120, 3.2, 'N'),
(982, 'Pentium 3', 512, 3.0, 'N'),
(983, 'Pentium 3', 1000, 2.4, 'Y'),
(984, 'Intel Core I-5', 360, 2.0, 'Y'),
(985, 'AMD Dual Core', 120, 2.3, 'N'),
(986, 'Pentium 3', 512, 2.4, 'Y'),
(987, 'Intel Core I-5', 120, 2.2, 'N'),
(988, 'Pentium 4', 60, 2.9, 'Y'),
(989, 'Pentium 3', 512, 2.2, 'Y'),
(990, 'AMD Dual Core', 1000, 3.2, 'N'),
(991, 'AMD Quad Core', 1000, 2.8, 'N'),
(992, 'Pentium 4', 360, 1.6, 'Y'),
(993, 'Intel Core I-7', 120, 2.7, 'N'),
(994, 'AMD Dual Core', 60, 2.4, 'Y'),
(995, 'Pentium 3', 1000, 1.8, 'N'),
(996, 'Intel Core I-5', 512, 2.2, 'N'),
(997, 'Pentium 4', 60, 2.7, 'Y'),
(998, 'Intel Core I-5', 1000, 2.9, 'N'),
(999, 'AMD Hexacore', 360, 1.5, 'N'),
(1000, 'AMD Quad Core', 1000, 1.8, 'Y');

INSERT INTO computerinventory (ComputerInventoryID, LabID, ComputerID, InstallDate) VALUES
(1, 727, 727, '1989-05-22 17:54:21'),
(2, 818, 818, '1996-03-27 12:17:32'),
(3, 768, 768, '1978-02-20 21:02:11'),
(4, 557, 557, '1990-06-29 21:45:40'),
(5, 206, 206, '1957-01-10 07:29:18'),
(6, 559, 559, '2003-08-21 22:55:41'),
(7, 907, 907, '1965-10-11 12:29:31'),
(8, 441, 441, '1987-02-06 14:02:51'),
(9, 978, 978, '1968-07-19 07:55:35'),
(10, 273, 273, '1997-10-19 10:34:22'),
(11, 291, 291, '1953-02-01 02:50:22'),
(12, 467, 467, '1974-02-03 17:59:44'),
(13, 633, 633, '2000-02-22 20:34:36'),
(14, 469, 469, '1993-05-19 01:37:43'),
(15, 983, 983, '1991-04-05 20:27:52'),
(16, 30, 30, '1997-06-01 07:19:40'),
(17, 862, 862, '1955-07-17 01:12:57'),
(18, 996, 996, '2001-01-10 13:03:34'),
(19, 675, 675, '2002-01-12 12:58:10'),
(20, 313, 313, '1985-01-11 16:11:47'),
(21, 815, 815, '1967-05-09 13:12:04'),
(22, 847, 847, '1953-09-20 08:05:45'),
(23, 992, 992, '1981-03-25 17:42:10'),
(24, 33, 33, '2003-09-13 08:47:55'),
(25, 697, 697, '2006-04-27 10:49:32'),
(26, 523, 523, '1989-11-23 12:44:26'),
(27, 932, 932, '1999-10-31 10:17:38'),
(28, 684, 684, '1972-12-08 07:18:11'),
(29, 542, 542, '1987-05-28 17:26:49'),
(30, 81, 81, '1994-08-09 15:36:44'),
(31, 185, 185, '1955-03-05 11:36:55'),
(32, 449, 449, '1962-02-15 09:36:42'),
(33, 295, 295, '1976-06-10 23:27:29'),
(34, 987, 987, '1956-01-23 15:35:14'),
(35, 639, 639, '1953-12-24 06:34:33'),
(36, 760, 760, '2007-02-13 03:27:49'),
(37, 31, 31, '1973-09-08 22:55:22'),
(38, 377, 377, '1969-12-17 05:54:18'),
(39, 341, 341, '1995-06-07 07:42:02'),
(40, 955, 955, '1974-02-15 19:02:55'),
(41, 501, 501, '1975-02-19 07:59:32'),
(42, 713, 713, '1994-01-19 22:15:09'),
(43, 118, 118, '2002-05-20 07:18:43'),
(44, 269, 269, '1960-09-04 22:32:05'),
(45, 904, 904, '1987-09-04 17:08:59'),
(46, 792, 792, '2001-07-03 07:41:42'),
(47, 334, 334, '1962-10-07 07:00:56'),
(48, 453, 453, '1986-10-11 19:46:08'),
(49, 145, 145, '1978-02-24 12:41:15'),
(50, 219, 219, '1981-01-17 14:16:14'),
(51, 407, 407, '1982-12-31 09:08:44'),
(52, 717, 717, '1962-06-16 09:58:26'),
(53, 616, 616, '1989-12-25 23:15:29'),
(54, 486, 486, '1993-12-11 16:23:03'),
(55, 192, 192, '1991-07-19 22:19:01'),
(56, 876, 876, '1988-09-02 09:48:36'),
(57, 824, 824, '1968-01-03 18:35:21'),
(58, 733, 733, '1982-06-09 12:14:15'),
(59, 856, 856, '1992-03-03 10:56:07'),
(60, 673, 673, '1975-02-16 18:44:51'),
(61, 619, 619, '1956-10-22 12:38:02'),
(62, 215, 215, '2000-11-02 05:11:19'),
(63, 893, 893, '2007-09-10 20:36:02'),
(64, 894, 894, '1981-12-09 16:18:51'),
(65, 86, 86, '1995-08-17 22:57:26'),
(66, 835, 835, '1998-12-16 17:13:40'),
(67, 166, 166, '2005-08-24 18:32:14'),
(68, 637, 637, '1997-01-31 04:59:22'),
(69, 822, 822, '1992-05-26 19:03:10'),
(70, 217, 217, '1992-02-20 17:00:03'),
(71, 1000, 1000, '1976-09-23 08:24:17'),
(72, 476, 476, '1993-07-29 19:18:39'),
(73, 646, 646, '1958-08-07 05:21:31'),
(74, 714, 714, '1980-11-27 17:55:14'),
(75, 803, 803, '1962-11-24 08:12:14'),
(76, 99, 99, '1981-04-18 14:56:55'),
(77, 723, 723, '1959-05-03 00:47:01'),
(78, 710, 710, '1973-07-21 19:10:05'),
(79, 123, 123, '1969-01-09 15:38:56'),
(80, 903, 903, '1957-10-26 03:07:49'),
(81, 184, 184, '1980-02-18 05:43:29'),
(82, 470, 470, '1966-01-20 14:31:30'),
(83, 533, 533, '2002-10-13 18:36:56'),
(84, 321, 321, '1959-05-12 03:10:35'),
(85, 662, 662, '1964-08-10 06:27:59'),
(86, 459, 459, '2000-09-18 01:38:28'),
(87, 830, 830, '1980-02-20 10:21:12'),
(88, 802, 802, '1990-06-30 07:04:26'),
(89, 786, 786, '1972-07-05 17:16:13'),
(90, 757, 757, '1973-04-21 20:45:56'),
(91, 937, 937, '1992-02-11 08:52:27'),
(92, 288, 288, '1999-04-01 10:41:06'),
(93, 513, 513, '1985-10-14 18:58:10'),
(94, 652, 652, '1973-04-21 12:57:10'),
(95, 326, 326, '1970-04-27 06:24:52'),
(96, 279, 279, '1982-04-18 02:48:12'),
(97, 814, 814, '1994-05-11 01:39:07'),
(98, 216, 216, '1973-06-11 14:59:51'),
(99, 179, 179, '1973-01-17 23:34:38'),
(100, 65, 65, '1996-09-17 23:55:18'),
(101, 612, 612, '2003-11-08 13:09:28'),
(102, 685, 685, '1973-09-05 02:01:34'),
(103, 618, 618, '2002-05-17 00:42:58'),
(104, 927, 927, '1994-01-03 19:41:12'),
(105, 218, 218, '1957-04-27 05:51:57'),
(106, 928, 928, '1997-06-02 13:50:05'),
(107, 63, 63, '1956-11-10 04:36:55'),
(108, 897, 897, '1962-01-29 05:20:14'),
(109, 667, 667, '1984-01-19 08:10:48'),
(110, 91, 91, '1963-04-03 07:22:05'),
(111, 144, 144, '1982-05-04 09:01:34'),
(112, 105, 105, '2002-06-13 23:25:16'),
(113, 596, 596, '1966-05-31 20:35:19'),
(114, 952, 952, '1987-05-10 07:48:18'),
(115, 481, 481, '2002-12-29 13:01:21'),
(116, 146, 146, '1998-10-01 22:06:32'),
(117, 668, 668, '2006-01-19 10:34:23'),
(118, 560, 560, '2001-05-02 17:25:26'),
(119, 225, 225, '1970-05-02 09:50:52'),
(120, 604, 604, '2002-11-28 21:18:57'),
(121, 5, 5, '1971-10-28 06:52:28'),
(122, 357, 357, '1968-02-26 11:27:47'),
(123, 848, 848, '1977-07-29 11:43:08'),
(124, 59, 59, '1972-02-05 22:17:14'),
(125, 278, 278, '1953-01-10 08:07:36'),
(126, 698, 698, '1985-06-23 21:43:10'),
(127, 958, 958, '1960-10-16 00:20:29'),
(128, 988, 988, '1993-04-16 16:24:21'),
(129, 381, 381, '1963-08-04 11:30:21'),
(130, 512, 512, '1988-08-07 05:24:02'),
(131, 275, 275, '1994-12-08 13:17:48'),
(132, 497, 497, '1993-11-20 09:47:10'),
(133, 522, 522, '1953-07-04 19:35:27'),
(134, 54, 54, '1980-04-22 15:43:37'),
(135, 276, 276, '1961-12-17 13:58:21'),
(136, 488, 488, '1959-06-16 03:41:55'),
(137, 843, 843, '1971-09-05 13:48:31'),
(138, 601, 601, '1961-10-10 22:55:44'),
(139, 102, 102, '1955-01-15 21:18:38'),
(140, 739, 739, '1975-03-09 16:37:53'),
(141, 394, 394, '1996-11-08 21:01:33'),
(142, 931, 931, '1971-01-23 05:00:57'),
(143, 129, 129, '1959-06-12 22:53:38'),
(144, 692, 692, '1962-04-05 09:54:07'),
(145, 602, 602, '1998-12-18 11:44:21'),
(146, 827, 827, '1997-08-29 09:27:10'),
(147, 677, 677, '1985-11-01 14:05:47'),
(148, 556, 556, '2006-06-06 11:09:51'),
(149, 169, 169, '1978-04-22 23:55:48'),
(150, 181, 181, '1979-07-26 08:18:20'),
(151, 594, 594, '1984-03-28 16:13:49'),
(152, 247, 247, '2001-01-07 08:13:40'),
(153, 997, 997, '1956-02-11 05:08:59'),
(154, 555, 555, '1978-02-19 02:15:40'),
(155, 60, 60, '1977-11-22 17:02:50'),
(156, 259, 259, '1988-09-13 01:41:40'),
(157, 840, 840, '2004-02-06 14:18:25'),
(158, 554, 554, '1983-04-12 02:25:43'),
(159, 635, 635, '1993-12-25 11:33:35'),
(160, 504, 504, '1979-11-03 08:08:46'),
(161, 967, 967, '1989-08-18 13:29:36'),
(162, 75, 75, '1971-07-26 12:12:34'),
(163, 499, 499, '2006-06-26 17:49:52'),
(164, 153, 153, '2003-06-13 02:46:45'),
(165, 807, 807, '1976-04-24 18:04:17'),
(166, 631, 631, '1996-06-12 23:14:24'),
(167, 565, 565, '2001-12-11 03:49:49'),
(168, 539, 539, '1994-02-07 04:51:42'),
(169, 664, 664, '1978-05-24 17:49:57'),
(170, 993, 993, '1996-07-16 09:19:26'),
(171, 299, 299, '1980-01-28 08:18:00'),
(172, 61, 61, '1997-04-11 11:38:39'),
(173, 447, 447, '1999-04-18 20:06:48'),
(174, 465, 465, '2003-02-22 17:12:59'),
(175, 211, 211, '1959-01-21 00:17:23'),
(176, 70, 70, '1953-10-06 01:51:30'),
(177, 230, 230, '1961-09-16 12:34:09'),
(178, 149, 149, '1968-04-26 01:49:01'),
(179, 432, 432, '1981-02-17 10:32:52'),
(180, 436, 436, '1963-05-13 22:40:25'),
(181, 18, 18, '2007-08-22 07:37:23'),
(182, 382, 382, '1962-05-11 13:10:37'),
(183, 811, 811, '1967-12-26 16:28:32'),
(184, 200, 200, '1992-01-09 03:12:01'),
(185, 912, 912, '1957-05-12 13:10:13'),
(186, 27, 27, '2001-11-30 05:04:08'),
(187, 500, 500, '1990-10-11 04:38:10'),
(188, 960, 960, '1983-05-15 17:19:46'),
(189, 990, 990, '1955-06-01 22:40:46'),
(190, 15, 15, '1981-04-04 12:16:40'),
(191, 648, 648, '1963-05-09 13:23:29'),
(192, 280, 280, '1996-05-25 11:22:48'),
(193, 963, 963, '1975-10-16 11:22:08'),
(194, 579, 579, '1983-03-14 13:09:51'),
(195, 767, 767, '1993-07-21 03:08:16'),
(196, 322, 322, '1978-04-17 08:48:59'),
(197, 410, 410, '1972-07-28 11:11:04'),
(198, 970, 970, '1963-12-30 20:06:52'),
(199, 880, 880, '1993-12-10 15:49:50'),
(200, 968, 968, '1955-07-08 12:29:56'),
(201, 252, 252, '2003-09-18 05:37:21'),
(202, 130, 130, '1999-09-24 09:14:04'),
(203, 889, 889, '1981-01-13 17:19:54'),
(204, 175, 175, '1989-10-06 14:36:22'),
(205, 874, 874, '2007-06-28 00:00:20'),
(206, 534, 534, '1994-12-17 04:35:09'),
(207, 776, 776, '1954-09-22 12:06:51'),
(208, 502, 502, '1960-12-18 11:56:00'),
(209, 348, 348, '1972-01-31 01:58:16'),
(210, 986, 986, '1977-02-17 15:11:20'),
(211, 34, 34, '1979-12-29 13:07:31'),
(212, 686, 686, '1988-10-13 12:29:24'),
(213, 119, 119, '1955-02-23 15:52:51'),
(214, 194, 194, '1983-08-15 12:53:10'),
(215, 483, 483, '1980-03-13 00:31:23'),
(216, 573, 573, '1980-04-10 00:18:59'),
(217, 260, 260, '1956-07-31 19:44:01'),
(218, 310, 310, '1967-06-19 14:37:51'),
(219, 241, 241, '1999-02-01 13:36:32'),
(220, 777, 777, '1982-05-25 13:00:09'),
(221, 131, 131, '1958-09-03 18:36:13'),
(222, 605, 605, '1971-07-30 10:30:02'),
(223, 549, 549, '1991-09-09 06:10:55'),
(224, 650, 650, '2005-02-18 05:33:16'),
(225, 339, 339, '1986-03-10 19:55:56'),
(226, 22, 22, '1991-09-03 20:55:12'),
(227, 96, 96, '1974-06-28 00:16:31'),
(228, 871, 871, '1969-02-05 06:56:57'),
(229, 707, 707, '1962-08-05 14:04:42'),
(230, 885, 885, '1988-10-04 15:28:24'),
(231, 643, 643, '1989-03-09 14:40:25'),
(232, 254, 254, '2005-09-16 16:27:16'),
(233, 264, 264, '1982-05-16 09:59:10'),
(234, 458, 458, '1978-08-13 22:02:56'),
(235, 195, 195, '1967-08-25 17:03:03'),
(236, 882, 882, '1960-11-28 22:23:18'),
(237, 478, 478, '1989-04-26 19:50:43'),
(238, 628, 628, '1986-03-21 01:52:09'),
(239, 319, 319, '1992-07-13 03:11:40'),
(240, 365, 365, '1970-05-26 08:35:03'),
(241, 242, 242, '2000-03-10 16:57:16'),
(242, 994, 994, '1982-10-24 16:42:10'),
(243, 599, 599, '1964-04-15 15:21:29'),
(244, 2, 2, '1986-04-13 07:29:26'),
(245, 976, 976, '1954-04-07 23:09:09'),
(246, 951, 951, '1982-07-26 00:54:05'),
(247, 155, 155, '1994-04-02 19:29:56'),
(248, 764, 764, '2000-03-01 22:28:57'),
(249, 89, 89, '1956-01-02 12:38:28'),
(250, 189, 189, '1966-04-13 02:49:17'),
(251, 58, 58, '1974-09-17 13:04:58'),
(252, 110, 110, '1958-02-09 20:33:12'),
(253, 731, 731, '1972-11-27 06:30:19'),
(254, 103, 103, '1964-07-19 02:49:41'),
(255, 833, 833, '2004-11-02 17:53:42'),
(256, 634, 634, '1985-02-19 19:07:19'),
(257, 566, 566, '1961-01-16 03:03:09'),
(258, 244, 244, '1983-11-25 11:46:37'),
(259, 831, 831, '1956-07-29 18:40:25'),
(260, 853, 853, '1968-10-25 03:05:08'),
(261, 433, 433, '1973-06-22 04:18:38'),
(262, 901, 901, '1993-08-16 05:09:54'),
(263, 791, 791, '2006-05-14 21:51:17'),
(264, 444, 444, '1991-04-27 10:29:52'),
(265, 342, 342, '1995-12-11 00:30:54'),
(266, 769, 769, '1982-04-12 20:40:14'),
(267, 415, 415, '1959-06-01 02:30:13'),
(268, 640, 640, '1984-07-11 17:49:55'),
(269, 999, 999, '1968-12-21 19:50:07'),
(270, 593, 593, '1972-04-15 02:08:04'),
(271, 87, 87, '1998-12-14 04:28:15'),
(272, 611, 611, '1978-05-12 17:51:51'),
(273, 982, 982, '1982-12-06 11:26:11'),
(274, 864, 864, '1981-09-09 05:01:29'),
(275, 525, 525, '1990-03-15 20:02:52'),
(276, 136, 136, '1983-11-10 01:54:03'),
(277, 3, 3, '1960-04-15 19:08:33'),
(278, 544, 544, '1958-05-29 22:41:29'),
(279, 666, 666, '2003-11-14 06:24:07'),
(280, 372, 372, '1956-08-16 19:01:51'),
(281, 858, 858, '2005-06-02 01:25:15'),
(282, 324, 324, '1982-04-27 01:47:33'),
(283, 775, 775, '1966-02-04 18:18:28'),
(284, 506, 506, '2004-04-23 11:15:24'),
(285, 819, 819, '1967-01-19 02:23:26'),
(286, 526, 526, '1984-01-29 18:07:12'),
(287, 508, 508, '1985-10-21 09:56:56'),
(288, 161, 161, '1970-10-29 07:09:29'),
(289, 623, 623, '1981-10-10 04:09:13'),
(290, 538, 538, '1990-07-04 21:55:44'),
(291, 311, 311, '2007-11-12 19:20:08'),
(292, 248, 248, '1958-06-03 08:04:05'),
(293, 789, 789, '1982-08-23 07:11:44'),
(294, 439, 439, '1976-09-19 00:06:31'),
(295, 916, 916, '2004-12-03 04:16:24'),
(296, 333, 333, '1959-07-27 11:47:22'),
(297, 188, 188, '1984-06-10 18:50:52'),
(298, 147, 147, '1980-12-19 04:51:36'),
(299, 657, 657, '1998-05-03 06:58:31'),
(300, 203, 203, '1979-12-26 02:28:54'),
(301, 520, 520, '1976-02-25 22:23:51'),
(302, 492, 492, '1962-09-23 01:40:01'),
(303, 762, 762, '1984-03-12 02:38:50'),
(304, 462, 462, '1991-09-18 10:30:23'),
(305, 97, 97, '1975-04-29 22:21:01'),
(306, 420, 420, '2004-05-06 19:13:06'),
(307, 115, 115, '1983-03-06 09:07:01'),
(308, 854, 854, '1999-03-20 01:28:50'),
(309, 552, 552, '1982-05-05 06:46:48'),
(310, 701, 701, '1973-12-25 15:59:39'),
(311, 632, 632, '1977-11-06 23:58:46'),
(312, 14, 14, '1955-08-21 04:21:40'),
(313, 562, 562, '1988-01-11 05:22:29'),
(314, 435, 435, '2007-12-12 23:38:34'),
(315, 985, 985, '1971-05-25 01:39:53'),
(316, 120, 120, '1999-02-25 02:31:05'),
(317, 117, 117, '1980-07-12 10:51:25'),
(318, 285, 285, '1955-01-22 10:35:53'),
(319, 624, 624, '1977-04-09 08:06:26'),
(320, 793, 793, '1964-11-12 06:23:42'),
(321, 255, 255, '2004-06-21 10:43:18'),
(322, 265, 265, '1996-08-01 19:20:43'),
(323, 12, 12, '1955-10-03 13:40:41'),
(324, 426, 426, '1986-06-18 21:54:23'),
(325, 297, 297, '1972-06-02 06:47:55'),
(326, 836, 836, '1993-07-13 20:24:10'),
(327, 813, 813, '2003-09-19 10:40:07'),
(328, 518, 518, '1959-03-20 11:19:40'),
(329, 943, 943, '1984-10-06 00:45:05'),
(330, 201, 201, '1983-08-21 08:15:30'),
(331, 938, 938, '2007-05-31 07:03:10'),
(332, 845, 845, '1987-04-27 14:16:56'),
(333, 890, 890, '1968-01-26 15:42:57'),
(334, 446, 446, '1976-11-20 03:55:13'),
(335, 837, 837, '1988-06-20 20:37:59'),
(336, 352, 352, '1995-09-10 23:45:13'),
(337, 540, 540, '2006-02-13 23:08:42'),
(338, 303, 303, '1982-05-19 07:48:04'),
(339, 402, 402, '1981-12-26 12:54:22'),
(340, 380, 380, '1970-09-13 07:10:19'),
(341, 405, 405, '1953-11-26 09:00:11'),
(342, 660, 660, '1994-08-03 08:28:06'),
(343, 589, 589, '1996-06-25 00:22:41'),
(344, 924, 924, '1960-10-16 12:09:33'),
(345, 908, 908, '1965-08-28 21:56:58'),
(346, 294, 294, '2005-03-25 14:58:28'),
(347, 680, 680, '1978-05-23 02:41:35'),
(348, 337, 337, '1982-09-10 07:33:09'),
(349, 448, 448, '1958-04-28 22:26:37'),
(350, 785, 785, '1958-10-10 01:45:18'),
(351, 209, 209, '1987-01-14 00:55:56'),
(352, 902, 902, '1982-05-21 08:14:59'),
(353, 503, 503, '1956-09-11 20:45:10'),
(354, 855, 855, '1986-06-22 00:34:49'),
(355, 942, 942, '1983-07-05 15:45:36'),
(356, 262, 262, '1987-07-26 03:03:08'),
(357, 477, 477, '1959-12-22 11:59:19'),
(358, 320, 320, '2005-09-23 04:44:27'),
(359, 176, 176, '1972-04-18 03:42:28'),
(360, 251, 251, '1989-10-16 01:56:51'),
(361, 606, 606, '1953-08-19 08:32:58'),
(362, 580, 580, '1976-12-17 21:47:21'),
(363, 900, 900, '1967-06-15 00:43:45'),
(364, 354, 354, '2006-09-13 22:31:17'),
(365, 746, 746, '1974-07-27 08:56:29'),
(366, 773, 773, '1998-07-12 09:41:49'),
(367, 109, 109, '1995-07-25 12:38:42'),
(368, 92, 92, '1964-02-22 01:27:16'),
(369, 600, 600, '1972-06-24 03:00:34'),
(370, 629, 629, '1983-09-13 01:54:40'),
(371, 561, 561, '2001-01-10 03:22:22'),
(372, 801, 801, '2006-02-23 03:03:20'),
(373, 859, 859, '1981-01-25 21:41:30'),
(374, 231, 231, '1959-07-29 00:56:06'),
(375, 367, 367, '1963-12-18 21:23:30'),
(376, 581, 581, '1962-11-20 02:15:11'),
(377, 659, 659, '1953-02-07 18:58:01'),
(378, 72, 72, '2002-12-17 01:31:08'),
(379, 515, 515, '1973-10-21 23:57:24'),
(380, 991, 991, '1975-03-09 15:49:27'),
(381, 151, 151, '1968-02-22 17:42:34'),
(382, 456, 456, '1974-01-10 03:06:57'),
(383, 53, 53, '1953-11-22 12:53:02'),
(384, 142, 142, '1978-12-28 22:59:46'),
(385, 974, 974, '2004-08-06 07:19:34'),
(386, 36, 36, '1978-01-10 22:48:11'),
(387, 328, 328, '1983-08-16 17:31:45'),
(388, 32, 32, '1989-08-05 15:08:07'),
(389, 496, 496, '2001-05-17 12:09:37'),
(390, 568, 568, '1953-11-27 17:34:51'),
(391, 851, 851, '1988-09-20 11:45:53'),
(392, 221, 221, '1953-05-24 18:24:15'),
(393, 111, 111, '1963-02-01 04:05:36'),
(394, 156, 156, '2000-03-11 10:57:31'),
(395, 759, 759, '1970-01-25 22:37:21'),
(396, 820, 820, '1984-12-08 11:12:50'),
(397, 743, 743, '1980-02-20 07:44:21'),
(398, 235, 235, '1997-10-11 01:51:23'),
(399, 170, 170, '1994-03-22 03:13:03'),
(400, 121, 121, '1975-02-16 12:15:08'),
(401, 174, 174, '1962-09-02 02:19:45'),
(402, 572, 572, '1967-04-02 01:14:19'),
(403, 724, 724, '1963-03-20 04:32:34'),
(404, 817, 817, '1982-08-15 20:31:57'),
(405, 228, 228, '1965-09-28 22:22:56'),
(406, 390, 390, '1988-11-19 21:52:35'),
(407, 42, 42, '1954-04-26 10:33:28'),
(408, 284, 284, '2005-02-13 19:49:03'),
(409, 466, 466, '1975-07-06 03:11:18'),
(410, 356, 356, '1973-08-16 13:30:24'),
(411, 603, 603, '1987-06-18 08:05:06'),
(412, 403, 403, '1965-01-04 10:28:11'),
(413, 783, 783, '1984-12-03 04:47:02'),
(414, 190, 190, '2005-02-08 11:53:00'),
(415, 93, 93, '1974-08-25 08:14:17'),
(416, 132, 132, '1987-08-09 05:26:00'),
(417, 516, 516, '1976-01-27 08:54:18'),
(418, 748, 748, '1996-06-16 01:43:59'),
(419, 371, 371, '1955-02-08 15:11:43'),
(420, 719, 719, '2004-07-15 10:08:18'),
(421, 437, 437, '1967-11-27 16:10:04'),
(422, 77, 77, '1958-12-20 21:30:34'),
(423, 583, 583, '1970-10-06 13:17:39'),
(424, 39, 39, '1971-07-29 09:25:43'),
(425, 771, 771, '2002-12-22 14:08:47'),
(426, 347, 347, '2000-08-19 08:58:07'),
(427, 702, 702, '1996-01-23 22:57:44'),
(428, 708, 708, '1988-11-15 10:43:59'),
(429, 445, 445, '1997-07-02 02:18:45'),
(430, 535, 535, '1987-01-09 10:10:40'),
(431, 838, 838, '1990-09-29 18:30:50'),
(432, 408, 408, '1963-04-29 17:06:38'),
(433, 909, 909, '1961-09-27 22:18:05'),
(434, 396, 396, '2006-09-04 11:42:16'),
(435, 806, 806, '1965-07-08 13:29:41'),
(436, 576, 576, '1953-11-23 16:28:15'),
(437, 744, 744, '1963-10-24 22:34:23'),
(438, 232, 232, '1979-04-08 16:21:05'),
(439, 922, 922, '1966-04-02 00:36:49'),
(440, 577, 577, '1968-09-17 09:26:58'),
(441, 981, 981, '1976-09-17 12:14:42'),
(442, 47, 47, '1986-07-01 21:42:41'),
(443, 536, 536, '1967-02-01 11:56:49'),
(444, 158, 158, '1980-10-01 22:39:12'),
(445, 957, 957, '1974-06-11 09:29:44'),
(446, 421, 421, '1976-09-17 01:17:41'),
(447, 412, 412, '1976-06-20 13:37:12'),
(448, 919, 919, '1965-12-22 16:12:36'),
(449, 49, 49, '1978-07-19 02:43:14'),
(450, 642, 642, '1990-06-18 17:11:20'),
(451, 305, 305, '1961-11-13 02:18:31'),
(452, 998, 998, '1991-09-05 06:00:22'),
(453, 865, 865, '1995-09-03 10:39:40'),
(454, 429, 429, '1997-09-05 17:04:45'),
(455, 670, 670, '1960-03-22 20:05:04'),
(456, 84, 84, '1956-09-13 04:49:10'),
(457, 980, 980, '2004-06-25 11:56:39'),
(458, 689, 689, '1999-08-21 19:06:50'),
(459, 45, 45, '1987-08-24 06:23:09'),
(460, 877, 877, '1973-02-08 13:24:49'),
(461, 696, 696, '2000-10-26 22:54:51'),
(462, 330, 330, '1973-06-09 23:49:28'),
(463, 799, 799, '1960-08-15 17:30:18'),
(464, 933, 933, '1996-06-25 17:00:38'),
(465, 494, 494, '1990-11-16 18:59:34'),
(466, 178, 178, '1977-02-19 14:58:28'),
(467, 487, 487, '1956-04-09 12:10:06'),
(468, 370, 370, '1986-03-30 17:04:46'),
(469, 363, 363, '1992-08-03 22:23:19'),
(470, 505, 505, '1973-10-02 15:46:01'),
(471, 369, 369, '1976-10-16 06:51:37'),
(472, 283, 283, '2004-10-19 16:33:13'),
(473, 823, 823, '1983-03-18 01:07:09'),
(474, 778, 778, '1994-05-23 05:44:45'),
(475, 722, 722, '1980-10-28 21:53:35'),
(476, 387, 387, '1989-05-27 18:27:22'),
(477, 521, 521, '1999-11-18 09:33:45'),
(478, 401, 401, '1998-01-03 14:38:26'),
(479, 67, 67, '2005-02-15 23:55:58'),
(480, 323, 323, '1979-04-07 12:51:05'),
(481, 913, 913, '1977-03-01 19:20:54'),
(482, 758, 758, '1983-02-02 06:45:08'),
(483, 649, 649, '1963-05-01 08:00:45'),
(484, 809, 809, '1960-01-15 09:07:24'),
(485, 227, 227, '1978-02-27 07:52:08'),
(486, 832, 832, '2007-01-24 12:30:28'),
(487, 545, 545, '1975-08-26 06:26:57'),
(488, 424, 424, '1972-01-22 05:13:19'),
(489, 734, 734, '1999-06-15 15:37:12'),
(490, 712, 712, '1961-10-26 08:40:30'),
(491, 578, 578, '1957-05-30 04:31:35'),
(492, 52, 52, '1972-03-04 03:27:32'),
(493, 171, 171, '1999-08-15 09:57:55'),
(494, 35, 35, '2001-02-20 11:12:00'),
(495, 881, 881, '1975-11-21 10:32:07'),
(496, 651, 651, '1956-04-10 12:25:13'),
(497, 229, 229, '1978-11-17 04:12:23'),
(498, 597, 597, '1978-08-07 18:56:10'),
(499, 630, 630, '1997-11-15 03:39:38'),
(500, 766, 766, '2005-04-20 18:31:16'),
(501, 929, 929, '1973-06-10 13:07:35'),
(502, 40, 40, '1998-03-22 20:32:26'),
(503, 527, 527, '1981-05-19 17:49:16'),
(504, 510, 510, '1957-10-17 10:57:12'),
(505, 246, 246, '1966-09-03 10:19:43'),
(506, 13, 13, '1965-01-23 09:45:18'),
(507, 160, 160, '1961-06-21 04:53:13'),
(508, 71, 71, '1954-04-14 04:54:54'),
(509, 721, 721, '1969-11-08 19:11:09'),
(510, 257, 257, '1978-10-26 01:37:41'),
(511, 546, 546, '1964-10-25 19:15:25'),
(512, 553, 553, '1959-06-23 21:18:13'),
(513, 609, 609, '2002-07-04 19:10:51'),
(514, 715, 715, '1961-05-19 17:32:04'),
(515, 956, 956, '2003-12-09 18:03:54'),
(516, 920, 920, '1970-09-25 16:09:43'),
(517, 681, 681, '1963-02-10 15:48:43'),
(518, 979, 979, '1953-08-02 08:22:54'),
(519, 694, 694, '1971-04-30 09:08:29'),
(520, 674, 674, '1991-10-23 06:29:06'),
(521, 613, 613, '1954-06-28 08:31:30'),
(522, 55, 55, '1992-03-18 06:56:46'),
(523, 626, 626, '1994-10-15 01:27:33'),
(524, 647, 647, '1983-10-10 13:42:48'),
(525, 925, 925, '1969-05-06 11:14:26'),
(526, 306, 306, '1957-08-15 03:24:05'),
(527, 104, 104, '1958-03-08 06:35:17'),
(528, 781, 781, '1990-01-24 13:55:08'),
(529, 896, 896, '1971-07-03 19:12:38'),
(530, 73, 73, '1977-07-21 09:28:22'),
(531, 163, 163, '1963-07-12 14:14:59'),
(532, 918, 918, '1974-04-13 14:37:35'),
(533, 765, 765, '1953-02-19 10:58:47'),
(534, 282, 282, '2007-10-28 05:24:42'),
(535, 378, 378, '1958-10-28 23:43:29'),
(536, 866, 866, '1986-12-09 22:48:27'),
(537, 220, 220, '1954-09-16 12:55:51'),
(538, 113, 113, '1958-07-15 21:03:32'),
(539, 537, 537, '2001-05-12 22:47:41'),
(540, 210, 210, '1966-02-04 22:06:50'),
(541, 665, 665, '1998-08-06 07:37:14'),
(542, 450, 450, '1974-05-15 01:32:02'),
(543, 720, 720, '1955-03-16 10:02:10'),
(544, 442, 442, '1973-08-21 13:59:30'),
(545, 154, 154, '2004-12-30 13:25:05'),
(546, 17, 17, '2005-12-06 07:13:22'),
(547, 416, 416, '1977-08-30 08:16:40'),
(548, 430, 430, '1991-03-29 16:25:51'),
(549, 69, 69, '2005-03-13 17:08:05'),
(550, 949, 949, '1958-02-26 18:22:23'),
(551, 961, 961, '2001-02-27 20:36:30'),
(552, 238, 238, '1978-04-17 19:49:28'),
(553, 895, 895, '1960-04-10 09:47:40'),
(554, 948, 948, '1959-01-24 21:10:32'),
(555, 148, 148, '2003-10-25 09:59:45'),
(556, 863, 863, '1989-03-24 06:10:49'),
(557, 379, 379, '1956-06-08 19:04:52'),
(558, 878, 878, '2005-08-09 04:06:28'),
(559, 584, 584, '1996-06-11 23:42:45'),
(560, 926, 926, '1962-01-20 06:55:38'),
(561, 891, 891, '1959-11-19 03:10:00'),
(562, 353, 353, '1979-05-27 14:58:04'),
(563, 162, 162, '1990-10-11 09:42:16'),
(564, 636, 636, '2000-04-19 09:42:46'),
(565, 85, 85, '1968-04-16 11:22:42'),
(566, 614, 614, '1998-07-14 04:37:50'),
(567, 761, 761, '1959-05-05 10:19:25'),
(568, 308, 308, '2002-09-06 13:46:09'),
(569, 302, 302, '1955-07-23 17:48:34'),
(570, 90, 90, '1969-12-31 19:15:27'),
(571, 687, 687, '1969-01-10 03:13:51'),
(572, 532, 532, '1957-07-29 18:45:10'),
(573, 395, 395, '1960-03-21 09:35:13'),
(574, 452, 452, '1958-03-26 11:01:39'),
(575, 7, 7, '2001-03-17 22:51:51'),
(576, 137, 137, '1988-02-13 06:59:27'),
(577, 318, 318, '1990-01-03 20:54:35'),
(578, 159, 159, '1974-02-24 11:28:03'),
(579, 464, 464, '1986-10-10 00:17:43'),
(580, 899, 899, '1971-05-31 04:01:04'),
(581, 860, 860, '1987-12-15 19:07:24'),
(582, 622, 622, '1974-12-09 14:09:26'),
(583, 706, 706, '1992-11-11 20:47:02'),
(584, 940, 940, '1966-05-08 00:50:14'),
(585, 100, 100, '1984-05-22 12:51:52'),
(586, 914, 914, '1993-03-25 18:25:30'),
(587, 19, 19, '1967-01-04 04:49:54'),
(588, 798, 798, '2002-01-25 13:48:15'),
(589, 134, 134, '1957-01-03 19:24:56'),
(590, 489, 489, '1977-08-05 17:32:39'),
(591, 427, 427, '1983-07-04 03:43:34'),
(592, 329, 329, '1957-02-06 08:49:23'),
(593, 480, 480, '1970-02-01 21:20:47'),
(594, 610, 610, '1992-04-23 15:52:02'),
(595, 298, 298, '1959-03-20 18:56:49'),
(596, 286, 286, '1972-03-12 16:39:10'),
(597, 304, 304, '1991-08-03 15:49:46'),
(598, 66, 66, '1962-11-26 00:19:24'),
(599, 366, 366, '1958-05-08 02:36:47'),
(600, 498, 498, '1959-06-20 08:47:15'),
(601, 233, 233, '1999-08-04 20:53:56'),
(602, 125, 125, '1982-12-23 18:30:31'),
(603, 150, 150, '1988-09-06 22:37:16'),
(604, 969, 969, '1988-03-13 21:52:38'),
(605, 263, 263, '1997-02-15 15:08:32'),
(606, 385, 385, '1996-08-02 01:51:19'),
(607, 800, 800, '1971-01-28 10:14:15'),
(608, 399, 399, '1955-01-16 22:46:01'),
(609, 945, 945, '1965-11-07 22:18:41'),
(610, 9, 9, '1968-09-12 03:00:18'),
(611, 519, 519, '2007-03-20 09:16:14'),
(612, 239, 239, '1990-04-14 07:36:49'),
(613, 376, 376, '1971-11-01 03:48:45'),
(614, 691, 691, '1978-01-13 19:41:41'),
(615, 56, 56, '1982-02-04 11:48:13'),
(616, 266, 266, '1992-12-09 13:00:34'),
(617, 661, 661, '1994-07-14 18:11:01'),
(618, 213, 213, '1977-06-06 08:52:02'),
(619, 530, 530, '1968-11-28 20:50:54'),
(620, 172, 172, '1983-01-21 16:57:12'),
(621, 598, 598, '1984-07-10 23:47:56'),
(622, 953, 953, '1965-04-08 20:31:10'),
(623, 186, 186, '1998-09-03 18:21:12'),
(624, 774, 774, '1985-12-17 00:15:54'),
(625, 621, 621, '1994-06-29 15:31:52'),
(626, 345, 345, '1964-12-04 18:24:28'),
(627, 44, 44, '1995-06-26 21:24:23'),
(628, 784, 784, '1975-11-27 17:43:10'),
(629, 177, 177, '2007-01-05 16:04:50'),
(630, 716, 716, '1982-01-06 06:12:40'),
(631, 816, 816, '2004-07-11 15:09:41'),
(632, 261, 261, '1980-02-09 20:35:11'),
(633, 754, 754, '1968-10-20 08:51:15'),
(634, 954, 954, '1980-04-22 15:30:27'),
(635, 672, 672, '1979-10-26 07:07:07'),
(636, 738, 738, '1957-12-24 00:36:53'),
(637, 461, 461, '1994-04-02 15:32:09'),
(638, 732, 732, '1957-08-31 22:54:23'),
(639, 678, 678, '1977-03-21 09:41:42'),
(640, 700, 700, '1995-10-20 11:00:32'),
(641, 101, 101, '1975-02-27 08:11:14'),
(642, 574, 574, '1964-12-19 06:03:52'),
(643, 861, 861, '1989-03-20 15:29:33'),
(644, 122, 122, '1996-04-22 16:24:38'),
(645, 975, 975, '1978-05-18 08:16:25'),
(646, 222, 222, '2001-03-20 20:06:45'),
(647, 935, 935, '1993-04-07 05:00:38'),
(648, 808, 808, '2000-01-19 01:39:05'),
(649, 541, 541, '1963-03-21 04:03:49'),
(650, 37, 37, '1974-04-10 05:56:14'),
(651, 615, 615, '1985-08-28 22:28:08'),
(652, 83, 83, '1967-02-28 06:57:43'),
(653, 485, 485, '2001-12-27 03:28:29'),
(654, 214, 214, '1983-04-16 09:39:35'),
(655, 905, 905, '1982-12-09 08:59:19'),
(656, 272, 272, '1987-04-29 00:22:46'),
(657, 930, 930, '1992-04-20 00:09:18'),
(658, 350, 350, '1955-09-22 22:21:21'),
(659, 343, 343, '2001-09-14 06:20:46'),
(660, 887, 887, '1985-03-14 20:44:03'),
(661, 340, 340, '1954-02-07 04:26:55'),
(662, 20, 20, '2003-03-02 16:31:05'),
(663, 249, 249, '1956-01-11 06:41:11'),
(664, 240, 240, '1991-11-01 16:06:01'),
(665, 183, 183, '1972-03-02 11:50:36'),
(666, 287, 287, '1980-02-09 12:41:03'),
(667, 440, 440, '1974-06-25 22:45:33'),
(668, 413, 413, '1999-07-10 12:18:17'),
(669, 11, 11, '2006-03-20 12:34:34'),
(670, 316, 316, '1977-02-12 11:11:20'),
(671, 756, 756, '2006-09-07 21:28:25'),
(672, 910, 910, '1989-11-13 19:16:37'),
(673, 517, 517, '1953-03-18 23:10:20'),
(674, 828, 828, '1981-02-08 09:50:21'),
(675, 51, 51, '1960-11-25 08:45:57'),
(676, 10, 10, '1972-07-23 17:44:03'),
(677, 94, 94, '1984-01-19 05:01:36'),
(678, 62, 62, '1955-05-15 01:56:34'),
(679, 787, 787, '1960-08-01 15:59:29'),
(680, 392, 392, '2001-04-09 19:25:07'),
(681, 398, 398, '1979-08-29 13:23:50'),
(682, 234, 234, '2003-06-07 19:45:18'),
(683, 237, 237, '1965-09-09 13:39:20'),
(684, 133, 133, '1985-09-28 10:08:35'),
(685, 78, 78, '2004-05-09 07:44:31'),
(686, 735, 735, '1990-05-15 08:11:58'),
(687, 730, 730, '1986-02-12 17:06:41'),
(688, 548, 548, '1993-07-05 23:11:40'),
(689, 43, 43, '2005-05-14 06:31:08'),
(690, 393, 393, '2000-06-28 06:44:21'),
(691, 795, 795, '1973-09-04 00:27:35'),
(692, 138, 138, '1991-07-12 17:10:47'),
(693, 384, 384, '1963-12-17 16:33:37'),
(694, 753, 753, '2000-01-06 12:57:38'),
(695, 359, 359, '1994-09-13 06:33:36'),
(696, 95, 95, '1979-12-27 15:40:08'),
(697, 355, 355, '1961-12-09 23:22:41'),
(698, 627, 627, '2005-05-18 23:23:32'),
(699, 939, 939, '1977-02-21 04:34:01'),
(700, 705, 705, '2006-04-07 19:35:22'),
(701, 747, 747, '1979-09-26 21:21:11'),
(702, 490, 490, '2001-09-27 16:42:20'),
(703, 804, 804, '2001-10-30 13:04:31'),
(704, 267, 267, '1994-02-04 16:52:28'),
(705, 281, 281, '1975-08-02 08:27:49'),
(706, 709, 709, '2003-10-15 03:11:30'),
(707, 547, 547, '1966-12-13 07:47:23'),
(708, 682, 682, '1973-11-18 17:38:08'),
(709, 167, 167, '1975-05-23 00:53:37'),
(710, 886, 886, '1963-05-19 15:15:15'),
(711, 196, 196, '1956-04-10 19:21:09'),
(712, 870, 870, '1989-12-07 22:12:43'),
(713, 558, 558, '2003-02-20 06:21:52'),
(714, 946, 946, '1953-06-07 10:55:38'),
(715, 474, 474, '1958-07-18 07:20:12'),
(716, 127, 127, '1958-09-01 08:41:37'),
(717, 780, 780, '1990-06-24 02:51:44'),
(718, 126, 126, '1978-04-13 20:32:35'),
(719, 180, 180, '1995-06-24 08:21:29'),
(720, 428, 428, '1989-10-18 03:38:38'),
(721, 529, 529, '2001-12-26 19:34:21'),
(722, 906, 906, '1988-12-19 23:33:53'),
(723, 383, 383, '2002-02-25 05:47:08'),
(724, 595, 595, '1958-09-23 05:50:13'),
(725, 482, 482, '1956-06-11 10:43:44'),
(726, 653, 653, '1968-02-28 04:17:37'),
(727, 514, 514, '1978-11-29 02:43:00'),
(728, 755, 755, '1961-03-12 10:12:41'),
(729, 460, 460, '1994-05-28 03:16:44'),
(730, 971, 971, '1988-11-28 17:05:48'),
(731, 663, 663, '1963-08-15 18:21:21'),
(732, 431, 431, '1986-09-01 05:38:04'),
(733, 114, 114, '1986-03-22 21:22:32'),
(734, 82, 82, '1962-04-25 20:24:06'),
(735, 645, 645, '1974-07-15 22:03:56'),
(736, 883, 883, '1985-11-30 20:41:29'),
(737, 397, 397, '1954-08-09 06:40:47'),
(738, 972, 972, '1979-08-04 20:46:52'),
(739, 846, 846, '1963-02-28 01:40:46'),
(740, 349, 349, '1953-07-27 04:33:01'),
(741, 193, 193, '1976-06-03 00:24:35'),
(742, 38, 38, '1965-03-27 23:28:33'),
(743, 386, 386, '1971-02-14 22:18:03'),
(744, 143, 143, '1994-12-27 15:15:53'),
(745, 224, 224, '1997-03-20 11:23:11'),
(746, 915, 915, '1991-09-27 02:14:51'),
(747, 563, 563, '1996-05-21 10:48:55'),
(748, 418, 418, '1963-07-13 05:37:58'),
(749, 277, 277, '1994-06-22 05:37:25'),
(750, 243, 243, '1989-01-12 21:51:59'),
(751, 307, 307, '1997-07-04 12:48:24'),
(752, 236, 236, '1991-08-28 02:50:06'),
(753, 454, 454, '1962-11-26 15:02:03'),
(754, 479, 479, '1995-05-06 00:55:23'),
(755, 168, 168, '1957-04-13 00:01:01'),
(756, 839, 839, '1998-10-06 21:47:18'),
(757, 116, 116, '2007-08-02 10:55:12'),
(758, 202, 202, '1996-02-08 07:14:18'),
(759, 740, 740, '1990-08-27 06:08:43'),
(760, 617, 617, '1960-06-05 04:10:12'),
(761, 187, 187, '1977-11-17 00:28:30'),
(762, 782, 782, '1958-10-03 21:34:41'),
(763, 205, 205, '1987-06-23 14:21:23'),
(764, 198, 198, '1994-06-23 07:47:48'),
(765, 268, 268, '2007-10-03 20:53:53'),
(766, 726, 726, '1977-08-09 13:43:05'),
(767, 763, 763, '1956-09-18 00:50:11'),
(768, 468, 468, '1993-10-28 09:57:46'),
(769, 325, 325, '1986-11-22 12:51:42'),
(770, 592, 592, '1980-08-16 10:38:43'),
(771, 711, 711, '1957-01-24 02:00:50'),
(772, 812, 812, '1963-11-21 06:04:52'),
(773, 290, 290, '1968-02-15 18:51:49'),
(774, 805, 805, '1994-11-29 03:48:28'),
(775, 293, 293, '1966-05-18 03:14:03'),
(776, 484, 484, '1989-10-01 20:05:48'),
(777, 511, 511, '1970-11-06 01:15:49'),
(778, 258, 258, '1960-03-01 14:31:15'),
(779, 400, 400, '1969-07-04 18:27:01'),
(780, 587, 587, '1972-09-14 08:28:53'),
(781, 74, 74, '1979-10-08 17:28:42'),
(782, 88, 88, '1968-05-19 21:05:01'),
(783, 495, 495, '1974-09-20 04:35:16'),
(784, 292, 292, '1958-05-16 05:24:45'),
(785, 695, 695, '1999-05-27 04:17:24'),
(786, 434, 434, '1979-12-18 15:31:15'),
(787, 1, 1, '1976-10-06 14:36:01'),
(788, 644, 644, '1998-11-16 20:27:09'),
(789, 934, 934, '1958-01-13 20:23:05'),
(790, 821, 821, '1983-10-09 00:16:37'),
(791, 779, 779, '1986-04-30 09:46:17'),
(792, 226, 226, '1966-06-30 23:26:29'),
(793, 256, 256, '1996-12-07 14:38:08'),
(794, 271, 271, '1955-09-25 21:30:33'),
(795, 197, 197, '1983-09-09 04:04:30'),
(796, 406, 406, '1970-09-01 02:49:53'),
(797, 857, 857, '1985-10-04 09:07:09'),
(798, 212, 212, '1984-08-23 14:30:14'),
(799, 911, 911, '1995-03-25 18:21:59'),
(800, 493, 493, '1972-08-11 21:40:06'),
(801, 141, 141, '1988-01-10 01:24:40'),
(802, 68, 68, '1955-07-26 00:51:09'),
(803, 128, 128, '1984-08-19 16:46:15'),
(804, 683, 683, '1966-11-06 18:58:42'),
(805, 550, 550, '1984-12-20 19:51:08'),
(806, 473, 473, '1986-08-15 06:43:31'),
(807, 965, 965, '1976-07-13 07:58:17'),
(808, 679, 679, '1975-12-28 11:13:34'),
(809, 253, 253, '1981-12-19 21:41:19'),
(810, 690, 690, '1975-07-12 03:55:12'),
(811, 346, 346, '1980-12-01 20:31:28'),
(812, 873, 873, '2000-06-02 20:23:57'),
(813, 796, 796, '1979-08-07 12:47:16'),
(814, 140, 140, '1970-12-13 21:39:50'),
(815, 551, 551, '1988-08-27 10:41:30'),
(816, 46, 46, '1962-07-01 03:23:28'),
(817, 317, 317, '1992-01-13 16:59:25'),
(818, 944, 944, '1982-02-08 08:56:38'),
(819, 509, 509, '2003-01-27 03:30:24'),
(820, 797, 797, '1980-10-17 05:22:38'),
(821, 736, 736, '1953-11-03 23:07:03'),
(822, 135, 135, '1965-11-01 04:23:01'),
(823, 570, 570, '1988-10-15 13:34:40'),
(824, 475, 475, '1956-02-15 12:35:05'),
(825, 842, 842, '2002-04-18 00:52:26'),
(826, 463, 463, '1998-07-26 02:34:21'),
(827, 586, 586, '1974-12-13 15:26:44'),
(828, 8, 8, '1965-05-23 21:21:15'),
(829, 638, 638, '1964-03-22 23:43:57'),
(830, 872, 872, '2003-09-16 00:24:09'),
(831, 658, 658, '1956-12-29 10:58:38'),
(832, 332, 332, '1994-03-14 10:45:35'),
(833, 358, 358, '1972-12-06 20:09:15'),
(834, 898, 898, '2004-11-21 20:46:55'),
(835, 414, 414, '1992-09-04 07:04:13'),
(836, 4, 4, '1977-03-16 16:37:33'),
(837, 966, 966, '1991-09-30 04:18:46'),
(838, 844, 844, '1960-11-14 09:36:33'),
(839, 742, 742, '1981-05-25 09:33:36'),
(840, 204, 204, '1965-10-12 21:33:53'),
(841, 455, 455, '1956-06-07 07:32:58'),
(842, 360, 360, '1953-10-11 03:22:26'),
(843, 389, 389, '1969-11-28 22:45:49'),
(844, 296, 296, '1990-07-04 16:27:52'),
(845, 472, 472, '1955-11-08 03:45:09'),
(846, 892, 892, '1993-11-26 13:22:19'),
(847, 419, 419, '1994-11-23 10:39:12'),
(848, 64, 64, '1978-12-26 16:58:17'),
(849, 729, 729, '1975-01-28 10:49:03'),
(850, 107, 107, '1974-03-12 00:41:02'),
(851, 106, 106, '1986-08-18 09:50:28'),
(852, 923, 923, '1956-08-27 00:10:31'),
(853, 728, 728, '1989-07-27 10:59:50'),
(854, 98, 98, '1967-06-09 12:59:21'),
(855, 788, 788, '1971-10-09 22:33:02'),
(856, 21, 21, '1975-03-11 21:01:38'),
(857, 569, 569, '1974-10-09 11:16:28'),
(858, 656, 656, '1981-07-06 04:11:10'),
(859, 849, 849, '1972-07-20 18:06:16'),
(860, 26, 26, '1994-05-27 17:16:47'),
(861, 921, 921, '1964-09-02 15:16:46'),
(862, 962, 962, '1964-02-21 10:37:01'),
(863, 29, 29, '1964-10-07 11:29:37'),
(864, 368, 368, '1986-04-04 21:17:09'),
(865, 24, 24, '1971-07-14 16:56:34'),
(866, 23, 23, '1994-09-19 09:45:52'),
(867, 571, 571, '1980-06-28 00:14:41'),
(868, 879, 879, '1982-09-14 16:00:20'),
(869, 737, 737, '1986-04-09 14:35:37'),
(870, 543, 543, '1964-06-13 18:03:57'),
(871, 124, 124, '1978-09-30 23:04:42'),
(872, 425, 425, '1984-03-01 07:22:51'),
(873, 245, 245, '1953-09-16 23:23:01'),
(874, 336, 336, '1990-04-17 05:56:30'),
(875, 344, 344, '1977-05-12 21:49:39'),
(876, 391, 391, '1953-01-24 19:44:37'),
(877, 752, 752, '2003-12-03 05:37:11'),
(878, 327, 327, '2006-04-12 21:06:47'),
(879, 16, 16, '1953-04-10 08:49:55'),
(880, 947, 947, '1961-05-23 11:30:06'),
(881, 57, 57, '1956-09-02 15:55:08'),
(882, 524, 524, '2003-12-17 22:28:27'),
(883, 338, 338, '1998-04-25 10:32:11'),
(884, 531, 531, '1998-01-10 23:02:54'),
(885, 770, 770, '1970-01-29 14:33:41'),
(886, 745, 745, '1953-05-05 10:48:06'),
(887, 620, 620, '1957-08-18 23:45:45'),
(888, 274, 274, '1958-07-01 07:09:54'),
(889, 157, 157, '1986-02-13 22:13:53'),
(890, 422, 422, '1970-06-27 10:02:34'),
(891, 471, 471, '1955-06-09 05:21:04'),
(892, 364, 364, '1963-03-28 00:07:35'),
(893, 6, 6, '1996-04-25 15:30:17'),
(894, 725, 725, '1994-12-28 16:16:49'),
(895, 331, 331, '1954-02-10 06:17:06'),
(896, 588, 588, '2000-04-15 20:55:56'),
(897, 335, 335, '1997-01-02 15:52:49'),
(898, 48, 48, '1991-08-26 01:28:40'),
(899, 301, 301, '1971-12-22 23:31:18'),
(900, 528, 528, '1969-02-17 17:59:16'),
(901, 409, 409, '1966-06-01 13:07:38'),
(902, 608, 608, '1965-03-11 18:38:52'),
(903, 404, 404, '2000-09-17 02:22:40'),
(904, 207, 207, '1963-08-17 16:45:06'),
(905, 28, 28, '2003-06-11 01:36:20'),
(906, 741, 741, '1955-06-20 02:27:36'),
(907, 790, 790, '1955-12-12 00:47:30'),
(908, 451, 451, '2007-04-11 05:03:19'),
(909, 850, 850, '1998-01-26 15:09:41'),
(910, 438, 438, '1971-09-16 02:48:25'),
(911, 312, 312, '1979-04-08 15:24:27'),
(912, 309, 309, '1976-06-27 14:09:40'),
(913, 693, 693, '1981-03-28 19:21:14'),
(914, 950, 950, '1964-02-29 06:36:10'),
(915, 989, 989, '1990-09-25 01:21:39'),
(916, 491, 491, '1968-09-15 16:48:19'),
(917, 703, 703, '1973-10-28 00:04:50'),
(918, 641, 641, '1974-09-26 12:26:42'),
(919, 671, 671, '1969-03-07 06:43:28'),
(920, 315, 315, '1971-03-12 06:08:28'),
(921, 457, 457, '1990-02-01 10:00:07'),
(922, 361, 361, '1974-12-29 17:04:46'),
(923, 829, 829, '2004-07-30 17:46:27'),
(924, 362, 362, '1968-10-14 04:33:02'),
(925, 80, 80, '1962-01-06 12:42:52'),
(926, 834, 834, '1968-07-06 22:57:06'),
(927, 564, 564, '1995-11-05 15:52:34'),
(928, 590, 590, '1966-09-19 07:06:12'),
(929, 25, 25, '1989-03-07 23:39:24'),
(930, 867, 867, '1985-01-26 00:53:42'),
(931, 112, 112, '1964-01-22 03:51:48'),
(932, 794, 794, '1965-04-10 04:08:31'),
(933, 79, 79, '1987-04-22 21:35:29'),
(934, 654, 654, '1992-02-20 14:50:39'),
(935, 669, 669, '2002-12-21 22:22:27'),
(936, 591, 591, '1999-06-23 21:16:16'),
(937, 165, 165, '1956-04-01 20:05:46'),
(938, 173, 173, '1987-09-09 17:47:04'),
(939, 582, 582, '2002-08-01 21:26:34'),
(940, 139, 139, '1967-08-13 12:06:04'),
(941, 41, 41, '2005-05-24 10:00:36'),
(942, 250, 250, '1958-05-09 18:42:25'),
(943, 567, 567, '1968-06-03 16:00:13'),
(944, 826, 826, '1967-06-01 19:25:27'),
(945, 208, 208, '1999-03-20 18:38:07'),
(946, 300, 300, '1986-12-11 15:11:24'),
(947, 841, 841, '1989-12-29 04:46:21'),
(948, 164, 164, '1985-02-26 08:54:06'),
(949, 852, 852, '1957-04-05 14:55:10'),
(950, 941, 941, '1993-05-26 13:28:46'),
(951, 936, 936, '1979-06-20 20:51:06'),
(952, 825, 825, '1975-04-10 03:26:06'),
(953, 507, 507, '1975-06-21 18:45:11'),
(954, 977, 977, '1953-10-13 17:22:50'),
(955, 76, 76, '1987-01-16 07:59:08'),
(956, 152, 152, '1999-06-02 20:02:52'),
(957, 869, 869, '1968-08-11 00:52:24'),
(958, 182, 182, '1984-12-04 21:49:38'),
(959, 223, 223, '1954-08-12 04:02:13'),
(960, 375, 375, '1987-12-06 02:39:13'),
(961, 374, 374, '1967-08-14 10:35:02'),
(962, 373, 373, '1997-03-23 17:41:17'),
(963, 607, 607, '1971-02-04 05:23:55'),
(964, 50, 50, '1966-01-01 14:15:58'),
(965, 443, 443, '1960-08-25 22:56:37'),
(966, 718, 718, '1966-12-30 11:15:55'),
(967, 351, 351, '1997-03-06 16:34:10'),
(968, 199, 199, '1997-02-05 04:30:35'),
(969, 585, 585, '1969-03-09 08:13:42'),
(970, 699, 699, '1999-04-03 04:05:22'),
(971, 575, 575, '1965-06-16 20:42:33'),
(972, 750, 750, '1994-02-17 06:17:45'),
(973, 270, 270, '1980-02-24 15:00:08'),
(974, 751, 751, '1954-07-26 18:37:23'),
(975, 423, 423, '1973-10-17 20:07:51'),
(976, 417, 417, '1984-09-25 15:17:42'),
(977, 973, 973, '1959-07-29 01:04:33'),
(978, 191, 191, '1990-03-01 22:20:59'),
(979, 388, 388, '1977-07-26 09:54:54'),
(980, 959, 959, '1983-01-25 21:31:28'),
(981, 289, 289, '1986-07-08 18:10:45'),
(982, 688, 688, '1963-09-10 06:58:27'),
(983, 917, 917, '1962-06-16 16:11:02'),
(984, 411, 411, '2003-10-12 10:10:37'),
(985, 984, 984, '1958-08-09 04:02:36'),
(986, 704, 704, '1996-10-13 00:25:41'),
(987, 676, 676, '1997-10-19 09:23:19'),
(988, 314, 314, '1986-07-11 04:12:39'),
(989, 868, 868, '1958-02-05 06:51:30'),
(990, 810, 810, '1956-07-22 02:19:35'),
(991, 888, 888, '1983-11-13 20:23:51'),
(992, 108, 108, '1979-04-27 22:16:08'),
(993, 625, 625, '1986-01-29 13:44:51'),
(994, 749, 749, '1967-08-28 18:47:20'),
(995, 995, 995, '2007-12-30 01:31:02'),
(996, 884, 884, '1961-03-03 16:19:18'),
(997, 964, 964, '1995-04-04 13:18:30'),
(998, 772, 772, '1955-06-04 01:44:14'),
(999, 655, 655, '1959-10-07 20:28:50'),
(1000, 875, 875, '1985-03-22 07:22:11');